2026-02-12 07:56:12.406 | INFO     | aivc_trade.strategy.sizing:compute_qty:66 - Sizing: qty=0.19, notional=9500.00, risk=3.80%, equity=10000.00
2026-02-12 07:56:12.415 | INFO     | aivc_trade.strategy.sizing:compute_qty:66 - Sizing: qty=0.19, notional=9500.00, risk=0.02%, equity=10000.00
2026-02-12 07:56:12.423 | WARNING  | aivc_trade.strategy.sizing:compute_qty:47 - stop_dist <= 0 – cannot size
2026-02-12 07:56:12.558 | INFO     | aivc_trade.execution.position_manager:check_exit:71 - EXIT STOP_LOSS: BTCUSDC close=47500.00 stop=48000.00
2026-02-12 07:56:12.579 | DEBUG    | aivc_trade.execution.position_manager:update_stop:40 - Trail updated: BTCUSDC trail=49500.00 (close=52000.00)
2026-02-12 07:56:12.580 | INFO     | aivc_trade.execution.position_manager:check_exit:71 - EXIT TRAILING_STOP: BTCUSDC close=49499.00 stop=49500.00
2026-02-12 07:56:12.588 | INFO     | aivc_trade.execution.position_manager:check_exit:94 - EXIT REGIME: BTCUSDC regime=CHAOS
2026-02-12 07:56:12.596 | INFO     | aivc_trade.execution.position_manager:check_exit:86 - EXIT TIMEOUT: BTCUSDC held 49.0h, MFE=500.00
2026-02-12 07:56:12.639 | ERROR    | aivc_trade.strategy.risk:record_api_error:67 - API error streak = 5 → HALT
2026-02-12 07:56:12.666 | DEBUG    | aivc_trade.ops.persistence:save:29 - State saved → /tmp/tmp7pxb7fos/state.json
2026-02-12 07:56:12.668 | INFO     | aivc_trade.ops.persistence:load:33 - No state file found – starting fresh
2026-02-12 07:56:13.405 | INFO     | aivc_trade.backtest.simulator:run:243 - Backtest done: 0 trades, final equity=10000.00
2026-02-12 07:56:13.443 | DEBUG    | aivc_trade.data.candles_store:save:30 - Saved 50 rows → /tmp/tmp2rlneu24/BTCUSDC/1h.parquet
2026-02-12 07:56:13.465 | DEBUG    | aivc_trade.data.candles_store:load:37 - Loaded 50 rows ← /tmp/tmp2rlneu24/BTCUSDC/1h.parquet
2026-02-12 07:56:13.469 | DEBUG    | aivc_trade.data.candles_store:save:30 - Saved 50 rows → /tmp/tmpuo_3wktd/BTCUSDC/1h.parquet
2026-02-12 07:56:13.471 | DEBUG    | aivc_trade.data.candles_store:load:37 - Loaded 50 rows ← /tmp/tmpuo_3wktd/BTCUSDC/1h.parquet
2026-02-12 07:56:13.473 | DEBUG    | aivc_trade.data.candles_store:save:30 - Saved 50 rows → /tmp/tmpuo_3wktd/BTCUSDC/1h.parquet
2026-02-12 07:56:53.837 | INFO     | aivc_trade.strategy.sizing:compute_qty:66 - Sizing: qty=0.19, notional=9500.00, risk=3.80%, equity=10000.00
2026-02-12 07:56:53.845 | INFO     | aivc_trade.strategy.sizing:compute_qty:66 - Sizing: qty=0.19, notional=9500.00, risk=0.02%, equity=10000.00
2026-02-12 07:56:53.853 | WARNING  | aivc_trade.strategy.sizing:compute_qty:47 - stop_dist <= 0 – cannot size
2026-02-12 07:56:53.883 | INFO     | aivc_trade.execution.position_manager:check_exit:71 - EXIT STOP_LOSS: BTCUSDC close=47500.00 stop=48000.00
2026-02-12 07:56:53.897 | DEBUG    | aivc_trade.execution.position_manager:update_stop:40 - Trail updated: BTCUSDC trail=49500.00 (close=52000.00)
2026-02-12 07:56:53.898 | INFO     | aivc_trade.execution.position_manager:check_exit:71 - EXIT TRAILING_STOP: BTCUSDC close=49499.00 stop=49500.00
2026-02-12 07:56:53.906 | INFO     | aivc_trade.execution.position_manager:check_exit:94 - EXIT REGIME: BTCUSDC regime=CHAOS
2026-02-12 07:56:53.915 | INFO     | aivc_trade.execution.position_manager:check_exit:86 - EXIT TIMEOUT: BTCUSDC held 49.0h, MFE=500.00
2026-02-12 07:56:53.932 | WARNING  | aivc_trade.strategy.risk:check_equity:44 - CIRCUIT BREAKER: 24h loss -16.00% → halt until 2024-01-03 12:00:00+00:00
2026-02-12 07:56:53.947 | ERROR    | aivc_trade.strategy.risk:record_api_error:67 - API error streak = 5 → HALT
2026-02-12 07:56:53.971 | DEBUG    | aivc_trade.ops.persistence:save:29 - State saved → /tmp/tmpd9ny6y1d/state.json
2026-02-12 07:56:53.973 | INFO     | aivc_trade.ops.persistence:load:33 - No state file found – starting fresh
2026-02-12 07:56:54.688 | INFO     | aivc_trade.backtest.simulator:run:243 - Backtest done: 0 trades, final equity=10000.00
2026-02-12 07:56:54.706 | DEBUG    | aivc_trade.data.candles_store:save:30 - Saved 50 rows → /tmp/tmpca1ghx69/BTCUSDC/1h.parquet
2026-02-12 07:56:54.715 | DEBUG    | aivc_trade.data.candles_store:load:37 - Loaded 50 rows ← /tmp/tmpca1ghx69/BTCUSDC/1h.parquet
2026-02-12 07:56:54.718 | DEBUG    | aivc_trade.data.candles_store:save:30 - Saved 50 rows → /tmp/tmpnvcf6sbf/BTCUSDC/1h.parquet
2026-02-12 07:56:54.720 | DEBUG    | aivc_trade.data.candles_store:load:37 - Loaded 50 rows ← /tmp/tmpnvcf6sbf/BTCUSDC/1h.parquet
2026-02-12 07:56:54.722 | DEBUG    | aivc_trade.data.candles_store:save:30 - Saved 50 rows → /tmp/tmpnvcf6sbf/BTCUSDC/1h.parquet
2026-02-12 08:22:07.429 | INFO     | __main__:main:114 - ==================================================
2026-02-12 08:22:07.432 | INFO     | __main__:main:115 - AIVC Trade – Phase A Backtest
2026-02-12 08:22:07.432 | INFO     | __main__:main:116 - Period: 2023-01-01 → 2025-12-31
2026-02-12 08:22:07.432 | INFO     | __main__:main:117 - Initial equity: 10000.0
2026-02-12 08:22:07.432 | INFO     | __main__:main:118 - ==================================================
2026-02-12 08:22:07.438 | INFO     | __main__:_ensure_data:66 - Downloading 1h data for BTCUSDC...
2026-02-12 08:22:14.305 | DEBUG    | aivc_trade.data.candles_store:save:30 - Saved 24594 rows → data/candles/BTCUSDC/1h.parquet
2026-02-12 08:22:14.309 | INFO     | __main__:_ensure_data:89 - Downloading 5m data for BTCUSDC...
2026-02-12 08:23:14.444 | DEBUG    | aivc_trade.data.candles_store:save:30 - Saved 295107 rows → data/candles/BTCUSDC/5m.parquet
2026-02-12 08:23:14.448 | INFO     | __main__:_ensure_data:66 - Downloading 1h data for ETHUSDC...
2026-02-12 08:23:20.242 | DEBUG    | aivc_trade.data.candles_store:save:30 - Saved 24594 rows → data/candles/ETHUSDC/1h.parquet
2026-02-12 08:23:20.246 | INFO     | __main__:_ensure_data:89 - Downloading 5m data for ETHUSDC...
2026-02-12 08:24:20.605 | DEBUG    | aivc_trade.data.candles_store:save:30 - Saved 295107 rows → data/candles/ETHUSDC/5m.parquet
2026-02-12 08:26:35.169 | INFO     | aivc_trade.backtest.simulator:run:243 - Backtest done: 0 trades, final equity=10000.00
2026-02-12 08:28:02.673 | INFO     | __main__:main:114 - ==================================================
2026-02-12 08:28:02.675 | INFO     | __main__:main:115 - AIVC Trade – Phase A Backtest
2026-02-12 08:28:02.675 | INFO     | __main__:main:116 - Period: 2023-01-01 → 2025-12-31
2026-02-12 08:28:02.675 | INFO     | __main__:main:117 - Initial equity: 10000.0
2026-02-12 08:28:02.675 | INFO     | __main__:main:118 - ==================================================
2026-02-12 08:28:02.725 | DEBUG    | aivc_trade.data.candles_store:load:37 - Loaded 24594 rows ← data/candles/BTCUSDC/1h.parquet
2026-02-12 08:28:02.732 | INFO     | __main__:_ensure_data:60 - Downloading 1h data for BTCUSDC...
2026-02-12 08:28:07.816 | DEBUG    | aivc_trade.data.candles_store:save:30 - Saved 24594 rows → data/candles/BTCUSDC/1h.parquet
2026-02-12 08:28:07.880 | DEBUG    | aivc_trade.data.candles_store:load:37 - Loaded 295107 rows ← data/candles/BTCUSDC/5m.parquet
2026-02-12 08:28:07.886 | INFO     | __main__:_ensure_data:83 - Downloading 5m data for BTCUSDC...
2026-02-12 08:29:09.088 | DEBUG    | aivc_trade.data.candles_store:save:30 - Saved 295107 rows → data/candles/BTCUSDC/5m.parquet
2026-02-12 08:29:09.101 | DEBUG    | aivc_trade.data.candles_store:load:37 - Loaded 24594 rows ← data/candles/ETHUSDC/1h.parquet
2026-02-12 08:29:09.105 | INFO     | __main__:_ensure_data:60 - Downloading 1h data for ETHUSDC...
2026-02-12 08:29:13.918 | DEBUG    | aivc_trade.data.candles_store:save:30 - Saved 24594 rows → data/candles/ETHUSDC/1h.parquet
2026-02-12 08:29:13.973 | DEBUG    | aivc_trade.data.candles_store:load:37 - Loaded 295107 rows ← data/candles/ETHUSDC/5m.parquet
2026-02-12 08:29:13.978 | INFO     | __main__:_ensure_data:83 - Downloading 5m data for ETHUSDC...
2026-02-12 08:30:15.534 | DEBUG    | aivc_trade.data.candles_store:save:30 - Saved 295107 rows → data/candles/ETHUSDC/5m.parquet
2026-02-12 08:32:30.041 | INFO     | aivc_trade.backtest.simulator:run:243 - Backtest done: 0 trades, final equity=10000.00
2026-02-12 08:32:30.064 | INFO     | __main__:main:175 - Equity curve saved → data/backtest_results/equity_curve.parquet
2026-02-12 08:37:53.128 | DEBUG    | aivc_trade.data.candles_store:load:37 - Loaded 24594 rows ← data/candles/BTCUSDC/1h.parquet
2026-02-12 08:37:53.414 | DEBUG    | aivc_trade.data.candles_store:load:37 - Loaded 24594 rows ← data/candles/ETHUSDC/1h.parquet
2026-02-12 08:38:39.754 | DEBUG    | aivc_trade.data.candles_store:load:37 - Loaded 24594 rows ← data/candles/BTCUSDC/1h.parquet
2026-02-12 08:38:57.855 | INFO     | __main__:main:114 - ==================================================
2026-02-12 08:38:57.857 | INFO     | __main__:main:115 - AIVC Trade – Phase A Backtest
2026-02-12 08:38:57.857 | INFO     | __main__:main:116 - Period: 2023-01-01 → 2025-12-31
2026-02-12 08:38:57.858 | INFO     | __main__:main:117 - Initial equity: 10000.0
2026-02-12 08:38:57.858 | INFO     | __main__:main:118 - ==================================================
2026-02-12 08:38:57.883 | DEBUG    | aivc_trade.data.candles_store:load:37 - Loaded 24594 rows ← data/candles/BTCUSDC/1h.parquet
2026-02-12 08:38:57.889 | INFO     | __main__:_ensure_data:60 - Downloading 1h data for BTCUSDC...
2026-02-12 08:39:03.015 | DEBUG    | aivc_trade.data.candles_store:save:30 - Saved 24594 rows → data/candles/BTCUSDC/1h.parquet
2026-02-12 08:39:03.081 | DEBUG    | aivc_trade.data.candles_store:load:37 - Loaded 295107 rows ← data/candles/BTCUSDC/5m.parquet
2026-02-12 08:39:03.086 | INFO     | __main__:_ensure_data:83 - Downloading 5m data for BTCUSDC...
2026-02-12 08:40:04.988 | DEBUG    | aivc_trade.data.candles_store:save:30 - Saved 295107 rows → data/candles/BTCUSDC/5m.parquet
2026-02-12 08:40:05.002 | DEBUG    | aivc_trade.data.candles_store:load:37 - Loaded 24594 rows ← data/candles/ETHUSDC/1h.parquet
2026-02-12 08:40:05.006 | INFO     | __main__:_ensure_data:60 - Downloading 1h data for ETHUSDC...
2026-02-12 08:40:11.598 | DEBUG    | aivc_trade.data.candles_store:save:30 - Saved 24594 rows → data/candles/ETHUSDC/1h.parquet
2026-02-12 08:40:11.651 | DEBUG    | aivc_trade.data.candles_store:load:37 - Loaded 295107 rows ← data/candles/ETHUSDC/5m.parquet
2026-02-12 08:40:11.665 | INFO     | __main__:_ensure_data:83 - Downloading 5m data for ETHUSDC...
2026-02-12 08:41:09.965 | DEBUG    | aivc_trade.data.candles_store:save:30 - Saved 295107 rows → data/candles/ETHUSDC/5m.parquet
2026-02-12 08:41:11.323 | INFO     | aivc_trade.strategy.signal:generate_signals:179 - Signal: BTCUSDC score=0.1363 entry=28456.81 stop=28163.86
2026-02-12 08:41:11.325 | INFO     | aivc_trade.strategy.sizing:compute_qty:66 - Sizing: qty=0.33366, notional=9499.96, risk=1.03%, equity=10000.00
2026-02-12 08:41:11.364 | DEBUG    | aivc_trade.execution.position_manager:update_stop:40 - Trail updated: BTCUSDC trail=28538.34 (close=29053.98)
2026-02-12 08:41:11.367 | DEBUG    | aivc_trade.execution.position_manager:update_stop:40 - Trail updated: BTCUSDC trail=28635.23 (close=29173.78)
2026-02-12 08:41:11.369 | DEBUG    | aivc_trade.execution.position_manager:update_stop:40 - Trail updated: BTCUSDC trail=28758.90 (close=29282.07)
2026-02-12 08:41:11.377 | DEBUG    | aivc_trade.execution.position_manager:update_stop:40 - Trail updated: BTCUSDC trail=28992.39 (close=29613.76)
2026-02-12 08:41:11.380 | DEBUG    | aivc_trade.execution.position_manager:update_stop:40 - Trail updated: BTCUSDC trail=29062.64 (close=29657.37)
2026-02-12 08:41:11.383 | DEBUG    | aivc_trade.execution.position_manager:update_stop:40 - Trail updated: BTCUSDC trail=29303.60 (close=29951.34)
2026-02-12 08:41:11.385 | DEBUG    | aivc_trade.execution.position_manager:update_stop:40 - Trail updated: BTCUSDC trail=29471.46 (close=30217.61)
2026-02-12 08:41:11.385 | INFO     | aivc_trade.execution.position_manager:check_exit:94 - EXIT REGIME: BTCUSDC regime=CHAOS
2026-02-12 08:41:11.393 | DEBUG    | aivc_trade.strategy.signal:generate_signals:140 - BTCUSDC in cooldown until 2023-04-11 07:00:00+00:00
2026-02-12 08:41:11.395 | DEBUG    | aivc_trade.strategy.signal:generate_signals:140 - BTCUSDC in cooldown until 2023-04-11 07:00:00+00:00
2026-02-12 08:41:11.398 | DEBUG    | aivc_trade.strategy.signal:generate_signals:140 - BTCUSDC in cooldown until 2023-04-11 07:00:00+00:00
2026-02-12 08:41:11.505 | INFO     | aivc_trade.strategy.signal:generate_signals:179 - Signal: BTCUSDC score=-0.0146 entry=30469.16 stop=30088.92
2026-02-12 08:41:11.507 | INFO     | aivc_trade.strategy.sizing:compute_qty:66 - Sizing: qty=0.32905, notional=10026.77, risk=1.19%, equity=10554.60
2026-02-12 08:41:11.527 | DEBUG    | aivc_trade.execution.position_manager:update_stop:40 - Trail updated: BTCUSDC trail=30301.78 (close=30772.51)
2026-02-12 08:41:11.529 | DEBUG    | aivc_trade.execution.position_manager:update_stop:40 - Trail updated: BTCUSDC trail=30321.82 (close=30804.33)
2026-02-12 08:41:11.537 | DEBUG    | aivc_trade.execution.position_manager:update_stop:40 - Trail updated: BTCUSDC trail=30382.70 (close=30828.07)
2026-02-12 08:41:11.540 | DEBUG    | aivc_trade.execution.position_manager:update_stop:40 - Trail updated: BTCUSDC trail=30489.84 (close=30975.80)
2026-02-12 08:41:11.558 | INFO     | aivc_trade.execution.position_manager:check_exit:71 - EXIT TRAILING_STOP: BTCUSDC close=30266.69 stop=30489.84
2026-02-12 08:41:12.606 | INFO     | aivc_trade.strategy.signal:generate_signals:179 - Signal: BTCUSDC score=0.0189 entry=29704.54 stop=29236.67
2026-02-12 08:41:12.608 | INFO     | aivc_trade.strategy.sizing:compute_qty:66 - Sizing: qty=0.33440000000000003, notional=9932.06, risk=1.49%, equity=10455.11
2026-02-12 08:41:12.633 | INFO     | aivc_trade.execution.position_manager:check_exit:71 - EXIT STOP_LOSS: BTCUSDC close=29128.63 stop=29236.67
2026-02-12 08:41:14.835 | INFO     | aivc_trade.strategy.signal:generate_signals:179 - Signal: BTCUSDC score=0.2305 entry=27343.97 stop=27020.69
2026-02-12 08:41:14.837 | INFO     | aivc_trade.strategy.sizing:compute_qty:66 - Sizing: qty=0.35538000000000003, notional=9719.58, risk=1.14%, equity=10231.37
2026-02-12 08:41:14.861 | DEBUG    | aivc_trade.execution.position_manager:update_stop:40 - Trail updated: BTCUSDC trail=27118.29 (close=27512.41)
2026-02-12 08:41:14.876 | INFO     | aivc_trade.execution.position_manager:check_exit:94 - EXIT REGIME: BTCUSDC regime=CHAOS
2026-02-12 08:41:15.249 | INFO     | aivc_trade.strategy.signal:generate_signals:179 - Signal: ETHUSDC score=-0.0433 entry=1834.25 stop=1814.01
2026-02-12 08:41:15.250 | INFO     | aivc_trade.strategy.sizing:compute_qty:66 - Sizing: qty=5.248200000000001, notional=9630.97, risk=1.09%, equity=10137.96
2026-02-12 08:41:15.255 | DEBUG    | aivc_trade.execution.position_manager:update_stop:40 - Trail updated: ETHUSDC trail=1834.77 (close=1866.27)
2026-02-12 08:41:15.280 | DEBUG    | aivc_trade.execution.position_manager:update_stop:40 - Trail updated: ETHUSDC trail=1836.38 (close=1857.36)
2026-02-12 08:41:15.306 | INFO     | aivc_trade.execution.position_manager:check_exit:71 - EXIT TRAILING_STOP: ETHUSDC close=1822.17 stop=1836.38
2026-02-12 08:41:15.510 | INFO     | aivc_trade.strategy.signal:generate_signals:179 - Signal: BTCUSDC score=0.0540 entry=27081.97 stop=26828.62
2026-02-12 08:41:15.510 | INFO     | aivc_trade.strategy.signal:generate_signals:179 - Signal: ETHUSDC score=0.0051 entry=1850.18 stop=1831.89
2026-02-12 08:41:15.512 | INFO     | aivc_trade.strategy.sizing:compute_qty:66 - Sizing: qty=0.3522, notional=9539.28, risk=0.90%, equity=10041.57
2026-02-12 08:41:15.529 | DEBUG    | aivc_trade.execution.position_manager:update_stop:40 - Trail updated: BTCUSDC trail=27003.05 (close=27229.87)
2026-02-12 08:41:15.537 | DEBUG    | aivc_trade.execution.position_manager:update_stop:40 - Trail updated: BTCUSDC trail=27004.81 (close=27212.30)
2026-02-12 08:41:15.549 | DEBUG    | aivc_trade.execution.position_manager:update_stop:40 - Trail updated: BTCUSDC trail=27046.34 (close=27274.04)
2026-02-12 08:41:15.555 | DEBUG    | aivc_trade.execution.position_manager:update_stop:40 - Trail updated: BTCUSDC trail=27080.47 (close=27352.87)
2026-02-12 08:41:15.558 | DEBUG    | aivc_trade.execution.position_manager:update_stop:40 - Trail updated: BTCUSDC trail=27219.13 (close=27598.74)
2026-02-12 08:41:15.565 | DEBUG    | aivc_trade.execution.position_manager:update_stop:40 - Trail updated: BTCUSDC trail=27394.27 (close=27843.01)
2026-02-12 08:41:15.568 | DEBUG    | aivc_trade.execution.position_manager:update_stop:40 - Trail updated: BTCUSDC trail=27584.81 (close=28092.05)
2026-02-12 08:41:15.568 | INFO     | aivc_trade.execution.position_manager:check_exit:94 - EXIT REGIME: BTCUSDC regime=CHAOS
2026-02-12 08:41:17.018 | INFO     | aivc_trade.strategy.signal:generate_signals:179 - Signal: ETHUSDC score=-0.0005 entry=1920.92 stop=1892.64
2026-02-12 08:41:17.020 | INFO     | aivc_trade.strategy.sizing:compute_qty:66 - Sizing: qty=5.125900000000001, notional=9849.21, risk=1.42%, equity=10367.66
2026-02-12 08:41:17.038 | INFO     | aivc_trade.execution.position_manager:check_exit:71 - EXIT STOP_LOSS: ETHUSDC close=1890.09 stop=1892.64
2026-02-12 08:41:17.040 | DEBUG    | aivc_trade.strategy.signal:generate_signals:140 - ETHUSDC in cooldown until 2023-06-25 20:00:00+00:00
2026-02-12 08:41:17.484 | INFO     | aivc_trade.strategy.signal:generate_signals:179 - Signal: BTCUSDC score=0.0956 entry=31215.95 stop=30838.77
2026-02-12 08:41:17.486 | INFO     | aivc_trade.strategy.sizing:compute_qty:66 - Sizing: qty=0.3098, notional=9667.47, risk=1.12%, equity=10176.53
2026-02-12 08:41:17.555 | INFO     | aivc_trade.execution.position_manager:check_exit:71 - EXIT STOP_LOSS: BTCUSDC close=30708.03 stop=30838.77
2026-02-12 08:41:17.878 | INFO     | aivc_trade.strategy.signal:generate_signals:179 - Signal: BTCUSDC score=0.0544 entry=30521.10 stop=30215.38
2026-02-12 08:41:17.879 | INFO     | aivc_trade.strategy.sizing:compute_qty:66 - Sizing: qty=0.31087000000000004, notional=9492.51, risk=1.00%, equity=9992.38
2026-02-12 08:41:17.883 | DEBUG    | aivc_trade.execution.position_manager:update_stop:40 - Trail updated: BTCUSDC trail=30419.71 (close=30835.43)
2026-02-12 08:41:17.888 | INFO     | aivc_trade.execution.position_manager:check_exit:71 - EXIT TRAILING_STOP: BTCUSDC close=30302.92 stop=30419.71
2026-02-12 08:41:17.890 | DEBUG    | aivc_trade.strategy.signal:generate_signals:140 - BTCUSDC in cooldown until 2023-07-11 03:00:00+00:00
2026-02-12 08:41:17.893 | DEBUG    | aivc_trade.strategy.signal:generate_signals:140 - BTCUSDC in cooldown until 2023-07-11 03:00:00+00:00
2026-02-12 08:41:17.895 | DEBUG    | aivc_trade.strategy.signal:generate_signals:140 - BTCUSDC in cooldown until 2023-07-11 03:00:00+00:00
2026-02-12 08:41:17.898 | DEBUG    | aivc_trade.strategy.signal:generate_signals:140 - BTCUSDC in cooldown until 2023-07-11 03:00:00+00:00
2026-02-12 08:41:17.901 | DEBUG    | aivc_trade.strategy.signal:generate_signals:140 - BTCUSDC in cooldown until 2023-07-11 03:00:00+00:00
2026-02-12 08:41:18.058 | INFO     | aivc_trade.strategy.signal:generate_signals:179 - Signal: BTCUSDC score=-0.2017 entry=30917.60 stop=30487.85
2026-02-12 08:41:18.060 | INFO     | aivc_trade.strategy.sizing:compute_qty:66 - Sizing: qty=0.3037, notional=9391.94, risk=1.34%, equity=9886.45
2026-02-12 08:41:18.067 | DEBUG    | aivc_trade.execution.position_manager:update_stop:40 - Trail updated: BTCUSDC trail=30616.62 (close=31280.82)
2026-02-12 08:41:18.067 | INFO     | aivc_trade.execution.position_manager:check_exit:94 - EXIT REGIME: BTCUSDC regime=CHAOS
2026-02-12 08:41:19.538 | INFO     | aivc_trade.strategy.signal:generate_signals:179 - Signal: BTCUSDC score=0.0713 entry=29401.89 stop=29186.31
2026-02-12 08:41:19.540 | INFO     | aivc_trade.strategy.sizing:compute_qty:66 - Sizing: qty=0.32187000000000004, notional=9463.59, risk=0.70%, equity=9961.77
2026-02-12 08:41:19.542 | DEBUG    | aivc_trade.execution.position_manager:update_stop:40 - Trail updated: BTCUSDC trail=29257.75 (close=29550.26)
2026-02-12 08:41:19.553 | DEBUG    | aivc_trade.execution.position_manager:update_stop:40 - Trail updated: BTCUSDC trail=29306.84 (close=29732.52)
2026-02-12 08:41:19.555 | DEBUG    | aivc_trade.execution.position_manager:update_stop:40 - Trail updated: BTCUSDC trail=29357.96 (close=29786.81)
2026-02-12 08:41:19.559 | DEBUG    | aivc_trade.execution.position_manager:update_stop:40 - Trail updated: BTCUSDC trail=29398.24 (close=29831.68)
2026-02-12 08:41:19.561 | DEBUG    | aivc_trade.execution.position_manager:update_stop:40 - Trail updated: BTCUSDC trail=29454.82 (close=29867.22)
2026-02-12 08:41:19.564 | DEBUG    | aivc_trade.execution.position_manager:update_stop:40 - Trail updated: BTCUSDC trail=29561.46 (close=29976.10)
2026-02-12 08:41:19.567 | INFO     | aivc_trade.execution.position_manager:check_exit:94 - EXIT REGIME: BTCUSDC regime=CHAOS
2026-02-12 08:41:19.573 | DEBUG    | aivc_trade.strategy.signal:generate_signals:140 - BTCUSDC in cooldown until 2023-08-09 03:00:00+00:00
2026-02-12 08:41:19.576 | DEBUG    | aivc_trade.strategy.signal:generate_signals:140 - BTCUSDC in cooldown until 2023-08-09 03:00:00+00:00
2026-02-12 08:41:19.579 | DEBUG    | aivc_trade.strategy.signal:generate_signals:140 - BTCUSDC in cooldown until 2023-08-09 03:00:00+00:00
2026-02-12 08:41:19.581 | DEBUG    | aivc_trade.strategy.signal:generate_signals:140 - BTCUSDC in cooldown until 2023-08-09 03:00:00+00:00
2026-02-12 08:41:20.408 | INFO     | aivc_trade.strategy.signal:generate_signals:179 - Signal: BTCUSDC score=-0.0052 entry=26389.18 stop=26023.19
2026-02-12 08:41:20.410 | INFO     | aivc_trade.strategy.sizing:compute_qty:66 - Sizing: qty=0.36281, notional=9573.75, risk=1.31%, equity=10077.73
2026-02-12 08:41:20.418 | DEBUG    | aivc_trade.execution.position_manager:update_stop:40 - Trail updated: BTCUSDC trail=26139.28 (close=26628.02)
2026-02-12 08:41:20.465 | INFO     | aivc_trade.execution.position_manager:check_exit:71 - EXIT TRAILING_STOP: BTCUSDC close=26106.31 stop=26139.28
2026-02-12 08:41:21.316 | INFO     | aivc_trade.strategy.signal:generate_signals:179 - Signal: BTCUSDC score=0.0806 entry=25988.39 stop=25731.76
2026-02-12 08:41:21.318 | INFO     | aivc_trade.strategy.sizing:compute_qty:66 - Sizing: qty=0.36310000000000003, notional=9444.08, risk=1.01%, equity=9941.38
2026-02-12 08:41:21.321 | DEBUG    | aivc_trade.execution.position_manager:update_stop:40 - Trail updated: BTCUSDC trail=25731.15 (close=26137.59)
2026-02-12 08:41:21.324 | DEBUG    | aivc_trade.execution.position_manager:update_stop:40 - Trail updated: BTCUSDC trail=25872.32 (close=26318.25)
2026-02-12 08:41:21.329 | DEBUG    | aivc_trade.execution.position_manager:update_stop:40 - Trail updated: BTCUSDC trail=25882.51 (close=26354.26)
2026-02-12 08:41:21.340 | DEBUG    | aivc_trade.execution.position_manager:update_stop:40 - Trail updated: BTCUSDC trail=25951.87 (close=26333.92)
2026-02-12 08:41:21.355 | INFO     | aivc_trade.execution.position_manager:check_exit:71 - EXIT TRAILING_STOP: BTCUSDC close=25820.30 stop=25951.87
2026-02-12 08:41:21.689 | INFO     | aivc_trade.strategy.signal:generate_signals:179 - Signal: BTCUSDC score=-0.0654 entry=26518.41 stop=26163.03
2026-02-12 08:41:21.691 | INFO     | aivc_trade.strategy.sizing:compute_qty:66 - Sizing: qty=0.35266000000000003, notional=9351.56, risk=1.27%, equity=9843.93
2026-02-12 08:41:21.726 | DEBUG    | aivc_trade.execution.position_manager:update_stop:40 - Trail updated: BTCUSDC trail=26314.11 (close=26732.33)
2026-02-12 08:41:21.781 | INFO     | aivc_trade.execution.position_manager:check_exit:94 - EXIT REGIME: BTCUSDC regime=CHAOS
2026-02-12 08:41:21.961 | INFO     | aivc_trade.strategy.signal:generate_signals:179 - Signal: BTCUSDC score=0.1675 entry=26881.76 stop=26629.85
2026-02-12 08:41:21.962 | INFO     | aivc_trade.strategy.signal:generate_signals:179 - Signal: ETHUSDC score=0.1684 entry=1638.36 stop=1621.49
2026-02-12 08:41:21.963 | INFO     | aivc_trade.strategy.sizing:compute_qty:66 - Sizing: qty=5.660200000000001, notional=9273.95, risk=0.98%, equity=9762.20
2026-02-12 08:41:21.966 | DEBUG    | aivc_trade.execution.position_manager:update_stop:40 - Trail updated: ETHUSDC trail=1627.07 (close=1648.33)
2026-02-12 08:41:21.969 | DEBUG    | aivc_trade.execution.position_manager:update_stop:40 - Trail updated: ETHUSDC trail=1633.41 (close=1655.04)
2026-02-12 08:41:21.972 | DEBUG    | aivc_trade.execution.position_manager:update_stop:40 - Trail updated: ETHUSDC trail=1640.69 (close=1665.64)
2026-02-12 08:41:21.985 | INFO     | aivc_trade.execution.position_manager:check_exit:71 - EXIT TRAILING_STOP: ETHUSDC close=1638.56 stop=1640.69
2026-02-12 08:41:21.987 | DEBUG    | aivc_trade.strategy.signal:generate_signals:140 - ETHUSDC in cooldown until 2023-09-18 23:00:00+00:00
2026-02-12 08:41:21.989 | DEBUG    | aivc_trade.strategy.signal:generate_signals:140 - ETHUSDC in cooldown until 2023-09-18 23:00:00+00:00
2026-02-12 08:41:21.993 | DEBUG    | aivc_trade.strategy.signal:generate_signals:140 - ETHUSDC in cooldown until 2023-09-18 23:00:00+00:00
2026-02-12 08:41:22.578 | INFO     | aivc_trade.strategy.signal:generate_signals:179 - Signal: ETHUSDC score=-0.1351 entry=1630.29 stop=1611.54
2026-02-12 08:41:22.579 | INFO     | aivc_trade.strategy.sizing:compute_qty:66 - Sizing: qty=5.6729, notional=9247.68, risk=1.08%, equity=9734.49
2026-02-12 08:41:22.590 | DEBUG    | aivc_trade.execution.position_manager:update_stop:40 - Trail updated: ETHUSDC trail=1612.79 (close=1638.83)
2026-02-12 08:41:22.593 | DEBUG    | aivc_trade.execution.position_manager:update_stop:40 - Trail updated: ETHUSDC trail=1622.08 (close=1650.49)
2026-02-12 08:41:22.596 | DEBUG    | aivc_trade.execution.position_manager:update_stop:40 - Trail updated: ETHUSDC trail=1623.03 (close=1654.49)
2026-02-12 08:41:22.597 | INFO     | aivc_trade.execution.position_manager:check_exit:94 - EXIT REGIME: ETHUSDC regime=CHAOS
2026-02-12 08:41:23.009 | INFO     | aivc_trade.strategy.signal:generate_signals:179 - Signal: BTCUSDC score=0.1319 entry=28005.47 stop=27724.64
2026-02-12 08:41:23.011 | INFO     | aivc_trade.strategy.sizing:compute_qty:66 - Sizing: qty=0.33422, notional=9359.58, risk=0.95%, equity=9852.43
2026-02-12 08:41:23.016 | INFO     | aivc_trade.execution.position_manager:check_exit:71 - EXIT STOP_LOSS: BTCUSDC close=27563.90 stop=27724.64
2026-02-12 08:41:23.665 | INFO     | aivc_trade.strategy.signal:generate_signals:179 - Signal: BTCUSDC score=0.1978 entry=27206.29 stop=27021.12
2026-02-12 08:41:23.666 | INFO     | aivc_trade.strategy.sizing:compute_qty:66 - Sizing: qty=0.33790000000000003, notional=9192.63, risk=0.64%, equity=9676.70
2026-02-12 08:41:23.692 | DEBUG    | aivc_trade.execution.position_manager:update_stop:40 - Trail updated: BTCUSDC trail=27456.56 (close=27916.60)
2026-02-12 08:41:23.692 | INFO     | aivc_trade.execution.position_manager:check_exit:94 - EXIT REGIME: BTCUSDC regime=CHAOS
2026-02-12 08:41:23.703 | DEBUG    | aivc_trade.strategy.signal:generate_signals:140 - BTCUSDC in cooldown until 2023-10-16 11:00:00+00:00
2026-02-12 08:41:23.707 | DEBUG    | aivc_trade.strategy.signal:generate_signals:140 - BTCUSDC in cooldown until 2023-10-16 11:00:00+00:00
2026-02-12 08:41:23.710 | DEBUG    | aivc_trade.strategy.signal:generate_signals:140 - BTCUSDC in cooldown until 2023-10-16 11:00:00+00:00
2026-02-12 08:41:23.827 | INFO     | aivc_trade.strategy.signal:generate_signals:179 - Signal: BTCUSDC score=-0.0612 entry=28724.15 stop=28314.20
2026-02-12 08:41:23.828 | INFO     | aivc_trade.strategy.sizing:compute_qty:66 - Sizing: qty=0.32673, notional=9397.04, risk=1.48%, equity=9891.65
2026-02-12 08:41:23.843 | INFO     | aivc_trade.execution.position_manager:check_exit:71 - EXIT STOP_LOSS: BTCUSDC close=28271.09 stop=28314.20
2026-02-12 08:41:23.845 | DEBUG    | aivc_trade.strategy.signal:generate_signals:140 - BTCUSDC in cooldown until 2023-10-18 15:00:00+00:00
2026-02-12 08:41:24.053 | INFO     | aivc_trade.strategy.signal:generate_signals:179 - Signal: BTCUSDC score=0.2744 entry=29899.47 stop=29633.87
2026-02-12 08:41:24.055 | INFO     | aivc_trade.strategy.sizing:compute_qty:66 - Sizing: qty=0.30849000000000004, notional=9220.62, risk=0.81%, equity=9705.92
2026-02-12 08:41:24.065 | DEBUG    | aivc_trade.execution.position_manager:update_stop:40 - Trail updated: BTCUSDC trail=29777.64 (close=30161.35)
2026-02-12 08:41:24.140 | INFO     | aivc_trade.execution.position_manager:check_exit:71 - EXIT TRAILING_STOP: BTCUSDC close=29771.56 stop=29777.64
2026-02-12 08:41:24.153 | DEBUG    | aivc_trade.strategy.signal:generate_signals:140 - BTCUSDC in cooldown until 2023-10-23 03:00:00+00:00
2026-02-12 08:41:24.156 | DEBUG    | aivc_trade.strategy.signal:generate_signals:140 - BTCUSDC in cooldown until 2023-10-23 03:00:00+00:00
2026-02-12 08:41:24.320 | INFO     | aivc_trade.strategy.signal:generate_signals:179 - Signal: BTCUSDC score=-0.0149 entry=34495.81 stop=33746.14
2026-02-12 08:41:24.322 | INFO     | aivc_trade.strategy.sizing:compute_qty:66 - Sizing: qty=0.26548000000000005, notional=9157.38, risk=2.06%, equity=9639.61
2026-02-12 08:41:24.328 | DEBUG    | aivc_trade.execution.position_manager:update_stop:40 - Trail updated: BTCUSDC trail=33950.58 (close=34852.47)
2026-02-12 08:41:24.399 | INFO     | aivc_trade.execution.position_manager:check_exit:71 - EXIT TRAILING_STOP: BTCUSDC close=33767.74 stop=33950.58
2026-02-12 08:41:25.026 | INFO     | aivc_trade.strategy.signal:generate_signals:179 - Signal: BTCUSDC score=0.2389 entry=35281.50 stop=34919.27
2026-02-12 08:41:25.028 | INFO     | aivc_trade.strategy.sizing:compute_qty:66 - Sizing: qty=0.25338, notional=8946.25, risk=1.04%, equity=9417.40
2026-02-12 08:41:25.058 | INFO     | aivc_trade.execution.position_manager:check_exit:71 - EXIT STOP_LOSS: BTCUSDC close=34857.90 stop=34919.27
2026-02-12 08:41:25.273 | INFO     | aivc_trade.strategy.signal:generate_signals:179 - Signal: BTCUSDC score=0.1053 entry=35594.76 stop=35159.22
2026-02-12 08:41:25.274 | INFO     | aivc_trade.strategy.sizing:compute_qty:66 - Sizing: qty=0.24752000000000002, notional=8811.41, risk=1.17%, equity=9275.31
2026-02-12 08:41:25.291 | DEBUG    | aivc_trade.execution.position_manager:update_stop:40 - Trail updated: BTCUSDC trail=35097.38 (close=35863.46)
2026-02-12 08:41:25.295 | DEBUG    | aivc_trade.execution.position_manager:update_stop:40 - Trail updated: BTCUSDC trail=35165.80 (close=35935.31)
2026-02-12 08:41:25.298 | DEBUG    | aivc_trade.execution.position_manager:update_stop:40 - Trail updated: BTCUSDC trail=35443.39 (close=36363.46)
2026-02-12 08:41:25.298 | INFO     | aivc_trade.execution.position_manager:check_exit:94 - EXIT REGIME: BTCUSDC regime=CHAOS
2026-02-12 08:41:25.307 | DEBUG    | aivc_trade.strategy.signal:generate_signals:140 - BTCUSDC in cooldown until 2023-11-09 08:00:00+00:00
2026-02-12 08:41:25.310 | DEBUG    | aivc_trade.strategy.signal:generate_signals:140 - BTCUSDC in cooldown until 2023-11-09 08:00:00+00:00
2026-02-12 08:41:25.313 | DEBUG    | aivc_trade.strategy.signal:generate_signals:140 - BTCUSDC in cooldown until 2023-11-09 08:00:00+00:00
2026-02-12 08:41:25.406 | INFO     | aivc_trade.strategy.signal:generate_signals:179 - Signal: BTCUSDC score=-0.1270 entry=37388.10 stop=36719.36
2026-02-12 08:41:25.407 | INFO     | aivc_trade.strategy.sizing:compute_qty:66 - Sizing: qty=0.23988, notional=8968.62, risk=1.70%, equity=9440.98
2026-02-12 08:41:25.541 | INFO     | aivc_trade.execution.position_manager:check_exit:86 - EXIT TIMEOUT: BTCUSDC held 48.0h, MFE=0.00
2026-02-12 08:41:26.057 | INFO     | aivc_trade.strategy.signal:generate_signals:179 - Signal: ETHUSDC score=0.2674 entry=2019.95 stop=1990.33
2026-02-12 08:41:26.059 | INFO     | aivc_trade.strategy.sizing:compute_qty:66 - Sizing: qty=4.3991, notional=8884.77, risk=1.38%, equity=9352.59
2026-02-12 08:41:26.064 | DEBUG    | aivc_trade.execution.position_manager:update_stop:40 - Trail updated: ETHUSDC trail=2001.25 (close=2037.80)
2026-02-12 08:41:26.068 | DEBUG    | aivc_trade.execution.position_manager:update_stop:40 - Trail updated: ETHUSDC trail=2002.66 (close=2037.97)
2026-02-12 08:41:26.090 | INFO     | aivc_trade.execution.position_manager:check_exit:94 - EXIT REGIME: ETHUSDC regime=CHAOS
2026-02-12 08:41:26.095 | DEBUG    | aivc_trade.strategy.signal:generate_signals:140 - ETHUSDC in cooldown until 2023-11-21 00:00:00+00:00
2026-02-12 08:41:26.098 | DEBUG    | aivc_trade.strategy.signal:generate_signals:140 - ETHUSDC in cooldown until 2023-11-21 00:00:00+00:00
2026-02-12 08:41:26.101 | DEBUG    | aivc_trade.strategy.signal:generate_signals:140 - ETHUSDC in cooldown until 2023-11-21 00:00:00+00:00
2026-02-12 08:41:26.104 | DEBUG    | aivc_trade.strategy.signal:generate_signals:140 - ETHUSDC in cooldown until 2023-11-21 00:00:00+00:00
2026-02-12 08:41:26.107 | DEBUG    | aivc_trade.strategy.signal:generate_signals:140 - ETHUSDC in cooldown until 2023-11-21 00:00:00+00:00
2026-02-12 08:41:26.208 | INFO     | aivc_trade.strategy.signal:generate_signals:179 - Signal: ETHUSDC score=0.0672 entry=2030.49 stop=1993.04
2026-02-12 08:41:26.210 | INFO     | aivc_trade.strategy.sizing:compute_qty:66 - Sizing: qty=4.4141, notional=8969.32, risk=1.82%, equity=9441.59
2026-02-12 08:41:26.225 | DEBUG    | aivc_trade.execution.position_manager:update_stop:40 - Trail updated: ETHUSDC trail=2013.90 (close=2062.19)
2026-02-12 08:41:26.229 | DEBUG    | aivc_trade.execution.position_manager:update_stop:40 - Trail updated: ETHUSDC trail=2027.09 (close=2077.12)
2026-02-12 08:41:26.232 | DEBUG    | aivc_trade.execution.position_manager:update_stop:40 - Trail updated: ETHUSDC trail=2029.33 (close=2075.59)
2026-02-12 08:41:26.235 | DEBUG    | aivc_trade.execution.position_manager:update_stop:40 - Trail updated: ETHUSDC trail=2034.48 (close=2081.70)
2026-02-12 08:41:26.264 | DEBUG    | aivc_trade.execution.position_manager:update_stop:40 - Trail updated: ETHUSDC trail=2036.06 (close=2066.19)
2026-02-12 08:41:26.268 | DEBUG    | aivc_trade.execution.position_manager:update_stop:40 - Trail updated: ETHUSDC trail=2049.26 (close=2081.72)
2026-02-12 08:41:26.271 | DEBUG    | aivc_trade.execution.position_manager:update_stop:40 - Trail updated: ETHUSDC trail=2055.83 (close=2088.10)
2026-02-12 08:41:26.283 | INFO     | aivc_trade.execution.position_manager:check_exit:71 - EXIT TRAILING_STOP: ETHUSDC close=2054.01 stop=2055.83
2026-02-12 08:41:26.284 | DEBUG    | aivc_trade.strategy.signal:generate_signals:140 - ETHUSDC in cooldown until 2023-11-23 19:00:00+00:00
2026-02-12 08:41:26.287 | DEBUG    | aivc_trade.strategy.signal:generate_signals:140 - ETHUSDC in cooldown until 2023-11-23 19:00:00+00:00
2026-02-12 08:41:26.991 | INFO     | aivc_trade.strategy.signal:generate_signals:179 - Signal: ETHUSDC score=0.3278 entry=2183.98 stop=2159.48
2026-02-12 08:41:26.992 | INFO     | aivc_trade.strategy.sizing:compute_qty:66 - Sizing: qty=4.133500000000001, notional=9029.26, risk=1.08%, equity=9504.64
2026-02-12 08:41:26.996 | DEBUG    | aivc_trade.execution.position_manager:update_stop:40 - Trail updated: ETHUSDC trail=2169.76 (close=2205.61)
2026-02-12 08:41:27.006 | DEBUG    | aivc_trade.execution.position_manager:update_stop:40 - Trail updated: ETHUSDC trail=2171.84 (close=2214.88)
2026-02-12 08:41:27.010 | DEBUG    | aivc_trade.execution.position_manager:update_stop:40 - Trail updated: ETHUSDC trail=2172.45 (close=2213.34)
2026-02-12 08:41:27.014 | DEBUG    | aivc_trade.execution.position_manager:update_stop:40 - Trail updated: ETHUSDC trail=2173.03 (close=2211.25)
2026-02-12 08:41:27.017 | DEBUG    | aivc_trade.execution.position_manager:update_stop:40 - Trail updated: ETHUSDC trail=2186.83 (close=2225.07)
2026-02-12 08:41:27.020 | DEBUG    | aivc_trade.execution.position_manager:update_stop:40 - Trail updated: ETHUSDC trail=2202.64 (close=2246.61)
2026-02-12 08:41:27.030 | DEBUG    | aivc_trade.execution.position_manager:update_stop:40 - Trail updated: ETHUSDC trail=2211.16 (close=2256.15)
2026-02-12 08:41:27.036 | INFO     | aivc_trade.execution.position_manager:check_exit:94 - EXIT REGIME: ETHUSDC regime=CHAOS
2026-02-12 08:41:28.629 | INFO     | aivc_trade.strategy.signal:generate_signals:179 - Signal: BTCUSDC score=-0.0312 entry=43484.71 stop=42846.46
2026-02-12 08:41:28.631 | INFO     | aivc_trade.strategy.sizing:compute_qty:66 - Sizing: qty=0.21402000000000002, notional=9304.31, risk=1.37%, equity=9794.24
2026-02-12 08:41:28.669 | INFO     | aivc_trade.execution.position_manager:check_exit:94 - EXIT REGIME: BTCUSDC regime=CHAOS
2026-02-12 08:41:30.954 | INFO     | aivc_trade.strategy.signal:generate_signals:179 - Signal: BTCUSDC score=0.1601 entry=43440.49 stop=42827.47
2026-02-12 08:41:30.955 | INFO     | aivc_trade.strategy.sizing:compute_qty:66 - Sizing: qty=0.21109000000000003, notional=9169.85, risk=1.34%, equity=9652.82
2026-02-12 08:41:31.028 | INFO     | aivc_trade.execution.position_manager:check_exit:94 - EXIT REGIME: BTCUSDC regime=CHAOS
2026-02-12 08:41:31.425 | INFO     | aivc_trade.strategy.signal:generate_signals:179 - Signal: BTCUSDC score=0.1962 entry=43394.98 stop=42916.23
2026-02-12 08:41:31.427 | INFO     | aivc_trade.strategy.sizing:compute_qty:66 - Sizing: qty=0.20837000000000003, notional=9044.36, risk=1.07%, equity=9520.69
2026-02-12 08:41:31.433 | INFO     | aivc_trade.execution.position_manager:check_exit:71 - EXIT STOP_LOSS: BTCUSDC close=42595.43 stop=42916.23
2026-02-12 08:41:31.434 | DEBUG    | aivc_trade.strategy.signal:generate_signals:140 - BTCUSDC in cooldown until 2024-02-05 21:00:00+00:00
2026-02-12 08:41:31.437 | DEBUG    | aivc_trade.strategy.signal:generate_signals:140 - BTCUSDC in cooldown until 2024-02-05 21:00:00+00:00
2026-02-12 08:41:31.804 | INFO     | aivc_trade.strategy.signal:generate_signals:179 - Signal: BTCUSDC score=0.1872 entry=47545.76 stop=47051.30
2026-02-12 08:41:31.805 | INFO     | aivc_trade.strategy.sizing:compute_qty:66 - Sizing: qty=0.18632, notional=8858.69, risk=0.99%, equity=9325.17
2026-02-12 08:41:31.808 | DEBUG    | aivc_trade.execution.position_manager:update_stop:40 - Trail updated: BTCUSDC trail=47162.32 (close=47883.45)
2026-02-12 08:41:31.812 | DEBUG    | aivc_trade.execution.position_manager:update_stop:40 - Trail updated: BTCUSDC trail=47196.01 (close=47943.14)
2026-02-12 08:41:31.830 | DEBUG    | aivc_trade.execution.position_manager:update_stop:40 - Trail updated: BTCUSDC trail=47721.12 (close=48531.14)
2026-02-12 08:41:31.853 | DEBUG    | aivc_trade.execution.position_manager:update_stop:40 - Trail updated: BTCUSDC trail=47764.47 (close=48429.82)
2026-02-12 08:41:31.892 | DEBUG    | aivc_trade.execution.position_manager:update_stop:40 - Trail updated: BTCUSDC trail=47879.65 (close=48617.82)
2026-02-12 08:41:31.922 | INFO     | aivc_trade.execution.position_manager:check_exit:71 - EXIT TRAILING_STOP: BTCUSDC close=47875.20 stop=47879.65
2026-02-12 08:41:32.153 | INFO     | aivc_trade.strategy.signal:generate_signals:179 - Signal: BTCUSDC score=0.0667 entry=52650.20 stop=51757.36
2026-02-12 08:41:32.154 | INFO     | aivc_trade.strategy.sizing:compute_qty:66 - Sizing: qty=0.16890000000000002, notional=8891.57, risk=1.60%, equity=9359.93
2026-02-12 08:41:32.172 | INFO     | aivc_trade.execution.position_manager:check_exit:71 - EXIT STOP_LOSS: BTCUSDC close=51738.08 stop=51757.36
2026-02-12 08:41:32.907 | INFO     | aivc_trade.strategy.signal:generate_signals:179 - Signal: ETHUSDC score=0.3319 entry=3081.64 stop=3032.05
2026-02-12 08:41:32.908 | INFO     | aivc_trade.strategy.sizing:compute_qty:66 - Sizing: qty=2.8298, notional=8720.26, risk=1.53%, equity=9179.49
2026-02-12 08:41:32.914 | DEBUG    | aivc_trade.execution.position_manager:update_stop:40 - Trail updated: ETHUSDC trail=3046.36 (close=3109.32)
2026-02-12 08:41:32.921 | DEBUG    | aivc_trade.execution.position_manager:update_stop:40 - Trail updated: ETHUSDC trail=3055.08 (close=3112.60)
2026-02-12 08:41:32.940 | DEBUG    | aivc_trade.execution.position_manager:update_stop:40 - Trail updated: ETHUSDC trail=3055.47 (close=3106.89)
2026-02-12 08:41:32.943 | DEBUG    | aivc_trade.execution.position_manager:update_stop:40 - Trail updated: ETHUSDC trail=3063.23 (close=3113.13)
2026-02-12 08:41:32.954 | INFO     | aivc_trade.execution.position_manager:check_exit:71 - EXIT TRAILING_STOP: ETHUSDC close=3041.23 stop=3063.23
2026-02-12 08:41:33.439 | INFO     | aivc_trade.strategy.signal:generate_signals:179 - Signal: BTCUSDC score=0.1165 entry=63457.95 stop=62149.56
2026-02-12 08:41:33.441 | INFO     | aivc_trade.strategy.sizing:compute_qty:66 - Sizing: qty=0.13525, notional=8586.14, risk=2.00%, equity=9038.13
2026-02-12 08:41:33.466 | DEBUG    | aivc_trade.execution.position_manager:update_stop:40 - Trail updated: BTCUSDC trail=62693.89 (close=64106.00)
2026-02-12 08:41:33.469 | DEBUG    | aivc_trade.execution.position_manager:update_stop:40 - Trail updated: BTCUSDC trail=63549.25 (close=65279.99)
2026-02-12 08:41:33.479 | DEBUG    | aivc_trade.execution.position_manager:update_stop:40 - Trail updated: BTCUSDC trail=63610.54 (close=65273.67)
2026-02-12 08:41:33.490 | DEBUG    | aivc_trade.execution.position_manager:update_stop:40 - Trail updated: BTCUSDC trail=64291.17 (close=66248.01)
2026-02-12 08:41:33.493 | DEBUG    | aivc_trade.execution.position_manager:update_stop:40 - Trail updated: BTCUSDC trail=64563.87 (close=66511.77)
2026-02-12 08:41:33.497 | DEBUG    | aivc_trade.execution.position_manager:update_stop:40 - Trail updated: BTCUSDC trail=64658.18 (close=66597.97)
2026-02-12 08:41:33.501 | DEBUG    | aivc_trade.execution.position_manager:update_stop:40 - Trail updated: BTCUSDC trail=64792.98 (close=66925.46)
2026-02-12 08:41:33.507 | DEBUG    | aivc_trade.execution.position_manager:update_stop:40 - Trail updated: BTCUSDC trail=65197.96 (close=67468.01)
2026-02-12 08:41:33.511 | DEBUG    | aivc_trade.execution.position_manager:update_stop:40 - Trail updated: BTCUSDC trail=65334.75 (close=67539.49)
2026-02-12 08:41:33.517 | DEBUG    | aivc_trade.execution.position_manager:update_stop:40 - Trail updated: BTCUSDC trail=65857.73 (close=68006.13)
2026-02-12 08:41:33.521 | DEBUG    | aivc_trade.execution.position_manager:update_stop:40 - Trail updated: BTCUSDC trail=66110.09 (close=68336.87)
2026-02-12 08:41:33.528 | DEBUG    | aivc_trade.execution.position_manager:update_stop:40 - Trail updated: BTCUSDC trail=66515.19 (close=68634.00)
2026-02-12 08:41:33.547 | INFO     | aivc_trade.execution.position_manager:check_exit:71 - EXIT TRAILING_STOP: BTCUSDC close=66204.00 stop=66515.19
2026-02-12 08:41:33.549 | DEBUG    | aivc_trade.strategy.signal:generate_signals:140 - BTCUSDC in cooldown until 2024-03-05 13:00:00+00:00
2026-02-12 08:41:33.553 | DEBUG    | aivc_trade.strategy.signal:generate_signals:140 - BTCUSDC in cooldown until 2024-03-05 13:00:00+00:00
2026-02-12 08:41:37.871 | INFO     | aivc_trade.strategy.signal:generate_signals:179 - Signal: ETHUSDC score=0.3141 entry=3342.69 stop=3287.92
2026-02-12 08:41:37.873 | INFO     | aivc_trade.strategy.sizing:compute_qty:66 - Sizing: qty=2.6652, notional=8909.44, risk=1.56%, equity=9378.36
2026-02-12 08:41:37.890 | INFO     | aivc_trade.execution.position_manager:check_exit:71 - EXIT STOP_LOSS: ETHUSDC close=3262.60 stop=3287.92
2026-02-12 08:41:37.892 | DEBUG    | aivc_trade.strategy.signal:generate_signals:140 - ETHUSDC in cooldown until 2024-04-29 05:00:00+00:00
2026-02-12 08:41:39.231 | INFO     | aivc_trade.strategy.signal:generate_signals:179 - Signal: BTCUSDC score=0.2346 entry=62650.00 stop=61818.38
2026-02-12 08:41:39.233 | INFO     | aivc_trade.strategy.sizing:compute_qty:66 - Sizing: qty=0.13854000000000002, notional=8679.53, risk=1.26%, equity=9136.96
2026-02-12 08:41:39.244 | DEBUG    | aivc_trade.execution.position_manager:update_stop:40 - Trail updated: BTCUSDC trail=62230.40 (close=63753.73)
2026-02-12 08:41:39.247 | DEBUG    | aivc_trade.execution.position_manager:update_stop:40 - Trail updated: BTCUSDC trail=62452.97 (close=64147.99)
2026-02-12 08:41:39.247 | INFO     | aivc_trade.execution.position_manager:check_exit:94 - EXIT REGIME: BTCUSDC regime=CHAOS
2026-02-12 08:41:39.252 | DEBUG    | aivc_trade.strategy.signal:generate_signals:140 - BTCUSDC in cooldown until 2024-05-15 19:00:00+00:00
2026-02-12 08:41:39.256 | DEBUG    | aivc_trade.strategy.signal:generate_signals:140 - BTCUSDC in cooldown until 2024-05-15 19:00:00+00:00
2026-02-12 08:41:39.260 | DEBUG    | aivc_trade.strategy.signal:generate_signals:140 - BTCUSDC in cooldown until 2024-05-15 19:00:00+00:00
2026-02-12 08:41:39.264 | DEBUG    | aivc_trade.strategy.signal:generate_signals:140 - BTCUSDC in cooldown until 2024-05-15 19:00:00+00:00
2026-02-12 08:41:39.268 | DEBUG    | aivc_trade.strategy.signal:generate_signals:140 - BTCUSDC in cooldown until 2024-05-15 19:00:00+00:00
2026-02-12 08:41:39.885 | INFO     | aivc_trade.strategy.signal:generate_signals:179 - Signal: ETHUSDC score=0.0408 entry=3811.80 stop=3729.05
2026-02-12 08:41:39.886 | INFO     | aivc_trade.strategy.sizing:compute_qty:66 - Sizing: qty=2.3225000000000002, notional=8853.16, risk=2.06%, equity=9319.25
2026-02-12 08:41:39.903 | DEBUG    | aivc_trade.execution.position_manager:update_stop:40 - Trail updated: ETHUSDC trail=3801.46 (close=3916.85)
2026-02-12 08:41:39.910 | INFO     | aivc_trade.execution.position_manager:check_exit:71 - EXIT TRAILING_STOP: ETHUSDC close=3781.60 stop=3801.46
2026-02-12 08:41:40.785 | INFO     | aivc_trade.strategy.signal:generate_signals:179 - Signal: BTCUSDC score=0.0450 entry=68999.99 stop=68182.43
2026-02-12 08:41:40.786 | INFO     | aivc_trade.strategy.sizing:compute_qty:66 - Sizing: qty=0.12688000000000002, notional=8754.72, risk=1.13%, equity=9215.97
2026-02-12 08:41:40.807 | DEBUG    | aivc_trade.execution.position_manager:update_stop:40 - Trail updated: BTCUSDC trail=68708.52 (close=69734.01)
2026-02-12 08:41:40.817 | INFO     | aivc_trade.execution.position_manager:check_exit:94 - EXIT REGIME: BTCUSDC regime=CHAOS
2026-02-12 08:41:40.828 | DEBUG    | aivc_trade.strategy.signal:generate_signals:140 - BTCUSDC in cooldown until 2024-06-03 21:00:00+00:00
2026-02-12 08:41:40.833 | DEBUG    | aivc_trade.strategy.signal:generate_signals:140 - BTCUSDC in cooldown until 2024-06-03 21:00:00+00:00
2026-02-12 08:41:40.837 | DEBUG    | aivc_trade.strategy.signal:generate_signals:140 - BTCUSDC in cooldown until 2024-06-03 21:00:00+00:00
2026-02-12 08:41:41.910 | INFO     | aivc_trade.strategy.signal:generate_signals:179 - Signal: ETHUSDC score=0.2137 entry=3626.40 stop=3578.22
2026-02-12 08:41:41.911 | INFO     | aivc_trade.strategy.sizing:compute_qty:66 - Sizing: qty=2.4273000000000002, notional=8802.36, risk=1.26%, equity=9265.90
2026-02-12 08:41:41.937 | INFO     | aivc_trade.execution.position_manager:check_exit:71 - EXIT STOP_LOSS: ETHUSDC close=3571.30 stop=3578.22
2026-02-12 08:41:42.200 | INFO     | aivc_trade.strategy.signal:generate_signals:179 - Signal: ETHUSDC score=0.2459 entry=3605.77 stop=3550.22
2026-02-12 08:41:42.202 | INFO     | aivc_trade.strategy.sizing:compute_qty:66 - Sizing: qty=2.3999, notional=8655.46, risk=1.48%, equity=9111.04
2026-02-12 08:41:42.223 | INFO     | aivc_trade.execution.position_manager:check_exit:71 - EXIT STOP_LOSS: ETHUSDC close=3530.60 stop=3550.22
2026-02-12 08:41:43.064 | INFO     | aivc_trade.strategy.signal:generate_signals:179 - Signal: BTCUSDC score=0.2665 entry=61963.96 stop=61396.40
2026-02-12 08:41:43.066 | INFO     | aivc_trade.strategy.sizing:compute_qty:66 - Sizing: qty=0.1365, notional=8457.54, risk=0.86%, equity=8902.76
2026-02-12 08:41:43.080 | DEBUG    | aivc_trade.execution.position_manager:update_stop:40 - Trail updated: BTCUSDC trail=61892.13 (close=62806.01)
2026-02-12 08:41:43.088 | DEBUG    | aivc_trade.execution.position_manager:update_stop:40 - Trail updated: BTCUSDC trail=61957.96 (close=62850.01)
2026-02-12 08:41:43.092 | DEBUG    | aivc_trade.execution.position_manager:update_stop:40 - Trail updated: BTCUSDC trail=62506.91 (close=63558.00)
2026-02-12 08:41:43.109 | DEBUG    | aivc_trade.execution.position_manager:update_stop:40 - Trail updated: BTCUSDC trail=62520.52 (close=63353.97)
2026-02-12 08:41:43.150 | DEBUG    | aivc_trade.execution.position_manager:update_stop:40 - Trail updated: BTCUSDC trail=62675.42 (close=63627.99)
2026-02-12 08:41:43.203 | INFO     | aivc_trade.execution.position_manager:check_exit:71 - EXIT TRAILING_STOP: BTCUSDC close=62549.68 stop=62675.42
2026-02-12 08:41:50.988 | INFO     | aivc_trade.strategy.signal:generate_signals:179 - Signal: BTCUSDC score=0.1992 entry=55692.32 stop=54841.68
2026-02-12 08:41:50.990 | INFO     | aivc_trade.strategy.sizing:compute_qty:66 - Sizing: qty=0.15280000000000002, notional=8509.44, risk=1.45%, equity=8957.76
2026-02-12 08:41:50.994 | INFO     | aivc_trade.execution.position_manager:check_exit:71 - EXIT STOP_LOSS: BTCUSDC close=54838.01 stop=54841.68
2026-02-12 08:41:50.995 | DEBUG    | aivc_trade.strategy.signal:generate_signals:140 - BTCUSDC in cooldown until 2024-09-09 20:00:00+00:00
2026-02-12 08:41:50.999 | DEBUG    | aivc_trade.strategy.signal:generate_signals:140 - BTCUSDC in cooldown until 2024-09-09 20:00:00+00:00
2026-02-12 08:41:51.003 | DEBUG    | aivc_trade.strategy.signal:generate_signals:140 - BTCUSDC in cooldown until 2024-09-09 20:00:00+00:00
2026-02-12 08:41:51.007 | DEBUG    | aivc_trade.strategy.signal:generate_signals:140 - BTCUSDC in cooldown until 2024-09-09 20:00:00+00:00
2026-02-12 08:41:51.011 | DEBUG    | aivc_trade.strategy.signal:generate_signals:140 - BTCUSDC in cooldown until 2024-09-09 20:00:00+00:00
2026-02-12 08:41:51.016 | DEBUG    | aivc_trade.strategy.signal:generate_signals:140 - BTCUSDC in cooldown until 2024-09-09 20:00:00+00:00
2026-02-12 08:41:52.535 | INFO     | aivc_trade.strategy.signal:generate_signals:179 - Signal: BTCUSDC score=0.1811 entry=64393.99 stop=63618.47
2026-02-12 08:41:52.537 | INFO     | aivc_trade.strategy.sizing:compute_qty:66 - Sizing: qty=0.12985000000000002, notional=8361.82, risk=1.15%, equity=8802.24
2026-02-12 08:41:52.556 | DEBUG    | aivc_trade.execution.position_manager:update_stop:40 - Trail updated: BTCUSDC trail=63931.92 (close=65246.63)
2026-02-12 08:41:52.560 | DEBUG    | aivc_trade.execution.position_manager:update_stop:40 - Trail updated: BTCUSDC trail=64054.53 (close=65352.85)
2026-02-12 08:41:52.592 | DEBUG    | aivc_trade.execution.position_manager:update_stop:40 - Trail updated: BTCUSDC trail=64143.67 (close=65266.00)
2026-02-12 08:41:52.603 | DEBUG    | aivc_trade.execution.position_manager:update_stop:40 - Trail updated: BTCUSDC trail=64243.77 (close=65370.01)
2026-02-12 08:41:52.608 | DEBUG    | aivc_trade.execution.position_manager:update_stop:40 - Trail updated: BTCUSDC trail=64278.26 (close=65316.00)
2026-02-12 08:41:52.612 | DEBUG    | aivc_trade.execution.position_manager:update_stop:40 - Trail updated: BTCUSDC trail=64372.02 (close=65366.00)
2026-02-12 08:41:52.616 | DEBUG    | aivc_trade.execution.position_manager:update_stop:40 - Trail updated: BTCUSDC trail=64394.88 (close=65354.57)
2026-02-12 08:41:52.621 | DEBUG    | aivc_trade.execution.position_manager:update_stop:40 - Trail updated: BTCUSDC trail=64560.80 (close=65492.02)
2026-02-12 08:41:52.625 | DEBUG    | aivc_trade.execution.position_manager:update_stop:40 - Trail updated: BTCUSDC trail=64825.57 (close=65753.96)
2026-02-12 08:41:52.629 | DEBUG    | aivc_trade.execution.position_manager:update_stop:40 - Trail updated: BTCUSDC trail=64851.93 (close=65763.16)
2026-02-12 08:41:52.648 | DEBUG    | aivc_trade.execution.position_manager:update_stop:40 - Trail updated: BTCUSDC trail=65133.71 (close=66272.88)
2026-02-12 08:41:52.657 | DEBUG    | aivc_trade.execution.position_manager:update_stop:40 - Trail updated: BTCUSDC trail=65185.57 (close=66322.94)
2026-02-12 08:41:52.691 | DEBUG    | aivc_trade.execution.position_manager:update_stop:40 - Trail updated: BTCUSDC trail=65222.31 (close=66003.29)
2026-02-12 08:41:52.695 | DEBUG    | aivc_trade.execution.position_manager:update_stop:40 - Trail updated: BTCUSDC trail=65409.10 (close=66182.01)
2026-02-12 08:41:52.852 | DEBUG    | aivc_trade.execution.position_manager:update_stop:40 - Trail updated: BTCUSDC trail=65539.70 (close=65974.00)
2026-02-12 08:41:52.876 | INFO     | aivc_trade.execution.position_manager:check_exit:71 - EXIT TRAILING_STOP: BTCUSDC close=65476.02 stop=65539.70
2026-02-12 08:41:53.314 | INFO     | aivc_trade.strategy.signal:generate_signals:179 - Signal: BTCUSDC score=-0.1259 entry=62245.09 stop=61142.99
2026-02-12 08:41:53.315 | INFO     | aivc_trade.strategy.sizing:compute_qty:66 - Sizing: qty=0.13609000000000002, notional=8471.10, risk=1.68%, equity=8917.44
2026-02-12 08:41:53.495 | INFO     | aivc_trade.execution.position_manager:check_exit:86 - EXIT TIMEOUT: BTCUSDC held 48.0h, MFE=466.71
2026-02-12 08:41:53.969 | INFO     | aivc_trade.strategy.signal:generate_signals:179 - Signal: ETHUSDC score=0.2151 entry=2459.79 stop=2422.23
2026-02-12 08:41:53.970 | INFO     | aivc_trade.strategy.sizing:compute_qty:66 - Sizing: qty=3.4528000000000003, notional=8493.06, risk=1.45%, equity=8940.09
2026-02-12 08:41:54.084 | DEBUG    | aivc_trade.execution.position_manager:update_stop:40 - Trail updated: ETHUSDC trail=2451.87 (close=2479.34)
2026-02-12 08:41:54.090 | DEBUG    | aivc_trade.execution.position_manager:update_stop:40 - Trail updated: ETHUSDC trail=2459.37 (close=2488.00)
2026-02-12 08:41:54.114 | INFO     | aivc_trade.execution.position_manager:check_exit:71 - EXIT TRAILING_STOP: ETHUSDC close=2457.70 stop=2459.37
2026-02-12 08:41:54.453 | INFO     | aivc_trade.strategy.signal:generate_signals:179 - Signal: BTCUSDC score=-0.0145 entry=67887.63 stop=66777.67
2026-02-12 08:41:54.454 | INFO     | aivc_trade.strategy.sizing:compute_qty:66 - Sizing: qty=0.12464000000000001, notional=8461.52, risk=1.55%, equity=8907.09
2026-02-12 08:41:54.645 | INFO     | aivc_trade.execution.position_manager:check_exit:86 - EXIT TIMEOUT: BTCUSDC held 48.0h, MFE=202.34
2026-02-12 08:41:54.646 | DEBUG    | aivc_trade.strategy.signal:generate_signals:140 - BTCUSDC in cooldown until 2024-10-18 17:00:00+00:00
2026-02-12 08:41:54.654 | DEBUG    | aivc_trade.strategy.signal:generate_signals:140 - BTCUSDC in cooldown until 2024-10-18 17:00:00+00:00
2026-02-12 08:41:54.659 | DEBUG    | aivc_trade.strategy.signal:generate_signals:140 - BTCUSDC in cooldown until 2024-10-18 17:00:00+00:00
2026-02-12 08:41:54.664 | DEBUG    | aivc_trade.strategy.signal:generate_signals:140 - BTCUSDC in cooldown until 2024-10-18 17:00:00+00:00
2026-02-12 08:41:54.668 | DEBUG    | aivc_trade.strategy.signal:generate_signals:140 - BTCUSDC in cooldown until 2024-10-18 17:00:00+00:00
2026-02-12 08:41:54.676 | INFO     | aivc_trade.strategy.signal:generate_signals:179 - Signal: ETHUSDC score=-0.0025 entry=2663.78 stop=2616.79
2026-02-12 08:41:54.677 | INFO     | aivc_trade.strategy.sizing:compute_qty:66 - Sizing: qty=3.1579, notional=8413.28, risk=1.69%, equity=8856.31
2026-02-12 08:41:54.844 | DEBUG    | aivc_trade.execution.position_manager:update_stop:40 - Trail updated: ETHUSDC trail=2669.98 (close=2710.19)
2026-02-12 08:41:54.869 | DEBUG    | aivc_trade.execution.position_manager:update_stop:40 - Trail updated: ETHUSDC trail=2670.95 (close=2711.33)
2026-02-12 08:41:54.873 | DEBUG    | aivc_trade.execution.position_manager:update_stop:40 - Trail updated: ETHUSDC trail=2675.23 (close=2714.99)
2026-02-12 08:41:54.879 | DEBUG    | aivc_trade.execution.position_manager:update_stop:40 - Trail updated: ETHUSDC trail=2697.57 (close=2746.92)
2026-02-12 08:41:54.883 | DEBUG    | aivc_trade.execution.position_manager:update_stop:40 - Trail updated: ETHUSDC trail=2699.01 (close=2746.29)
2026-02-12 08:41:54.932 | INFO     | aivc_trade.execution.position_manager:check_exit:71 - EXIT TRAILING_STOP: ETHUSDC close=2696.89 stop=2699.01
2026-02-12 08:41:55.239 | INFO     | aivc_trade.strategy.signal:generate_signals:179 - Signal: BTCUSDC score=0.0410 entry=67851.98 stop=67030.29
2026-02-12 08:41:55.240 | INFO     | aivc_trade.strategy.sizing:compute_qty:66 - Sizing: qty=0.12506, notional=8485.57, risk=1.15%, equity=8932.83
2026-02-12 08:41:55.265 | DEBUG    | aivc_trade.execution.position_manager:update_stop:40 - Trail updated: BTCUSDC trail=67245.23 (close=68284.73)
2026-02-12 08:41:55.333 | DEBUG    | aivc_trade.execution.position_manager:update_stop:40 - Trail updated: BTCUSDC trail=67335.67 (close=68298.18)
2026-02-12 08:41:55.350 | INFO     | aivc_trade.execution.position_manager:check_exit:71 - EXIT TRAILING_STOP: BTCUSDC close=66786.02 stop=67335.67
2026-02-12 08:41:55.600 | INFO     | aivc_trade.strategy.signal:generate_signals:179 - Signal: BTCUSDC score=0.2151 entry=68332.02 stop=67651.39
2026-02-12 08:41:55.601 | INFO     | aivc_trade.strategy.sizing:compute_qty:66 - Sizing: qty=0.12197000000000001, notional=8334.94, risk=0.95%, equity=8774.26
2026-02-12 08:41:55.619 | DEBUG    | aivc_trade.execution.position_manager:update_stop:40 - Trail updated: BTCUSDC trail=67899.87 (close=68684.08)
2026-02-12 08:41:55.623 | DEBUG    | aivc_trade.execution.position_manager:update_stop:40 - Trail updated: BTCUSDC trail=67999.37 (close=68836.02)
2026-02-12 08:41:55.648 | DEBUG    | aivc_trade.execution.position_manager:update_stop:40 - Trail updated: BTCUSDC trail=68090.14 (close=69172.01)
2026-02-12 08:41:55.653 | DEBUG    | aivc_trade.execution.position_manager:update_stop:40 - Trail updated: BTCUSDC trail=68409.51 (close=69609.79)
2026-02-12 08:41:55.657 | DEBUG    | aivc_trade.execution.position_manager:update_stop:40 - Trail updated: BTCUSDC trail=68496.60 (close=69636.85)
2026-02-12 08:41:55.661 | DEBUG    | aivc_trade.execution.position_manager:update_stop:40 - Trail updated: BTCUSDC trail=68686.54 (close=69775.10)
2026-02-12 08:41:55.666 | DEBUG    | aivc_trade.execution.position_manager:update_stop:40 - Trail updated: BTCUSDC trail=68817.71 (close=69926.52)
2026-02-12 08:41:55.670 | DEBUG    | aivc_trade.execution.position_manager:update_stop:40 - Trail updated: BTCUSDC trail=68826.71 (close=69926.54)
2026-02-12 08:41:55.674 | DEBUG    | aivc_trade.execution.position_manager:update_stop:40 - Trail updated: BTCUSDC trail=68879.30 (close=69918.22)
2026-02-12 08:41:55.679 | DEBUG    | aivc_trade.execution.position_manager:update_stop:40 - Trail updated: BTCUSDC trail=69180.94 (close=70258.01)
2026-02-12 08:41:55.683 | DEBUG    | aivc_trade.execution.position_manager:update_stop:40 - Trail updated: BTCUSDC trail=69757.52 (close=71141.02)
2026-02-12 08:41:55.695 | DEBUG    | aivc_trade.execution.position_manager:update_stop:40 - Trail updated: BTCUSDC trail=69784.79 (close=70971.46)
2026-02-12 08:41:55.700 | DEBUG    | aivc_trade.execution.position_manager:update_stop:40 - Trail updated: BTCUSDC trail=70046.06 (close=71197.08)
2026-02-12 08:41:55.712 | DEBUG    | aivc_trade.execution.position_manager:update_stop:40 - Trail updated: BTCUSDC trail=70237.03 (close=71249.33)
2026-02-12 08:41:55.721 | DEBUG    | aivc_trade.execution.position_manager:update_stop:40 - Trail updated: BTCUSDC trail=70430.17 (close=71421.55)
2026-02-12 08:41:55.729 | DEBUG    | aivc_trade.execution.position_manager:update_stop:40 - Trail updated: BTCUSDC trail=70610.07 (close=71776.00)
2026-02-12 08:41:55.737 | DEBUG    | aivc_trade.execution.position_manager:update_stop:40 - Trail updated: BTCUSDC trail=71059.29 (close=72386.01)
2026-02-12 08:41:55.741 | DEBUG    | aivc_trade.execution.position_manager:update_stop:40 - Trail updated: BTCUSDC trail=71352.27 (close=72721.10)
2026-02-12 08:41:55.746 | DEBUG    | aivc_trade.execution.position_manager:update_stop:40 - Trail updated: BTCUSDC trail=71352.99 (close=72700.30)
2026-02-12 08:41:55.750 | DEBUG    | aivc_trade.execution.position_manager:update_stop:40 - Trail updated: BTCUSDC trail=71789.46 (close=73172.11)
2026-02-12 08:41:55.921 | INFO     | aivc_trade.execution.position_manager:check_exit:71 - EXIT TRAILING_STOP: BTCUSDC close=71293.59 stop=71789.46
2026-02-12 08:41:56.720 | INFO     | aivc_trade.strategy.signal:generate_signals:179 - Signal: BTCUSDC score=0.1596 entry=76896.02 stop=75620.86
2026-02-12 08:41:56.721 | INFO     | aivc_trade.strategy.sizing:compute_qty:66 - Sizing: qty=0.11256000000000001, notional=8653.62, risk=1.56%, equity=9109.45
2026-02-12 08:41:56.859 | DEBUG    | aivc_trade.execution.position_manager:update_stop:40 - Trail updated: BTCUSDC trail=77530.01 (close=79143.91)
2026-02-12 08:41:56.877 | DEBUG    | aivc_trade.execution.position_manager:update_stop:40 - Trail updated: BTCUSDC trail=77654.87 (close=79159.20)
2026-02-12 08:41:56.881 | DEBUG    | aivc_trade.execution.position_manager:update_stop:40 - Trail updated: BTCUSDC trail=77974.68 (close=79410.11)
2026-02-12 08:41:56.886 | DEBUG    | aivc_trade.execution.position_manager:update_stop:40 - Trail updated: BTCUSDC trail=78187.37 (close=79592.03)
2026-02-12 08:41:56.890 | DEBUG    | aivc_trade.execution.position_manager:update_stop:40 - Trail updated: BTCUSDC trail=78498.63 (close=79883.99)
2026-02-12 08:41:56.911 | DEBUG    | aivc_trade.execution.position_manager:update_stop:40 - Trail updated: BTCUSDC trail=78503.50 (close=79839.44)
2026-02-12 08:41:56.915 | DEBUG    | aivc_trade.execution.position_manager:update_stop:40 - Trail updated: BTCUSDC trail=78909.92 (close=80431.68)
2026-02-12 08:41:56.919 | DEBUG    | aivc_trade.execution.position_manager:update_stop:40 - Trail updated: BTCUSDC trail=79069.34 (close=80626.19)
2026-02-12 08:41:56.929 | INFO     | aivc_trade.execution.position_manager:check_exit:71 - EXIT TRAILING_STOP: BTCUSDC close=78989.23 stop=79069.34
2026-02-12 08:41:56.930 | DEBUG    | aivc_trade.strategy.signal:generate_signals:140 - BTCUSDC in cooldown until 2024-11-11 02:00:00+00:00
2026-02-12 08:41:56.935 | DEBUG    | aivc_trade.strategy.signal:generate_signals:140 - BTCUSDC in cooldown until 2024-11-11 02:00:00+00:00
2026-02-12 08:41:56.939 | DEBUG    | aivc_trade.strategy.signal:generate_signals:140 - BTCUSDC in cooldown until 2024-11-11 02:00:00+00:00
2026-02-12 08:41:56.944 | DEBUG    | aivc_trade.strategy.signal:generate_signals:140 - BTCUSDC in cooldown until 2024-11-11 02:00:00+00:00
2026-02-12 08:41:56.948 | DEBUG    | aivc_trade.strategy.signal:generate_signals:140 - BTCUSDC in cooldown until 2024-11-11 02:00:00+00:00
2026-02-12 08:41:56.953 | DEBUG    | aivc_trade.strategy.signal:generate_signals:140 - BTCUSDC in cooldown until 2024-11-11 02:00:00+00:00
2026-02-12 08:42:00.495 | INFO     | aivc_trade.strategy.signal:generate_signals:179 - Signal: BTCUSDC score=0.2716 entry=108278.51 stop=106743.31
2026-02-12 08:42:00.496 | INFO     | aivc_trade.strategy.sizing:compute_qty:66 - Sizing: qty=0.08178, notional=8854.28, risk=1.34%, equity=9320.63
2026-02-12 08:42:00.502 | INFO     | aivc_trade.execution.position_manager:check_exit:71 - EXIT STOP_LOSS: BTCUSDC close=106481.68 stop=106743.31
2026-02-12 08:42:00.503 | DEBUG    | aivc_trade.strategy.signal:generate_signals:140 - BTCUSDC in cooldown until 2024-12-17 21:00:00+00:00
2026-02-12 08:42:00.507 | DEBUG    | aivc_trade.strategy.signal:generate_signals:140 - BTCUSDC in cooldown until 2024-12-17 21:00:00+00:00
2026-02-12 08:42:00.512 | DEBUG    | aivc_trade.strategy.signal:generate_signals:140 - BTCUSDC in cooldown until 2024-12-17 21:00:00+00:00
2026-02-12 08:42:00.517 | DEBUG    | aivc_trade.strategy.signal:generate_signals:140 - BTCUSDC in cooldown until 2024-12-17 21:00:00+00:00
2026-02-12 08:42:00.521 | DEBUG    | aivc_trade.strategy.signal:generate_signals:140 - BTCUSDC in cooldown until 2024-12-17 21:00:00+00:00
2026-02-12 08:42:02.017 | INFO     | aivc_trade.strategy.signal:generate_signals:179 - Signal: BTCUSDC score=0.1378 entry=95516.21 stop=94185.88
2026-02-12 08:42:02.018 | INFO     | aivc_trade.strategy.signal:generate_signals:179 - Signal: ETHUSDC score=0.2343 entry=3411.54 stop=3358.33
2026-02-12 08:42:02.019 | INFO     | aivc_trade.strategy.sizing:compute_qty:66 - Sizing: qty=2.547, notional=8690.70, risk=1.50%, equity=9148.20
2026-02-12 08:42:02.040 | DEBUG    | aivc_trade.execution.position_manager:update_stop:40 - Trail updated: ETHUSDC trail=3404.49 (close=3464.04)
2026-02-12 08:42:02.045 | DEBUG    | aivc_trade.execution.position_manager:update_stop:40 - Trail updated: ETHUSDC trail=3406.63 (close=3464.41)
2026-02-12 08:42:02.050 | DEBUG    | aivc_trade.execution.position_manager:update_stop:40 - Trail updated: ETHUSDC trail=3409.66 (close=3467.28)
2026-02-12 08:42:02.054 | DEBUG    | aivc_trade.execution.position_manager:update_stop:40 - Trail updated: ETHUSDC trail=3421.79 (close=3476.72)
2026-02-12 08:42:02.160 | DEBUG    | aivc_trade.execution.position_manager:update_stop:40 - Trail updated: ETHUSDC trail=3425.60 (close=3479.40)
2026-02-12 08:42:02.165 | DEBUG    | aivc_trade.execution.position_manager:update_stop:40 - Trail updated: ETHUSDC trail=3459.53 (close=3524.66)
2026-02-12 08:42:02.170 | DEBUG    | aivc_trade.execution.position_manager:update_stop:40 - Trail updated: ETHUSDC trail=3487.18 (close=3562.00)
2026-02-12 08:42:02.174 | DEBUG    | aivc_trade.execution.position_manager:update_stop:40 - Trail updated: ETHUSDC trail=3505.15 (close=3581.45)
2026-02-12 08:42:02.184 | DEBUG    | aivc_trade.execution.position_manager:update_stop:40 - Trail updated: ETHUSDC trail=3525.42 (close=3603.22)
2026-02-12 08:42:02.189 | DEBUG    | aivc_trade.execution.position_manager:update_stop:40 - Trail updated: ETHUSDC trail=3544.09 (close=3620.95)
2026-02-12 08:42:02.229 | DEBUG    | aivc_trade.execution.position_manager:update_stop:40 - Trail updated: ETHUSDC trail=3545.93 (close=3595.45)
2026-02-12 08:42:02.233 | DEBUG    | aivc_trade.execution.position_manager:update_stop:40 - Trail updated: ETHUSDC trail=3552.05 (close=3599.01)
2026-02-12 08:42:02.255 | DEBUG    | aivc_trade.execution.position_manager:update_stop:40 - Trail updated: ETHUSDC trail=3555.92 (close=3601.29)
2026-02-12 08:42:02.260 | DEBUG    | aivc_trade.execution.position_manager:update_stop:40 - Trail updated: ETHUSDC trail=3580.61 (close=3634.44)
2026-02-12 08:42:02.264 | DEBUG    | aivc_trade.execution.position_manager:update_stop:40 - Trail updated: ETHUSDC trail=3589.60 (close=3643.69)
2026-02-12 08:42:02.294 | DEBUG    | aivc_trade.execution.position_manager:update_stop:40 - Trail updated: ETHUSDC trail=3595.18 (close=3660.20)
2026-02-12 08:42:02.300 | DEBUG    | aivc_trade.execution.position_manager:update_stop:40 - Trail updated: ETHUSDC trail=3596.01 (close=3657.73)
2026-02-12 08:42:02.304 | DEBUG    | aivc_trade.execution.position_manager:update_stop:40 - Trail updated: ETHUSDC trail=3600.92 (close=3659.80)
2026-02-12 08:42:02.424 | DEBUG    | aivc_trade.execution.position_manager:update_stop:40 - Trail updated: ETHUSDC trail=3610.51 (close=3671.42)
2026-02-12 08:42:02.429 | DEBUG    | aivc_trade.execution.position_manager:update_stop:40 - Trail updated: ETHUSDC trail=3616.84 (close=3679.92)
2026-02-12 08:42:02.471 | DEBUG    | aivc_trade.execution.position_manager:update_stop:40 - Trail updated: ETHUSDC trail=3634.69 (close=3714.60)
2026-02-12 08:42:02.557 | INFO     | aivc_trade.execution.position_manager:check_exit:71 - EXIT TRAILING_STOP: ETHUSDC close=3633.60 stop=3634.69
2026-02-12 08:42:07.074 | INFO     | aivc_trade.strategy.signal:generate_signals:179 - Signal: BTCUSDC score=0.0817 entry=98330.85 stop=97180.84
2026-02-12 08:42:07.075 | INFO     | aivc_trade.strategy.sizing:compute_qty:66 - Sizing: qty=0.09359, notional=9202.20, risk=1.11%, equity=9686.89
2026-02-12 08:42:07.150 | DEBUG    | aivc_trade.execution.position_manager:update_stop:40 - Trail updated: BTCUSDC trail=97994.09 (close=98938.97)
2026-02-12 08:42:07.154 | DEBUG    | aivc_trade.execution.position_manager:update_stop:40 - Trail updated: BTCUSDC trail=98229.98 (close=99374.03)
2026-02-12 08:42:07.163 | INFO     | aivc_trade.execution.position_manager:check_exit:71 - EXIT TRAILING_STOP: BTCUSDC close=98132.50 stop=98229.98
2026-02-12 08:42:07.164 | DEBUG    | aivc_trade.strategy.signal:generate_signals:140 - BTCUSDC in cooldown until 2025-02-21 21:00:00+00:00
2026-02-12 08:42:11.215 | INFO     | aivc_trade.strategy.signal:generate_signals:179 - Signal: BTCUSDC score=0.0865 entry=84107.50 stop=82997.99
2026-02-12 08:42:11.216 | INFO     | aivc_trade.strategy.sizing:compute_qty:66 - Sizing: qty=0.10890000000000001, notional=9159.31, risk=1.25%, equity=9642.17
2026-02-12 08:42:11.248 | DEBUG    | aivc_trade.execution.position_manager:update_stop:40 - Trail updated: BTCUSDC trail=83432.53 (close=85277.99)
2026-02-12 08:42:11.248 | INFO     | aivc_trade.execution.position_manager:check_exit:94 - EXIT REGIME: BTCUSDC regime=CHAOS
2026-02-12 08:42:11.259 | DEBUG    | aivc_trade.strategy.signal:generate_signals:140 - BTCUSDC in cooldown until 2025-04-01 21:00:00+00:00
2026-02-12 08:42:11.264 | DEBUG    | aivc_trade.strategy.signal:generate_signals:140 - BTCUSDC in cooldown until 2025-04-01 21:00:00+00:00
2026-02-12 08:42:11.268 | DEBUG    | aivc_trade.strategy.signal:generate_signals:140 - BTCUSDC in cooldown until 2025-04-01 21:00:00+00:00
2026-02-12 08:42:11.273 | DEBUG    | aivc_trade.strategy.signal:generate_signals:140 - BTCUSDC in cooldown until 2025-04-01 21:00:00+00:00
2026-02-12 08:42:13.540 | INFO     | aivc_trade.strategy.signal:generate_signals:179 - Signal: BTCUSDC score=0.1172 entry=89003.98 stop=87947.67
2026-02-12 08:42:13.541 | INFO     | aivc_trade.strategy.sizing:compute_qty:66 - Sizing: qty=0.10398, notional=9254.63, risk=1.13%, equity=9741.96
2026-02-12 08:42:13.547 | DEBUG    | aivc_trade.execution.position_manager:update_stop:40 - Trail updated: BTCUSDC trail=88709.04 (close=90266.01)
2026-02-12 08:42:13.552 | DEBUG    | aivc_trade.execution.position_manager:update_stop:40 - Trail updated: BTCUSDC trail=89174.22 (close=90832.00)
2026-02-12 08:42:13.557 | DEBUG    | aivc_trade.execution.position_manager:update_stop:40 - Trail updated: BTCUSDC trail=89218.50 (close=90998.00)
2026-02-12 08:42:13.567 | DEBUG    | aivc_trade.execution.position_manager:update_stop:40 - Trail updated: BTCUSDC trail=89734.80 (close=91470.00)
2026-02-12 08:42:13.572 | DEBUG    | aivc_trade.execution.position_manager:update_stop:40 - Trail updated: BTCUSDC trail=89888.95 (close=91565.79)
2026-02-12 08:42:13.586 | DEBUG    | aivc_trade.execution.position_manager:update_stop:40 - Trail updated: BTCUSDC trail=90705.63 (close=93067.56)
2026-02-12 08:42:13.587 | INFO     | aivc_trade.execution.position_manager:check_exit:94 - EXIT REGIME: BTCUSDC regime=CHAOS
2026-02-12 08:42:15.295 | INFO     | aivc_trade.strategy.signal:generate_signals:179 - Signal: BTCUSDC score=-0.3367 entry=97823.25 stop=96466.11
2026-02-12 08:42:15.296 | INFO     | aivc_trade.strategy.sizing:compute_qty:66 - Sizing: qty=0.09843, notional=9628.74, risk=1.32%, equity=10136.10
2026-02-12 08:42:15.302 | DEBUG    | aivc_trade.execution.position_manager:update_stop:40 - Trail updated: BTCUSDC trail=97011.17 (close=98689.99)
2026-02-12 08:42:15.307 | DEBUG    | aivc_trade.execution.position_manager:update_stop:40 - Trail updated: BTCUSDC trail=97483.16 (close=99162.00)
2026-02-12 08:42:15.321 | DEBUG    | aivc_trade.execution.position_manager:update_stop:40 - Trail updated: BTCUSDC trail=97605.65 (close=99036.01)
2026-02-12 08:42:15.326 | DEBUG    | aivc_trade.execution.position_manager:update_stop:40 - Trail updated: BTCUSDC trail=97911.54 (close=99263.04)
2026-02-12 08:42:15.331 | DEBUG    | aivc_trade.execution.position_manager:update_stop:40 - Trail updated: BTCUSDC trail=98311.69 (close=99671.04)
2026-02-12 08:42:15.336 | DEBUG    | aivc_trade.execution.position_manager:update_stop:40 - Trail updated: BTCUSDC trail=98535.53 (close=99800.01)
2026-02-12 08:42:15.341 | DEBUG    | aivc_trade.execution.position_manager:update_stop:40 - Trail updated: BTCUSDC trail=98624.86 (close=99792.02)
2026-02-12 08:42:15.364 | DEBUG    | aivc_trade.execution.position_manager:update_stop:40 - Trail updated: BTCUSDC trail=99009.04 (close=100773.98)
2026-02-12 08:42:15.369 | DEBUG    | aivc_trade.execution.position_manager:update_stop:40 - Trail updated: BTCUSDC trail=99514.97 (close=101299.99)
2026-02-12 08:42:15.374 | INFO     | aivc_trade.execution.position_manager:check_exit:94 - EXIT REGIME: BTCUSDC regime=CHAOS
2026-02-12 08:42:15.380 | DEBUG    | aivc_trade.strategy.signal:generate_signals:140 - BTCUSDC in cooldown until 2025-05-08 23:00:00+00:00
2026-02-12 08:42:15.385 | DEBUG    | aivc_trade.strategy.signal:generate_signals:140 - BTCUSDC in cooldown until 2025-05-08 23:00:00+00:00
2026-02-12 08:42:15.625 | INFO     | aivc_trade.strategy.signal:generate_signals:179 - Signal: BTCUSDC score=0.1159 entry=104824.01 stop=103711.64
2026-02-12 08:42:15.626 | INFO     | aivc_trade.strategy.sizing:compute_qty:66 - Sizing: qty=0.09445, notional=9900.63, risk=1.01%, equity=10422.75
2026-02-12 08:42:15.661 | INFO     | aivc_trade.execution.position_manager:check_exit:71 - EXIT STOP_LOSS: BTCUSDC close=103402.00 stop=103711.64
2026-02-12 08:42:15.681 | DEBUG    | aivc_trade.strategy.signal:generate_signals:140 - BTCUSDC in cooldown until 2025-05-11 13:00:00+00:00
2026-02-12 08:42:15.686 | DEBUG    | aivc_trade.strategy.signal:generate_signals:140 - BTCUSDC in cooldown until 2025-05-11 13:00:00+00:00
2026-02-12 08:42:18.542 | INFO     | aivc_trade.strategy.signal:generate_signals:179 - Signal: BTCUSDC score=-0.1105 entry=107816.00 stop=106191.54
2026-02-12 08:42:18.543 | INFO     | aivc_trade.strategy.sizing:compute_qty:66 - Sizing: qty=0.09039000000000001, notional=9745.49, risk=1.43%, equity=10258.94
2026-02-12 08:42:18.579 | DEBUG    | aivc_trade.execution.position_manager:update_stop:40 - Trail updated: BTCUSDC trail=106825.11 (close=109068.01)
2026-02-12 08:42:18.594 | INFO     | aivc_trade.execution.position_manager:check_exit:71 - EXIT TRAILING_STOP: BTCUSDC close=106659.79 stop=106825.11
2026-02-12 08:42:20.720 | INFO     | aivc_trade.strategy.signal:generate_signals:179 - Signal: ETHUSDC score=0.0259 entry=2559.80 stop=2510.07
2026-02-12 08:42:20.721 | INFO     | aivc_trade.strategy.sizing:compute_qty:66 - Sizing: qty=3.7576, notional=9619.04, risk=1.85%, equity=10125.35
2026-02-12 08:42:20.732 | DEBUG    | aivc_trade.execution.position_manager:update_stop:40 - Trail updated: ETHUSDC trail=2531.33 (close=2585.72)
2026-02-12 08:42:20.744 | DEBUG    | aivc_trade.execution.position_manager:update_stop:40 - Trail updated: ETHUSDC trail=2539.30 (close=2590.90)
2026-02-12 08:42:20.749 | DEBUG    | aivc_trade.execution.position_manager:update_stop:40 - Trail updated: ETHUSDC trail=2579.97 (close=2644.85)
2026-02-12 08:42:20.755 | DEBUG    | aivc_trade.execution.position_manager:update_stop:40 - Trail updated: ETHUSDC trail=2601.82 (close=2667.46)
2026-02-12 08:42:20.761 | DEBUG    | aivc_trade.execution.position_manager:update_stop:40 - Trail updated: ETHUSDC trail=2612.31 (close=2681.38)
2026-02-12 08:42:20.768 | DEBUG    | aivc_trade.execution.position_manager:update_stop:40 - Trail updated: ETHUSDC trail=2623.67 (close=2700.17)
2026-02-12 08:42:20.774 | DEBUG    | aivc_trade.execution.position_manager:update_stop:40 - Trail updated: ETHUSDC trail=2637.08 (close=2709.51)
2026-02-12 08:42:20.829 | DEBUG    | aivc_trade.execution.position_manager:update_stop:40 - Trail updated: ETHUSDC trail=2639.96 (close=2696.52)
2026-02-12 08:42:20.835 | DEBUG    | aivc_trade.execution.position_manager:update_stop:40 - Trail updated: ETHUSDC trail=2688.94 (close=2774.74)
2026-02-12 08:42:20.855 | INFO     | aivc_trade.execution.position_manager:check_exit:94 - EXIT REGIME: ETHUSDC regime=CHAOS
2026-02-12 08:42:20.861 | DEBUG    | aivc_trade.strategy.signal:generate_signals:140 - ETHUSDC in cooldown until 2025-06-10 21:00:00+00:00
2026-02-12 08:42:20.867 | DEBUG    | aivc_trade.strategy.signal:generate_signals:140 - ETHUSDC in cooldown until 2025-06-10 21:00:00+00:00
2026-02-12 08:42:20.872 | DEBUG    | aivc_trade.strategy.signal:generate_signals:140 - ETHUSDC in cooldown until 2025-06-10 21:00:00+00:00
2026-02-12 08:42:20.878 | DEBUG    | aivc_trade.strategy.signal:generate_signals:140 - ETHUSDC in cooldown until 2025-06-10 21:00:00+00:00
2026-02-12 08:42:20.883 | DEBUG    | aivc_trade.strategy.signal:generate_signals:140 - ETHUSDC in cooldown until 2025-06-10 21:00:00+00:00
2026-02-12 08:42:21.562 | INFO     | aivc_trade.strategy.signal:generate_signals:179 - Signal: BTCUSDC score=0.0847 entry=108702.07 stop=107531.84
2026-02-12 08:42:21.564 | INFO     | aivc_trade.strategy.sizing:compute_qty:66 - Sizing: qty=0.09394000000000001, notional=10211.47, risk=1.02%, equity=10749.93
2026-02-12 08:42:21.583 | INFO     | aivc_trade.execution.position_manager:check_exit:71 - EXIT STOP_LOSS: BTCUSDC close=106849.84 stop=107531.84
2026-02-12 08:42:21.584 | DEBUG    | aivc_trade.strategy.signal:generate_signals:140 - BTCUSDC in cooldown until 2025-06-17 05:00:00+00:00
2026-02-12 08:42:21.588 | DEBUG    | aivc_trade.strategy.signal:generate_signals:140 - BTCUSDC in cooldown until 2025-06-17 05:00:00+00:00
2026-02-12 08:42:21.594 | DEBUG    | aivc_trade.strategy.signal:generate_signals:140 - BTCUSDC in cooldown until 2025-06-17 05:00:00+00:00
2026-02-12 08:42:22.449 | INFO     | aivc_trade.strategy.signal:generate_signals:179 - Signal: BTCUSDC score=0.0658 entry=106273.97 stop=104811.82
2026-02-12 08:42:22.450 | INFO     | aivc_trade.strategy.sizing:compute_qty:66 - Sizing: qty=0.09426000000000001, notional=10017.39, risk=1.31%, equity=10545.56
2026-02-12 08:42:22.536 | DEBUG    | aivc_trade.execution.position_manager:update_stop:40 - Trail updated: BTCUSDC trail=106017.32 (close=107184.25)
2026-02-12 08:42:22.541 | DEBUG    | aivc_trade.execution.position_manager:update_stop:40 - Trail updated: BTCUSDC trail=106109.53 (close=107238.01)
2026-02-12 08:42:22.546 | DEBUG    | aivc_trade.execution.position_manager:update_stop:40 - Trail updated: BTCUSDC trail=106191.99 (close=107290.01)
2026-02-12 08:42:22.551 | DEBUG    | aivc_trade.execution.position_manager:update_stop:40 - Trail updated: BTCUSDC trail=106717.28 (close=107996.01)
2026-02-12 08:42:22.636 | DEBUG    | aivc_trade.execution.position_manager:update_stop:40 - Trail updated: BTCUSDC trail=106726.19 (close=107801.45)
2026-02-12 08:42:22.641 | DEBUG    | aivc_trade.execution.position_manager:update_stop:40 - Trail updated: BTCUSDC trail=106828.10 (close=107873.99)
2026-02-12 08:42:22.721 | INFO     | aivc_trade.execution.position_manager:check_exit:71 - EXIT TRAILING_STOP: BTCUSDC close=106735.20 stop=106828.10
2026-02-12 08:42:23.449 | INFO     | aivc_trade.strategy.signal:generate_signals:179 - Signal: BTCUSDC score=0.0243 entry=109979.97 stop=108955.00
2026-02-12 08:42:23.450 | INFO     | aivc_trade.strategy.sizing:compute_qty:66 - Sizing: qty=0.0912, notional=10030.17, risk=0.89%, equity=10558.92
2026-02-12 08:42:23.480 | INFO     | aivc_trade.execution.position_manager:check_exit:94 - EXIT REGIME: BTCUSDC regime=CHAOS
2026-02-12 08:42:23.496 | DEBUG    | aivc_trade.strategy.signal:generate_signals:140 - BTCUSDC in cooldown until 2025-07-03 20:00:00+00:00
2026-02-12 08:42:23.502 | DEBUG    | aivc_trade.strategy.signal:generate_signals:140 - BTCUSDC in cooldown until 2025-07-03 20:00:00+00:00
2026-02-12 08:42:23.507 | DEBUG    | aivc_trade.strategy.signal:generate_signals:140 - BTCUSDC in cooldown until 2025-07-03 20:00:00+00:00
2026-02-12 08:42:23.870 | INFO     | aivc_trade.strategy.signal:generate_signals:179 - Signal: BTCUSDC score=-0.0409 entry=109239.99 stop=108306.64
2026-02-12 08:42:23.871 | INFO     | aivc_trade.strategy.sizing:compute_qty:66 - Sizing: qty=0.09140000000000001, notional=9984.54, risk=0.81%, equity=10510.53
2026-02-12 08:42:23.950 | INFO     | aivc_trade.execution.position_manager:check_exit:71 - EXIT STOP_LOSS: BTCUSDC close=108242.01 stop=108306.64
2026-02-12 08:42:24.057 | INFO     | aivc_trade.strategy.signal:generate_signals:179 - Signal: BTCUSDC score=0.1599 entry=109052.41 stop=108252.62
2026-02-12 08:42:24.057 | INFO     | aivc_trade.strategy.signal:generate_signals:179 - Signal: ETHUSDC score=0.1878 entry=2588.43 stop=2549.58
2026-02-12 08:42:24.058 | INFO     | aivc_trade.strategy.sizing:compute_qty:66 - Sizing: qty=3.8131000000000004, notional=9869.90, risk=1.43%, equity=10389.50
2026-02-12 08:42:24.079 | DEBUG    | aivc_trade.execution.position_manager:update_stop:40 - Trail updated: ETHUSDC trail=2558.10 (close=2616.76)
2026-02-12 08:42:24.085 | DEBUG    | aivc_trade.execution.position_manager:update_stop:40 - Trail updated: ETHUSDC trail=2569.75 (close=2625.48)
2026-02-12 08:42:24.109 | DEBUG    | aivc_trade.execution.position_manager:update_stop:40 - Trail updated: ETHUSDC trail=2570.08 (close=2616.00)
2026-02-12 08:42:24.137 | DEBUG    | aivc_trade.execution.position_manager:update_stop:40 - Trail updated: ETHUSDC trail=2576.65 (close=2628.51)
2026-02-12 08:42:24.142 | DEBUG    | aivc_trade.execution.position_manager:update_stop:40 - Trail updated: ETHUSDC trail=2581.46 (close=2631.60)
2026-02-12 08:42:24.166 | DEBUG    | aivc_trade.execution.position_manager:update_stop:40 - Trail updated: ETHUSDC trail=2584.52 (close=2626.65)
2026-02-12 08:42:24.172 | DEBUG    | aivc_trade.execution.position_manager:update_stop:40 - Trail updated: ETHUSDC trail=2609.53 (close=2660.30)
2026-02-12 08:42:24.190 | DEBUG    | aivc_trade.execution.position_manager:update_stop:40 - Trail updated: ETHUSDC trail=2612.55 (close=2666.50)
2026-02-12 08:42:24.200 | DEBUG    | aivc_trade.execution.position_manager:update_stop:40 - Trail updated: ETHUSDC trail=2652.96 (close=2718.90)
2026-02-12 08:42:24.205 | DEBUG    | aivc_trade.execution.position_manager:update_stop:40 - Trail updated: ETHUSDC trail=2682.13 (close=2765.70)
2026-02-12 08:42:24.206 | INFO     | aivc_trade.execution.position_manager:check_exit:94 - EXIT REGIME: ETHUSDC regime=CHAOS
2026-02-12 08:42:24.225 | DEBUG    | aivc_trade.strategy.signal:generate_signals:140 - ETHUSDC in cooldown until 2025-07-10 01:00:00+00:00
2026-02-12 08:42:24.231 | DEBUG    | aivc_trade.strategy.signal:generate_signals:140 - ETHUSDC in cooldown until 2025-07-10 01:00:00+00:00
2026-02-12 08:42:24.308 | INFO     | aivc_trade.strategy.signal:generate_signals:179 - Signal: BTCUSDC score=-0.1825 entry=112718.00 stop=111525.34
2026-02-12 08:42:24.309 | INFO     | aivc_trade.strategy.sizing:compute_qty:66 - Sizing: qty=0.09300000000000001, notional=10482.77, risk=1.01%, equity=11034.79
2026-02-12 08:42:24.315 | DEBUG    | aivc_trade.execution.position_manager:update_stop:40 - Trail updated: BTCUSDC trail=112210.00 (close=113795.01)
2026-02-12 08:42:24.334 | DEBUG    | aivc_trade.execution.position_manager:update_stop:40 - Trail updated: BTCUSDC trail=114101.28 (close=116511.99)
2026-02-12 08:42:24.334 | INFO     | aivc_trade.execution.position_manager:check_exit:94 - EXIT REGIME: BTCUSDC regime=CHAOS
2026-02-12 08:42:24.706 | INFO     | aivc_trade.strategy.signal:generate_signals:179 - Signal: BTCUSDC score=-0.0534 entry=119696.18 stop=118416.40
2026-02-12 08:42:24.707 | INFO     | aivc_trade.strategy.sizing:compute_qty:66 - Sizing: qty=0.09012, notional=10787.02, risk=1.02%, equity=11355.65
2026-02-12 08:42:24.712 | DEBUG    | aivc_trade.execution.position_manager:update_stop:40 - Trail updated: BTCUSDC trail=118922.27 (close=120803.99)
2026-02-12 08:42:24.717 | DEBUG    | aivc_trade.execution.position_manager:update_stop:40 - Trail updated: BTCUSDC trail=119513.42 (close=121436.60)
2026-02-12 08:42:24.722 | DEBUG    | aivc_trade.execution.position_manager:update_stop:40 - Trail updated: BTCUSDC trail=120312.59 (close=122502.00)
2026-02-12 08:42:24.723 | INFO     | aivc_trade.execution.position_manager:check_exit:94 - EXIT REGIME: BTCUSDC regime=CHAOS
2026-02-12 08:42:24.729 | DEBUG    | aivc_trade.strategy.signal:generate_signals:140 - BTCUSDC in cooldown until 2025-07-14 11:00:00+00:00
2026-02-12 08:42:24.736 | DEBUG    | aivc_trade.strategy.signal:generate_signals:140 - BTCUSDC in cooldown until 2025-07-14 11:00:00+00:00
2026-02-12 08:42:24.743 | DEBUG    | aivc_trade.strategy.signal:generate_signals:140 - BTCUSDC in cooldown until 2025-07-14 11:00:00+00:00
2026-02-12 08:42:24.749 | DEBUG    | aivc_trade.strategy.signal:generate_signals:140 - BTCUSDC in cooldown until 2025-07-14 11:00:00+00:00
2026-02-12 08:42:24.757 | DEBUG    | aivc_trade.strategy.signal:generate_signals:140 - BTCUSDC in cooldown until 2025-07-14 11:00:00+00:00
2026-02-12 08:42:25.583 | INFO     | aivc_trade.strategy.signal:generate_signals:179 - Signal: BTCUSDC score=0.1436 entry=119226.05 stop=117914.67
2026-02-12 08:42:25.584 | INFO     | aivc_trade.strategy.sizing:compute_qty:66 - Sizing: qty=0.09224, notional=10997.41, risk=1.04%, equity=11576.31
2026-02-12 08:42:25.633 | INFO     | aivc_trade.execution.position_manager:check_exit:71 - EXIT STOP_LOSS: BTCUSDC close=117803.54 stop=117914.67
2026-02-12 08:42:27.588 | INFO     | aivc_trade.strategy.signal:generate_signals:179 - Signal: BTCUSDC score=-0.0428 entry=117529.98 stop=116164.17
2026-02-12 08:42:27.589 | INFO     | aivc_trade.strategy.sizing:compute_qty:66 - Sizing: qty=0.09225000000000001, notional=10841.59, risk=1.10%, equity=11412.30
2026-02-12 08:42:27.814 | INFO     | aivc_trade.execution.position_manager:check_exit:86 - EXIT TIMEOUT: BTCUSDC held 48.0h, MFE=89.01
2026-02-12 08:42:27.909 | INFO     | aivc_trade.strategy.signal:generate_signals:179 - Signal: BTCUSDC score=0.0106 entry=118802.00 stop=117689.78
2026-02-12 08:42:27.910 | INFO     | aivc_trade.strategy.sizing:compute_qty:66 - Sizing: qty=0.0903, notional=10727.82, risk=0.89%, equity=11292.46
2026-02-12 08:42:27.953 | DEBUG    | aivc_trade.execution.position_manager:update_stop:40 - Trail updated: BTCUSDC trail=118172.84 (close=119327.10)
2026-02-12 08:42:27.964 | DEBUG    | aivc_trade.execution.position_manager:update_stop:40 - Trail updated: BTCUSDC trail=118697.38 (close=120011.99)
2026-02-12 08:42:27.969 | DEBUG    | aivc_trade.execution.position_manager:update_stop:40 - Trail updated: BTCUSDC trail=120100.48 (close=121892.01)
2026-02-12 08:42:27.970 | INFO     | aivc_trade.execution.position_manager:check_exit:94 - EXIT REGIME: BTCUSDC regime=CHAOS
2026-02-12 08:42:27.985 | DEBUG    | aivc_trade.strategy.signal:generate_signals:140 - BTCUSDC in cooldown until 2025-08-11 08:00:00+00:00
2026-02-12 08:42:27.990 | DEBUG    | aivc_trade.strategy.signal:generate_signals:140 - BTCUSDC in cooldown until 2025-08-11 08:00:00+00:00
2026-02-12 08:42:27.995 | DEBUG    | aivc_trade.strategy.signal:generate_signals:140 - BTCUSDC in cooldown until 2025-08-11 08:00:00+00:00
2026-02-12 08:42:28.253 | INFO     | aivc_trade.strategy.signal:generate_signals:179 - Signal: BTCUSDC score=-0.3145 entry=121796.00 stop=120270.80
2026-02-12 08:42:28.254 | INFO     | aivc_trade.strategy.sizing:compute_qty:66 - Sizing: qty=0.09000000000000001, notional=10961.80, risk=1.19%, equity=11538.89
2026-02-12 08:42:28.259 | INFO     | aivc_trade.execution.position_manager:check_exit:94 - EXIT REGIME: BTCUSDC regime=CHAOS
2026-02-12 08:42:28.274 | DEBUG    | aivc_trade.strategy.signal:generate_signals:140 - BTCUSDC in cooldown until 2025-08-13 20:00:00+00:00
2026-02-12 08:42:28.280 | DEBUG    | aivc_trade.strategy.signal:generate_signals:140 - BTCUSDC in cooldown until 2025-08-13 20:00:00+00:00
2026-02-12 08:42:30.982 | INFO     | aivc_trade.strategy.signal:generate_signals:179 - Signal: BTCUSDC score=0.0395 entry=113232.00 stop=111882.33
2026-02-12 08:42:30.983 | INFO     | aivc_trade.strategy.sizing:compute_qty:66 - Sizing: qty=0.09588, notional=10856.88, risk=1.13%, equity=11428.38
2026-02-12 08:42:30.993 | INFO     | aivc_trade.execution.position_manager:check_exit:71 - EXIT STOP_LOSS: BTCUSDC close=110578.00 stop=111882.33
2026-02-12 08:42:31.326 | INFO     | aivc_trade.strategy.signal:generate_signals:179 - Signal: BTCUSDC score=0.2289 entry=112096.00 stop=111187.87
2026-02-12 08:42:31.327 | INFO     | aivc_trade.strategy.sizing:compute_qty:66 - Sizing: qty=0.09442, notional=10584.36, risk=0.77%, equity=11141.53
2026-02-12 08:42:31.352 | DEBUG    | aivc_trade.execution.position_manager:update_stop:40 - Trail updated: BTCUSDC trail=111504.42 (close=112649.92)
2026-02-12 08:42:31.358 | DEBUG    | aivc_trade.execution.position_manager:update_stop:40 - Trail updated: BTCUSDC trail=111518.58 (close=112650.01)
2026-02-12 08:42:31.406 | INFO     | aivc_trade.execution.position_manager:check_exit:71 - EXIT TRAILING_STOP: BTCUSDC close=111388.62 stop=111518.58
2026-02-12 08:42:31.576 | INFO     | aivc_trade.strategy.signal:generate_signals:179 - Signal: BTCUSDC score=0.0309 entry=113431.69 stop=112289.50
2026-02-12 08:42:31.577 | INFO     | aivc_trade.strategy.sizing:compute_qty:66 - Sizing: qty=0.09248, notional=10490.16, risk=0.96%, equity=11042.84
2026-02-12 08:42:31.582 | DEBUG    | aivc_trade.execution.position_manager:update_stop:40 - Trail updated: BTCUSDC trail=112539.79 (close=113980.00)
2026-02-12 08:42:31.632 | DEBUG    | aivc_trade.execution.position_manager:update_stop:40 - Trail updated: BTCUSDC trail=112939.76 (close=114007.00)
2026-02-12 08:42:31.657 | DEBUG    | aivc_trade.execution.position_manager:update_stop:40 - Trail updated: BTCUSDC trail=113402.14 (close=114441.09)
2026-02-12 08:42:31.745 | DEBUG    | aivc_trade.execution.position_manager:update_stop:40 - Trail updated: BTCUSDC trail=113464.47 (close=114529.99)
2026-02-12 08:42:31.751 | DEBUG    | aivc_trade.execution.position_manager:update_stop:40 - Trail updated: BTCUSDC trail=113942.49 (close=115143.57)
2026-02-12 08:42:31.756 | DEBUG    | aivc_trade.execution.position_manager:update_stop:40 - Trail updated: BTCUSDC trail=114364.97 (close=115541.71)
2026-02-12 08:42:31.761 | DEBUG    | aivc_trade.execution.position_manager:update_stop:40 - Trail updated: BTCUSDC trail=114575.69 (close=115899.91)
2026-02-12 08:42:31.846 | DEBUG    | aivc_trade.execution.position_manager:update_stop:40 - Trail updated: BTCUSDC trail=114783.18 (close=115885.01)
2026-02-12 08:42:31.851 | DEBUG    | aivc_trade.execution.position_manager:update_stop:40 - Trail updated: BTCUSDC trail=115358.44 (close=116561.57)
2026-02-12 08:42:31.856 | DEBUG    | aivc_trade.execution.position_manager:update_stop:40 - Trail updated: BTCUSDC trail=115545.97 (close=116756.16)
2026-02-12 08:42:31.957 | INFO     | aivc_trade.execution.position_manager:check_exit:71 - EXIT TRAILING_STOP: BTCUSDC close=115411.86 stop=115545.97
2026-02-12 08:42:33.859 | INFO     | aivc_trade.strategy.signal:generate_signals:179 - Signal: BTCUSDC score=0.0513 entry=113298.48 stop=112163.16
2026-02-12 08:42:33.860 | INFO     | aivc_trade.strategy.sizing:compute_qty:66 - Sizing: qty=0.09386000000000001, notional=10634.20, risk=0.95%, equity=11194.22
2026-02-12 08:42:33.866 | DEBUG    | aivc_trade.execution.position_manager:update_stop:40 - Trail updated: BTCUSDC trail=112649.69 (close=114115.99)
2026-02-12 08:42:33.882 | DEBUG    | aivc_trade.execution.position_manager:update_stop:40 - Trail updated: BTCUSDC trail=112699.58 (close=114136.99)
2026-02-12 08:42:33.887 | DEBUG    | aivc_trade.execution.position_manager:update_stop:40 - Trail updated: BTCUSDC trail=112762.58 (close=114101.00)
2026-02-12 08:42:33.893 | DEBUG    | aivc_trade.execution.position_manager:update_stop:40 - Trail updated: BTCUSDC trail=113006.12 (close=114344.76)
2026-02-12 08:42:33.899 | DEBUG    | aivc_trade.execution.position_manager:update_stop:40 - Trail updated: BTCUSDC trail=113079.72 (close=114337.27)
2026-02-12 08:42:33.904 | DEBUG    | aivc_trade.execution.position_manager:update_stop:40 - Trail updated: BTCUSDC trail=113082.67 (close=114259.60)
2026-02-12 08:42:33.910 | DEBUG    | aivc_trade.execution.position_manager:update_stop:40 - Trail updated: BTCUSDC trail=113184.88 (close=114273.50)
2026-02-12 08:42:33.916 | DEBUG    | aivc_trade.execution.position_manager:update_stop:40 - Trail updated: BTCUSDC trail=113386.11 (close=114400.55)
2026-02-12 08:42:33.922 | DEBUG    | aivc_trade.execution.position_manager:update_stop:40 - Trail updated: BTCUSDC trail=113493.27 (close=114615.01)
2026-02-12 08:42:33.968 | INFO     | aivc_trade.execution.position_manager:check_exit:71 - EXIT TRAILING_STOP: BTCUSDC close=112863.51 stop=113493.27
2026-02-12 08:42:34.227 | INFO     | aivc_trade.strategy.signal:generate_signals:179 - Signal: BTCUSDC score=0.2126 entry=119713.04 stop=118601.56
2026-02-12 08:42:34.228 | INFO     | aivc_trade.strategy.sizing:compute_qty:66 - Sizing: qty=0.08825000000000001, notional=10564.68, risk=0.88%, equity=11121.55
2026-02-12 08:42:34.253 | DEBUG    | aivc_trade.execution.position_manager:update_stop:40 - Trail updated: BTCUSDC trail=118857.63 (close=120599.01)
2026-02-12 08:42:34.259 | DEBUG    | aivc_trade.execution.position_manager:update_stop:40 - Trail updated: BTCUSDC trail=119230.73 (close=120937.04)
2026-02-12 08:42:34.334 | DEBUG    | aivc_trade.execution.position_manager:update_stop:40 - Trail updated: BTCUSDC trail=119431.91 (close=120545.24)
2026-02-12 08:42:34.344 | DEBUG    | aivc_trade.execution.position_manager:update_stop:40 - Trail updated: BTCUSDC trail=119441.00 (close=120480.01)
2026-02-12 08:42:34.355 | DEBUG    | aivc_trade.execution.position_manager:update_stop:40 - Trail updated: BTCUSDC trail=119707.16 (close=121033.01)
2026-02-12 08:42:34.360 | DEBUG    | aivc_trade.execution.position_manager:update_stop:40 - Trail updated: BTCUSDC trail=120649.09 (close=122374.02)
2026-02-12 08:42:34.370 | INFO     | aivc_trade.execution.position_manager:check_exit:94 - EXIT REGIME: BTCUSDC regime=CHAOS
2026-02-12 08:42:34.386 | DEBUG    | aivc_trade.strategy.signal:generate_signals:140 - BTCUSDC in cooldown until 2025-10-03 23:00:00+00:00
2026-02-12 08:42:34.392 | DEBUG    | aivc_trade.strategy.signal:generate_signals:140 - BTCUSDC in cooldown until 2025-10-03 23:00:00+00:00
2026-02-12 08:42:34.397 | DEBUG    | aivc_trade.strategy.signal:generate_signals:140 - BTCUSDC in cooldown until 2025-10-03 23:00:00+00:00
2026-02-12 08:42:34.544 | INFO     | aivc_trade.strategy.signal:generate_signals:179 - Signal: BTCUSDC score=0.0008 entry=124100.59 stop=122914.82
2026-02-12 08:42:34.545 | INFO     | aivc_trade.strategy.sizing:compute_qty:66 - Sizing: qty=0.08655, notional=10740.91, risk=0.91%, equity=11306.53
2026-02-12 08:42:34.556 | DEBUG    | aivc_trade.execution.position_manager:update_stop:40 - Trail updated: BTCUSDC trail=123337.60 (close=125238.70)
2026-02-12 08:42:34.584 | INFO     | aivc_trade.execution.position_manager:check_exit:71 - EXIT TRAILING_STOP: BTCUSDC close=123065.12 stop=123337.60
2026-02-12 08:42:34.585 | DEBUG    | aivc_trade.strategy.signal:generate_signals:140 - BTCUSDC in cooldown until 2025-10-05 15:00:00+00:00
2026-02-12 08:42:34.591 | DEBUG    | aivc_trade.strategy.signal:generate_signals:140 - BTCUSDC in cooldown until 2025-10-05 15:00:00+00:00
2026-02-12 08:42:34.597 | DEBUG    | aivc_trade.strategy.signal:generate_signals:140 - BTCUSDC in cooldown until 2025-10-05 15:00:00+00:00
2026-02-12 08:42:34.603 | DEBUG    | aivc_trade.strategy.signal:generate_signals:140 - BTCUSDC in cooldown until 2025-10-05 15:00:00+00:00
2026-02-12 08:42:34.733 | INFO     | aivc_trade.strategy.signal:generate_signals:179 - Signal: BTCUSDC score=0.0476 entry=124613.81 stop=123402.13
2026-02-12 08:42:34.734 | INFO     | aivc_trade.strategy.sizing:compute_qty:66 - Sizing: qty=0.08526, notional=10624.57, risk=0.92%, equity=11184.82
2026-02-12 08:42:34.755 | DEBUG    | aivc_trade.execution.position_manager:update_stop:40 - Trail updated: BTCUSDC trail=123870.47 (close=125549.00)
2026-02-12 08:42:34.769 | DEBUG    | aivc_trade.execution.position_manager:update_stop:40 - Trail updated: BTCUSDC trail=124249.66 (close=126103.99)
2026-02-12 08:42:34.837 | INFO     | aivc_trade.execution.position_manager:check_exit:71 - EXIT TRAILING_STOP: BTCUSDC close=123979.08 stop=124249.66
2026-02-12 08:42:34.872 | INFO     | aivc_trade.strategy.signal:generate_signals:179 - Signal: ETHUSDC score=0.2763 entry=4752.00 stop=4680.00
2026-02-12 08:42:34.873 | INFO     | aivc_trade.strategy.sizing:compute_qty:66 - Sizing: qty=2.2188000000000003, notional=10543.74, risk=1.44%, equity=11098.91
2026-02-12 08:42:34.883 | INFO     | aivc_trade.execution.position_manager:check_exit:71 - EXIT STOP_LOSS: ETHUSDC close=4597.69 stop=4680.00
2026-02-12 08:42:37.307 | INFO     | aivc_trade.strategy.signal:generate_signals:179 - Signal: BTCUSDC score=0.3506 entry=115568.20 stop=114325.71
2026-02-12 08:42:37.308 | INFO     | aivc_trade.strategy.sizing:compute_qty:66 - Sizing: qty=0.08816, notional=10188.49, risk=1.02%, equity=10725.43
2026-02-12 08:42:37.395 | INFO     | aivc_trade.execution.position_manager:check_exit:71 - EXIT STOP_LOSS: BTCUSDC close=114323.99 stop=114325.71
2026-02-12 08:42:44.242 | INFO     | aivc_trade.strategy.signal:generate_signals:179 - Signal: ETHUSDC score=0.1708 entry=3022.00 stop=2968.43
2026-02-12 08:42:44.242 | INFO     | aivc_trade.strategy.sizing:compute_qty:66 - Sizing: qty=3.3277, notional=10056.04, risk=1.68%, equity=10585.34
2026-02-12 08:42:44.303 | DEBUG    | aivc_trade.execution.position_manager:update_stop:40 - Trail updated: ETHUSDC trail=2994.71 (close=3048.65)
2026-02-12 08:42:44.309 | DEBUG    | aivc_trade.execution.position_manager:update_stop:40 - Trail updated: ETHUSDC trail=2999.76 (close=3057.72)
2026-02-12 08:42:44.315 | DEBUG    | aivc_trade.execution.position_manager:update_stop:40 - Trail updated: ETHUSDC trail=3000.91 (close=3056.65)
2026-02-12 08:42:44.349 | INFO     | aivc_trade.execution.position_manager:check_exit:71 - EXIT TRAILING_STOP: ETHUSDC close=2980.09 stop=3000.91
2026-02-12 08:42:45.410 | INFO     | aivc_trade.backtest.simulator:run:243 - Backtest done: 80 trades, final equity=10416.19
2026-02-12 08:42:45.435 | INFO     | __main__:main:171 - Trades saved → data/backtest_results/trades.parquet
2026-02-12 08:42:45.447 | INFO     | __main__:main:175 - Equity curve saved → data/backtest_results/equity_curve.parquet
2026-02-12 08:47:56.159 | DEBUG    | aivc_trade.data.candles_store:load:37 - Loaded 24594 rows ← data/candles/BTCUSDC/1h.parquet
2026-02-12 08:47:56.235 | DEBUG    | aivc_trade.data.candles_store:load:37 - Loaded 295107 rows ← data/candles/BTCUSDC/5m.parquet
2026-02-12 08:47:56.255 | DEBUG    | aivc_trade.data.candles_store:load:37 - Loaded 24594 rows ← data/candles/ETHUSDC/1h.parquet
2026-02-12 08:47:56.315 | DEBUG    | aivc_trade.data.candles_store:load:37 - Loaded 295107 rows ← data/candles/ETHUSDC/5m.parquet
2026-02-12 08:49:02.633 | INFO     | __main__:main:114 - ==================================================
2026-02-12 08:49:02.635 | INFO     | __main__:main:115 - AIVC Trade – Phase A Backtest
2026-02-12 08:49:02.635 | INFO     | __main__:main:116 - Period: 2023-03-12 → 2025-12-31
2026-02-12 08:49:02.636 | INFO     | __main__:main:117 - Initial equity: 10000.0
2026-02-12 08:49:02.636 | INFO     | __main__:main:118 - ==================================================
2026-02-12 08:49:02.661 | DEBUG    | aivc_trade.data.candles_store:load:37 - Loaded 24594 rows ← data/candles/BTCUSDC/1h.parquet
2026-02-12 08:49:02.667 | INFO     | __main__:_ensure_data:60 - Downloading 1h data for BTCUSDC...
2026-02-12 08:49:07.754 | DEBUG    | aivc_trade.data.candles_store:save:30 - Saved 24594 rows → data/candles/BTCUSDC/1h.parquet
2026-02-12 08:49:07.820 | DEBUG    | aivc_trade.data.candles_store:load:37 - Loaded 295107 rows ← data/candles/BTCUSDC/5m.parquet
2026-02-12 08:49:07.825 | INFO     | __main__:_ensure_data:83 - Downloading 5m data for BTCUSDC...
2026-02-12 08:50:09.531 | DEBUG    | aivc_trade.data.candles_store:save:30 - Saved 295107 rows → data/candles/BTCUSDC/5m.parquet
2026-02-12 08:50:09.546 | DEBUG    | aivc_trade.data.candles_store:load:37 - Loaded 24594 rows ← data/candles/ETHUSDC/1h.parquet
2026-02-12 08:50:09.549 | INFO     | __main__:_ensure_data:60 - Downloading 1h data for ETHUSDC...
2026-02-12 08:50:16.108 | DEBUG    | aivc_trade.data.candles_store:save:30 - Saved 24594 rows → data/candles/ETHUSDC/1h.parquet
2026-02-12 08:50:16.164 | DEBUG    | aivc_trade.data.candles_store:load:37 - Loaded 295107 rows ← data/candles/ETHUSDC/5m.parquet
2026-02-12 08:50:16.179 | INFO     | __main__:_ensure_data:83 - Downloading 5m data for ETHUSDC...
2026-02-12 08:51:14.217 | DEBUG    | aivc_trade.data.candles_store:save:30 - Saved 295107 rows → data/candles/ETHUSDC/5m.parquet
2026-02-12 08:51:15.605 | INFO     | aivc_trade.strategy.signal:generate_signals:179 - Signal: BTCUSDC score=0.1363 entry=28456.81 stop=28163.86
2026-02-12 08:51:15.607 | INFO     | aivc_trade.strategy.sizing:compute_qty:66 - Sizing: qty=0.33366, notional=9499.96, risk=1.03%, equity=10000.00
2026-02-12 08:51:15.646 | DEBUG    | aivc_trade.execution.position_manager:update_stop:40 - Trail updated: BTCUSDC trail=28538.34 (close=29053.98)
2026-02-12 08:51:15.648 | DEBUG    | aivc_trade.execution.position_manager:update_stop:40 - Trail updated: BTCUSDC trail=28635.23 (close=29173.78)
2026-02-12 08:51:15.650 | DEBUG    | aivc_trade.execution.position_manager:update_stop:40 - Trail updated: BTCUSDC trail=28758.90 (close=29282.07)
2026-02-12 08:51:15.658 | DEBUG    | aivc_trade.execution.position_manager:update_stop:40 - Trail updated: BTCUSDC trail=28992.39 (close=29613.76)
2026-02-12 08:51:15.661 | DEBUG    | aivc_trade.execution.position_manager:update_stop:40 - Trail updated: BTCUSDC trail=29062.64 (close=29657.37)
2026-02-12 08:51:15.663 | DEBUG    | aivc_trade.execution.position_manager:update_stop:40 - Trail updated: BTCUSDC trail=29303.60 (close=29951.34)
2026-02-12 08:51:15.666 | DEBUG    | aivc_trade.execution.position_manager:update_stop:40 - Trail updated: BTCUSDC trail=29471.46 (close=30217.61)
2026-02-12 08:51:15.666 | INFO     | aivc_trade.execution.position_manager:check_exit:94 - EXIT REGIME: BTCUSDC regime=CHAOS
2026-02-12 08:51:15.673 | DEBUG    | aivc_trade.strategy.signal:generate_signals:140 - BTCUSDC in cooldown until 2023-04-11 07:00:00+00:00
2026-02-12 08:51:15.675 | DEBUG    | aivc_trade.strategy.signal:generate_signals:140 - BTCUSDC in cooldown until 2023-04-11 07:00:00+00:00
2026-02-12 08:51:15.677 | DEBUG    | aivc_trade.strategy.signal:generate_signals:140 - BTCUSDC in cooldown until 2023-04-11 07:00:00+00:00
2026-02-12 08:51:15.788 | INFO     | aivc_trade.strategy.signal:generate_signals:179 - Signal: BTCUSDC score=-0.0146 entry=30469.16 stop=30088.92
2026-02-12 08:51:15.789 | INFO     | aivc_trade.strategy.sizing:compute_qty:66 - Sizing: qty=0.32905, notional=10026.77, risk=1.19%, equity=10554.60
2026-02-12 08:51:15.810 | DEBUG    | aivc_trade.execution.position_manager:update_stop:40 - Trail updated: BTCUSDC trail=30301.78 (close=30772.51)
2026-02-12 08:51:15.812 | DEBUG    | aivc_trade.execution.position_manager:update_stop:40 - Trail updated: BTCUSDC trail=30321.82 (close=30804.33)
2026-02-12 08:51:15.820 | DEBUG    | aivc_trade.execution.position_manager:update_stop:40 - Trail updated: BTCUSDC trail=30382.70 (close=30828.07)
2026-02-12 08:51:15.823 | DEBUG    | aivc_trade.execution.position_manager:update_stop:40 - Trail updated: BTCUSDC trail=30489.84 (close=30975.80)
2026-02-12 08:51:15.841 | INFO     | aivc_trade.execution.position_manager:check_exit:71 - EXIT TRAILING_STOP: BTCUSDC close=30266.69 stop=30489.84
2026-02-12 08:51:18.628 | INFO     | aivc_trade.strategy.signal:generate_signals:179 - Signal: BTCUSDC score=0.0189 entry=29704.54 stop=29236.67
2026-02-12 08:51:18.630 | INFO     | aivc_trade.strategy.sizing:compute_qty:66 - Sizing: qty=0.33440000000000003, notional=9932.06, risk=1.49%, equity=10455.11
2026-02-12 08:51:18.656 | INFO     | aivc_trade.execution.position_manager:check_exit:71 - EXIT STOP_LOSS: BTCUSDC close=29128.63 stop=29236.67
2026-02-12 08:51:19.095 | INFO     | aivc_trade.strategy.signal:generate_signals:179 - Signal: BTCUSDC score=0.2305 entry=27343.97 stop=27020.69
2026-02-12 08:51:19.097 | INFO     | aivc_trade.strategy.sizing:compute_qty:66 - Sizing: qty=0.35538000000000003, notional=9719.58, risk=1.14%, equity=10231.37
2026-02-12 08:51:19.123 | DEBUG    | aivc_trade.execution.position_manager:update_stop:40 - Trail updated: BTCUSDC trail=27118.29 (close=27512.41)
2026-02-12 08:51:19.135 | INFO     | aivc_trade.execution.position_manager:check_exit:94 - EXIT REGIME: BTCUSDC regime=CHAOS
2026-02-12 08:51:19.500 | INFO     | aivc_trade.strategy.signal:generate_signals:179 - Signal: ETHUSDC score=-0.0433 entry=1834.25 stop=1814.01
2026-02-12 08:51:19.502 | INFO     | aivc_trade.strategy.sizing:compute_qty:66 - Sizing: qty=5.248200000000001, notional=9630.97, risk=1.09%, equity=10137.96
2026-02-12 08:51:19.507 | DEBUG    | aivc_trade.execution.position_manager:update_stop:40 - Trail updated: ETHUSDC trail=1834.77 (close=1866.27)
2026-02-12 08:51:19.534 | DEBUG    | aivc_trade.execution.position_manager:update_stop:40 - Trail updated: ETHUSDC trail=1836.38 (close=1857.36)
2026-02-12 08:51:19.562 | INFO     | aivc_trade.execution.position_manager:check_exit:71 - EXIT TRAILING_STOP: ETHUSDC close=1822.17 stop=1836.38
2026-02-12 08:51:19.769 | INFO     | aivc_trade.strategy.signal:generate_signals:179 - Signal: BTCUSDC score=0.0540 entry=27081.97 stop=26828.62
2026-02-12 08:51:19.769 | INFO     | aivc_trade.strategy.signal:generate_signals:179 - Signal: ETHUSDC score=0.0051 entry=1850.18 stop=1831.89
2026-02-12 08:51:19.771 | INFO     | aivc_trade.strategy.sizing:compute_qty:66 - Sizing: qty=0.3522, notional=9539.28, risk=0.90%, equity=10041.57
2026-02-12 08:51:19.787 | DEBUG    | aivc_trade.execution.position_manager:update_stop:40 - Trail updated: BTCUSDC trail=27003.05 (close=27229.87)
2026-02-12 08:51:19.793 | DEBUG    | aivc_trade.execution.position_manager:update_stop:40 - Trail updated: BTCUSDC trail=27004.81 (close=27212.30)
2026-02-12 08:51:19.805 | DEBUG    | aivc_trade.execution.position_manager:update_stop:40 - Trail updated: BTCUSDC trail=27046.34 (close=27274.04)
2026-02-12 08:51:19.810 | DEBUG    | aivc_trade.execution.position_manager:update_stop:40 - Trail updated: BTCUSDC trail=27080.47 (close=27352.87)
2026-02-12 08:51:19.813 | DEBUG    | aivc_trade.execution.position_manager:update_stop:40 - Trail updated: BTCUSDC trail=27219.13 (close=27598.74)
2026-02-12 08:51:19.819 | DEBUG    | aivc_trade.execution.position_manager:update_stop:40 - Trail updated: BTCUSDC trail=27394.27 (close=27843.01)
2026-02-12 08:51:19.822 | DEBUG    | aivc_trade.execution.position_manager:update_stop:40 - Trail updated: BTCUSDC trail=27584.81 (close=28092.05)
2026-02-12 08:51:19.822 | INFO     | aivc_trade.execution.position_manager:check_exit:94 - EXIT REGIME: BTCUSDC regime=CHAOS
2026-02-12 08:51:21.275 | INFO     | aivc_trade.strategy.signal:generate_signals:179 - Signal: ETHUSDC score=-0.0005 entry=1920.92 stop=1892.64
2026-02-12 08:51:21.277 | INFO     | aivc_trade.strategy.sizing:compute_qty:66 - Sizing: qty=5.125900000000001, notional=9849.21, risk=1.42%, equity=10367.66
2026-02-12 08:51:21.297 | INFO     | aivc_trade.execution.position_manager:check_exit:71 - EXIT STOP_LOSS: ETHUSDC close=1890.09 stop=1892.64
2026-02-12 08:51:21.299 | DEBUG    | aivc_trade.strategy.signal:generate_signals:140 - ETHUSDC in cooldown until 2023-06-25 20:00:00+00:00
2026-02-12 08:51:21.739 | INFO     | aivc_trade.strategy.signal:generate_signals:179 - Signal: BTCUSDC score=0.0956 entry=31215.95 stop=30838.77
2026-02-12 08:51:21.741 | INFO     | aivc_trade.strategy.sizing:compute_qty:66 - Sizing: qty=0.3098, notional=9667.47, risk=1.12%, equity=10176.53
2026-02-12 08:51:21.800 | INFO     | aivc_trade.execution.position_manager:check_exit:71 - EXIT STOP_LOSS: BTCUSDC close=30708.03 stop=30838.77
2026-02-12 08:51:22.124 | INFO     | aivc_trade.strategy.signal:generate_signals:179 - Signal: BTCUSDC score=0.0544 entry=30521.10 stop=30215.38
2026-02-12 08:51:22.126 | INFO     | aivc_trade.strategy.sizing:compute_qty:66 - Sizing: qty=0.31087000000000004, notional=9492.51, risk=1.00%, equity=9992.38
2026-02-12 08:51:22.129 | DEBUG    | aivc_trade.execution.position_manager:update_stop:40 - Trail updated: BTCUSDC trail=30419.71 (close=30835.43)
2026-02-12 08:51:22.134 | INFO     | aivc_trade.execution.position_manager:check_exit:71 - EXIT TRAILING_STOP: BTCUSDC close=30302.92 stop=30419.71
2026-02-12 08:51:22.136 | DEBUG    | aivc_trade.strategy.signal:generate_signals:140 - BTCUSDC in cooldown until 2023-07-11 03:00:00+00:00
2026-02-12 08:51:22.138 | DEBUG    | aivc_trade.strategy.signal:generate_signals:140 - BTCUSDC in cooldown until 2023-07-11 03:00:00+00:00
2026-02-12 08:51:22.142 | DEBUG    | aivc_trade.strategy.signal:generate_signals:140 - BTCUSDC in cooldown until 2023-07-11 03:00:00+00:00
2026-02-12 08:51:22.144 | DEBUG    | aivc_trade.strategy.signal:generate_signals:140 - BTCUSDC in cooldown until 2023-07-11 03:00:00+00:00
2026-02-12 08:51:22.147 | DEBUG    | aivc_trade.strategy.signal:generate_signals:140 - BTCUSDC in cooldown until 2023-07-11 03:00:00+00:00
2026-02-12 08:51:22.301 | INFO     | aivc_trade.strategy.signal:generate_signals:179 - Signal: BTCUSDC score=-0.2017 entry=30917.60 stop=30487.85
2026-02-12 08:51:22.303 | INFO     | aivc_trade.strategy.sizing:compute_qty:66 - Sizing: qty=0.3037, notional=9391.94, risk=1.34%, equity=9886.45
2026-02-12 08:51:22.310 | DEBUG    | aivc_trade.execution.position_manager:update_stop:40 - Trail updated: BTCUSDC trail=30616.62 (close=31280.82)
2026-02-12 08:51:22.311 | INFO     | aivc_trade.execution.position_manager:check_exit:94 - EXIT REGIME: BTCUSDC regime=CHAOS
2026-02-12 08:51:23.811 | INFO     | aivc_trade.strategy.signal:generate_signals:179 - Signal: BTCUSDC score=0.0713 entry=29401.89 stop=29186.31
2026-02-12 08:51:23.812 | INFO     | aivc_trade.strategy.sizing:compute_qty:66 - Sizing: qty=0.32187000000000004, notional=9463.59, risk=0.70%, equity=9961.77
2026-02-12 08:51:23.815 | DEBUG    | aivc_trade.execution.position_manager:update_stop:40 - Trail updated: BTCUSDC trail=29257.75 (close=29550.26)
2026-02-12 08:51:23.826 | DEBUG    | aivc_trade.execution.position_manager:update_stop:40 - Trail updated: BTCUSDC trail=29306.84 (close=29732.52)
2026-02-12 08:51:23.832 | DEBUG    | aivc_trade.execution.position_manager:update_stop:40 - Trail updated: BTCUSDC trail=29357.96 (close=29786.81)
2026-02-12 08:51:23.834 | DEBUG    | aivc_trade.execution.position_manager:update_stop:40 - Trail updated: BTCUSDC trail=29398.24 (close=29831.68)
2026-02-12 08:51:23.837 | DEBUG    | aivc_trade.execution.position_manager:update_stop:40 - Trail updated: BTCUSDC trail=29454.82 (close=29867.22)
2026-02-12 08:51:23.840 | DEBUG    | aivc_trade.execution.position_manager:update_stop:40 - Trail updated: BTCUSDC trail=29561.46 (close=29976.10)
2026-02-12 08:51:23.843 | INFO     | aivc_trade.execution.position_manager:check_exit:94 - EXIT REGIME: BTCUSDC regime=CHAOS
2026-02-12 08:51:23.849 | DEBUG    | aivc_trade.strategy.signal:generate_signals:140 - BTCUSDC in cooldown until 2023-08-09 03:00:00+00:00
2026-02-12 08:51:23.853 | DEBUG    | aivc_trade.strategy.signal:generate_signals:140 - BTCUSDC in cooldown until 2023-08-09 03:00:00+00:00
2026-02-12 08:51:23.855 | DEBUG    | aivc_trade.strategy.signal:generate_signals:140 - BTCUSDC in cooldown until 2023-08-09 03:00:00+00:00
2026-02-12 08:51:23.858 | DEBUG    | aivc_trade.strategy.signal:generate_signals:140 - BTCUSDC in cooldown until 2023-08-09 03:00:00+00:00
2026-02-12 08:51:24.722 | INFO     | aivc_trade.strategy.signal:generate_signals:179 - Signal: BTCUSDC score=-0.0052 entry=26389.18 stop=26023.19
2026-02-12 08:51:24.724 | INFO     | aivc_trade.strategy.sizing:compute_qty:66 - Sizing: qty=0.36281, notional=9573.75, risk=1.31%, equity=10077.73
2026-02-12 08:51:24.732 | DEBUG    | aivc_trade.execution.position_manager:update_stop:40 - Trail updated: BTCUSDC trail=26139.28 (close=26628.02)
2026-02-12 08:51:24.780 | INFO     | aivc_trade.execution.position_manager:check_exit:71 - EXIT TRAILING_STOP: BTCUSDC close=26106.31 stop=26139.28
2026-02-12 08:51:25.614 | INFO     | aivc_trade.strategy.signal:generate_signals:179 - Signal: BTCUSDC score=0.0806 entry=25988.39 stop=25731.76
2026-02-12 08:51:25.615 | INFO     | aivc_trade.strategy.sizing:compute_qty:66 - Sizing: qty=0.36310000000000003, notional=9444.08, risk=1.01%, equity=9941.38
2026-02-12 08:51:25.619 | DEBUG    | aivc_trade.execution.position_manager:update_stop:40 - Trail updated: BTCUSDC trail=25731.15 (close=26137.59)
2026-02-12 08:51:25.621 | DEBUG    | aivc_trade.execution.position_manager:update_stop:40 - Trail updated: BTCUSDC trail=25872.32 (close=26318.25)
2026-02-12 08:51:25.627 | DEBUG    | aivc_trade.execution.position_manager:update_stop:40 - Trail updated: BTCUSDC trail=25882.51 (close=26354.26)
2026-02-12 08:51:25.644 | DEBUG    | aivc_trade.execution.position_manager:update_stop:40 - Trail updated: BTCUSDC trail=25951.87 (close=26333.92)
2026-02-12 08:51:25.664 | INFO     | aivc_trade.execution.position_manager:check_exit:71 - EXIT TRAILING_STOP: BTCUSDC close=25820.30 stop=25951.87
2026-02-12 08:51:26.020 | INFO     | aivc_trade.strategy.signal:generate_signals:179 - Signal: BTCUSDC score=-0.0654 entry=26518.41 stop=26163.03
2026-02-12 08:51:26.021 | INFO     | aivc_trade.strategy.sizing:compute_qty:66 - Sizing: qty=0.35266000000000003, notional=9351.56, risk=1.27%, equity=9843.93
2026-02-12 08:51:26.057 | DEBUG    | aivc_trade.execution.position_manager:update_stop:40 - Trail updated: BTCUSDC trail=26314.11 (close=26732.33)
2026-02-12 08:51:26.111 | INFO     | aivc_trade.execution.position_manager:check_exit:94 - EXIT REGIME: BTCUSDC regime=CHAOS
2026-02-12 08:51:26.289 | INFO     | aivc_trade.strategy.signal:generate_signals:179 - Signal: BTCUSDC score=0.1675 entry=26881.76 stop=26629.85
2026-02-12 08:51:26.290 | INFO     | aivc_trade.strategy.signal:generate_signals:179 - Signal: ETHUSDC score=0.1684 entry=1638.36 stop=1621.49
2026-02-12 08:51:26.291 | INFO     | aivc_trade.strategy.sizing:compute_qty:66 - Sizing: qty=5.660200000000001, notional=9273.95, risk=0.98%, equity=9762.20
2026-02-12 08:51:26.294 | DEBUG    | aivc_trade.execution.position_manager:update_stop:40 - Trail updated: ETHUSDC trail=1627.07 (close=1648.33)
2026-02-12 08:51:26.297 | DEBUG    | aivc_trade.execution.position_manager:update_stop:40 - Trail updated: ETHUSDC trail=1633.41 (close=1655.04)
2026-02-12 08:51:26.300 | DEBUG    | aivc_trade.execution.position_manager:update_stop:40 - Trail updated: ETHUSDC trail=1640.69 (close=1665.64)
2026-02-12 08:51:26.313 | INFO     | aivc_trade.execution.position_manager:check_exit:71 - EXIT TRAILING_STOP: ETHUSDC close=1638.56 stop=1640.69
2026-02-12 08:51:26.315 | DEBUG    | aivc_trade.strategy.signal:generate_signals:140 - ETHUSDC in cooldown until 2023-09-18 23:00:00+00:00
2026-02-12 08:51:26.317 | DEBUG    | aivc_trade.strategy.signal:generate_signals:140 - ETHUSDC in cooldown until 2023-09-18 23:00:00+00:00
2026-02-12 08:51:26.320 | DEBUG    | aivc_trade.strategy.signal:generate_signals:140 - ETHUSDC in cooldown until 2023-09-18 23:00:00+00:00
2026-02-12 08:51:26.905 | INFO     | aivc_trade.strategy.signal:generate_signals:179 - Signal: ETHUSDC score=-0.1351 entry=1630.29 stop=1611.54
2026-02-12 08:51:26.907 | INFO     | aivc_trade.strategy.sizing:compute_qty:66 - Sizing: qty=5.6729, notional=9247.68, risk=1.08%, equity=9734.49
2026-02-12 08:51:26.917 | DEBUG    | aivc_trade.execution.position_manager:update_stop:40 - Trail updated: ETHUSDC trail=1612.79 (close=1638.83)
2026-02-12 08:51:26.921 | DEBUG    | aivc_trade.execution.position_manager:update_stop:40 - Trail updated: ETHUSDC trail=1622.08 (close=1650.49)
2026-02-12 08:51:26.923 | DEBUG    | aivc_trade.execution.position_manager:update_stop:40 - Trail updated: ETHUSDC trail=1623.03 (close=1654.49)
2026-02-12 08:51:26.924 | INFO     | aivc_trade.execution.position_manager:check_exit:94 - EXIT REGIME: ETHUSDC regime=CHAOS
2026-02-12 08:51:27.363 | INFO     | aivc_trade.strategy.signal:generate_signals:179 - Signal: BTCUSDC score=0.1319 entry=28005.47 stop=27724.64
2026-02-12 08:51:27.364 | INFO     | aivc_trade.strategy.sizing:compute_qty:66 - Sizing: qty=0.33422, notional=9359.58, risk=0.95%, equity=9852.43
2026-02-12 08:51:27.370 | INFO     | aivc_trade.execution.position_manager:check_exit:71 - EXIT STOP_LOSS: BTCUSDC close=27563.90 stop=27724.64
2026-02-12 08:51:28.020 | INFO     | aivc_trade.strategy.signal:generate_signals:179 - Signal: BTCUSDC score=0.1978 entry=27206.29 stop=27021.12
2026-02-12 08:51:28.021 | INFO     | aivc_trade.strategy.sizing:compute_qty:66 - Sizing: qty=0.33790000000000003, notional=9192.63, risk=0.64%, equity=9676.70
2026-02-12 08:51:28.047 | DEBUG    | aivc_trade.execution.position_manager:update_stop:40 - Trail updated: BTCUSDC trail=27456.56 (close=27916.60)
2026-02-12 08:51:28.047 | INFO     | aivc_trade.execution.position_manager:check_exit:94 - EXIT REGIME: BTCUSDC regime=CHAOS
2026-02-12 08:51:28.058 | DEBUG    | aivc_trade.strategy.signal:generate_signals:140 - BTCUSDC in cooldown until 2023-10-16 11:00:00+00:00
2026-02-12 08:51:28.061 | DEBUG    | aivc_trade.strategy.signal:generate_signals:140 - BTCUSDC in cooldown until 2023-10-16 11:00:00+00:00
2026-02-12 08:51:28.064 | DEBUG    | aivc_trade.strategy.signal:generate_signals:140 - BTCUSDC in cooldown until 2023-10-16 11:00:00+00:00
2026-02-12 08:51:28.184 | INFO     | aivc_trade.strategy.signal:generate_signals:179 - Signal: BTCUSDC score=-0.0612 entry=28724.15 stop=28314.20
2026-02-12 08:51:28.186 | INFO     | aivc_trade.strategy.sizing:compute_qty:66 - Sizing: qty=0.32673, notional=9397.04, risk=1.48%, equity=9891.65
2026-02-12 08:51:28.201 | INFO     | aivc_trade.execution.position_manager:check_exit:71 - EXIT STOP_LOSS: BTCUSDC close=28271.09 stop=28314.20
2026-02-12 08:51:28.202 | DEBUG    | aivc_trade.strategy.signal:generate_signals:140 - BTCUSDC in cooldown until 2023-10-18 15:00:00+00:00
2026-02-12 08:51:28.408 | INFO     | aivc_trade.strategy.signal:generate_signals:179 - Signal: BTCUSDC score=0.2744 entry=29899.47 stop=29633.87
2026-02-12 08:51:28.410 | INFO     | aivc_trade.strategy.sizing:compute_qty:66 - Sizing: qty=0.30849000000000004, notional=9220.62, risk=0.81%, equity=9705.92
2026-02-12 08:51:28.418 | DEBUG    | aivc_trade.execution.position_manager:update_stop:40 - Trail updated: BTCUSDC trail=29777.64 (close=30161.35)
2026-02-12 08:51:28.490 | INFO     | aivc_trade.execution.position_manager:check_exit:71 - EXIT TRAILING_STOP: BTCUSDC close=29771.56 stop=29777.64
2026-02-12 08:51:28.503 | DEBUG    | aivc_trade.strategy.signal:generate_signals:140 - BTCUSDC in cooldown until 2023-10-23 03:00:00+00:00
2026-02-12 08:51:28.506 | DEBUG    | aivc_trade.strategy.signal:generate_signals:140 - BTCUSDC in cooldown until 2023-10-23 03:00:00+00:00
2026-02-12 08:51:28.662 | INFO     | aivc_trade.strategy.signal:generate_signals:179 - Signal: BTCUSDC score=-0.0149 entry=34495.81 stop=33746.14
2026-02-12 08:51:28.663 | INFO     | aivc_trade.strategy.sizing:compute_qty:66 - Sizing: qty=0.26548000000000005, notional=9157.38, risk=2.06%, equity=9639.61
2026-02-12 08:51:28.669 | DEBUG    | aivc_trade.execution.position_manager:update_stop:40 - Trail updated: BTCUSDC trail=33950.58 (close=34852.47)
2026-02-12 08:51:28.735 | INFO     | aivc_trade.execution.position_manager:check_exit:71 - EXIT TRAILING_STOP: BTCUSDC close=33767.74 stop=33950.58
2026-02-12 08:51:29.372 | INFO     | aivc_trade.strategy.signal:generate_signals:179 - Signal: BTCUSDC score=0.2389 entry=35281.50 stop=34919.27
2026-02-12 08:51:29.373 | INFO     | aivc_trade.strategy.sizing:compute_qty:66 - Sizing: qty=0.25338, notional=8946.25, risk=1.04%, equity=9417.40
2026-02-12 08:51:29.401 | INFO     | aivc_trade.execution.position_manager:check_exit:71 - EXIT STOP_LOSS: BTCUSDC close=34857.90 stop=34919.27
2026-02-12 08:51:29.613 | INFO     | aivc_trade.strategy.signal:generate_signals:179 - Signal: BTCUSDC score=0.1053 entry=35594.76 stop=35159.22
2026-02-12 08:51:29.614 | INFO     | aivc_trade.strategy.sizing:compute_qty:66 - Sizing: qty=0.24752000000000002, notional=8811.41, risk=1.17%, equity=9275.31
2026-02-12 08:51:29.631 | DEBUG    | aivc_trade.execution.position_manager:update_stop:40 - Trail updated: BTCUSDC trail=35097.38 (close=35863.46)
2026-02-12 08:51:29.634 | DEBUG    | aivc_trade.execution.position_manager:update_stop:40 - Trail updated: BTCUSDC trail=35165.80 (close=35935.31)
2026-02-12 08:51:29.637 | DEBUG    | aivc_trade.execution.position_manager:update_stop:40 - Trail updated: BTCUSDC trail=35443.39 (close=36363.46)
2026-02-12 08:51:29.638 | INFO     | aivc_trade.execution.position_manager:check_exit:94 - EXIT REGIME: BTCUSDC regime=CHAOS
2026-02-12 08:51:29.648 | DEBUG    | aivc_trade.strategy.signal:generate_signals:140 - BTCUSDC in cooldown until 2023-11-09 08:00:00+00:00
2026-02-12 08:51:29.651 | DEBUG    | aivc_trade.strategy.signal:generate_signals:140 - BTCUSDC in cooldown until 2023-11-09 08:00:00+00:00
2026-02-12 08:51:29.654 | DEBUG    | aivc_trade.strategy.signal:generate_signals:140 - BTCUSDC in cooldown until 2023-11-09 08:00:00+00:00
2026-02-12 08:51:29.746 | INFO     | aivc_trade.strategy.signal:generate_signals:179 - Signal: BTCUSDC score=-0.1270 entry=37388.10 stop=36719.36
2026-02-12 08:51:29.748 | INFO     | aivc_trade.strategy.sizing:compute_qty:66 - Sizing: qty=0.23988, notional=8968.62, risk=1.70%, equity=9440.98
2026-02-12 08:51:29.879 | INFO     | aivc_trade.execution.position_manager:check_exit:86 - EXIT TIMEOUT: BTCUSDC held 48.0h, MFE=0.00
2026-02-12 08:51:30.387 | INFO     | aivc_trade.strategy.signal:generate_signals:179 - Signal: ETHUSDC score=0.2674 entry=2019.95 stop=1990.33
2026-02-12 08:51:30.388 | INFO     | aivc_trade.strategy.sizing:compute_qty:66 - Sizing: qty=4.3991, notional=8884.77, risk=1.38%, equity=9352.59
2026-02-12 08:51:30.394 | DEBUG    | aivc_trade.execution.position_manager:update_stop:40 - Trail updated: ETHUSDC trail=2001.25 (close=2037.80)
2026-02-12 08:51:30.398 | DEBUG    | aivc_trade.execution.position_manager:update_stop:40 - Trail updated: ETHUSDC trail=2002.66 (close=2037.97)
2026-02-12 08:51:30.422 | INFO     | aivc_trade.execution.position_manager:check_exit:94 - EXIT REGIME: ETHUSDC regime=CHAOS
2026-02-12 08:51:30.427 | DEBUG    | aivc_trade.strategy.signal:generate_signals:140 - ETHUSDC in cooldown until 2023-11-21 00:00:00+00:00
2026-02-12 08:51:30.430 | DEBUG    | aivc_trade.strategy.signal:generate_signals:140 - ETHUSDC in cooldown until 2023-11-21 00:00:00+00:00
2026-02-12 08:51:30.434 | DEBUG    | aivc_trade.strategy.signal:generate_signals:140 - ETHUSDC in cooldown until 2023-11-21 00:00:00+00:00
2026-02-12 08:51:30.438 | DEBUG    | aivc_trade.strategy.signal:generate_signals:140 - ETHUSDC in cooldown until 2023-11-21 00:00:00+00:00
2026-02-12 08:51:30.441 | DEBUG    | aivc_trade.strategy.signal:generate_signals:140 - ETHUSDC in cooldown until 2023-11-21 00:00:00+00:00
2026-02-12 08:51:30.549 | INFO     | aivc_trade.strategy.signal:generate_signals:179 - Signal: ETHUSDC score=0.0672 entry=2030.49 stop=1993.04
2026-02-12 08:51:30.550 | INFO     | aivc_trade.strategy.sizing:compute_qty:66 - Sizing: qty=4.4141, notional=8969.32, risk=1.82%, equity=9441.59
2026-02-12 08:51:30.564 | DEBUG    | aivc_trade.execution.position_manager:update_stop:40 - Trail updated: ETHUSDC trail=2013.90 (close=2062.19)
2026-02-12 08:51:30.568 | DEBUG    | aivc_trade.execution.position_manager:update_stop:40 - Trail updated: ETHUSDC trail=2027.09 (close=2077.12)
2026-02-12 08:51:30.571 | DEBUG    | aivc_trade.execution.position_manager:update_stop:40 - Trail updated: ETHUSDC trail=2029.33 (close=2075.59)
2026-02-12 08:51:30.574 | DEBUG    | aivc_trade.execution.position_manager:update_stop:40 - Trail updated: ETHUSDC trail=2034.48 (close=2081.70)
2026-02-12 08:51:30.601 | DEBUG    | aivc_trade.execution.position_manager:update_stop:40 - Trail updated: ETHUSDC trail=2036.06 (close=2066.19)
2026-02-12 08:51:30.604 | DEBUG    | aivc_trade.execution.position_manager:update_stop:40 - Trail updated: ETHUSDC trail=2049.26 (close=2081.72)
2026-02-12 08:51:30.607 | DEBUG    | aivc_trade.execution.position_manager:update_stop:40 - Trail updated: ETHUSDC trail=2055.83 (close=2088.10)
2026-02-12 08:51:30.620 | INFO     | aivc_trade.execution.position_manager:check_exit:71 - EXIT TRAILING_STOP: ETHUSDC close=2054.01 stop=2055.83
2026-02-12 08:51:30.622 | DEBUG    | aivc_trade.strategy.signal:generate_signals:140 - ETHUSDC in cooldown until 2023-11-23 19:00:00+00:00
2026-02-12 08:51:30.625 | DEBUG    | aivc_trade.strategy.signal:generate_signals:140 - ETHUSDC in cooldown until 2023-11-23 19:00:00+00:00
2026-02-12 08:51:31.326 | INFO     | aivc_trade.strategy.signal:generate_signals:179 - Signal: ETHUSDC score=0.3278 entry=2183.98 stop=2159.48
2026-02-12 08:51:31.327 | INFO     | aivc_trade.strategy.sizing:compute_qty:66 - Sizing: qty=4.133500000000001, notional=9029.26, risk=1.08%, equity=9504.64
2026-02-12 08:51:31.330 | DEBUG    | aivc_trade.execution.position_manager:update_stop:40 - Trail updated: ETHUSDC trail=2169.76 (close=2205.61)
2026-02-12 08:51:31.340 | DEBUG    | aivc_trade.execution.position_manager:update_stop:40 - Trail updated: ETHUSDC trail=2171.84 (close=2214.88)
2026-02-12 08:51:31.343 | DEBUG    | aivc_trade.execution.position_manager:update_stop:40 - Trail updated: ETHUSDC trail=2172.45 (close=2213.34)
2026-02-12 08:51:31.346 | DEBUG    | aivc_trade.execution.position_manager:update_stop:40 - Trail updated: ETHUSDC trail=2173.03 (close=2211.25)
2026-02-12 08:51:31.350 | DEBUG    | aivc_trade.execution.position_manager:update_stop:40 - Trail updated: ETHUSDC trail=2186.83 (close=2225.07)
2026-02-12 08:51:31.353 | DEBUG    | aivc_trade.execution.position_manager:update_stop:40 - Trail updated: ETHUSDC trail=2202.64 (close=2246.61)
2026-02-12 08:51:31.362 | DEBUG    | aivc_trade.execution.position_manager:update_stop:40 - Trail updated: ETHUSDC trail=2211.16 (close=2256.15)
2026-02-12 08:51:31.368 | INFO     | aivc_trade.execution.position_manager:check_exit:94 - EXIT REGIME: ETHUSDC regime=CHAOS
2026-02-12 08:51:32.971 | INFO     | aivc_trade.strategy.signal:generate_signals:179 - Signal: BTCUSDC score=-0.0312 entry=43484.71 stop=42846.46
2026-02-12 08:51:32.973 | INFO     | aivc_trade.strategy.sizing:compute_qty:66 - Sizing: qty=0.21402000000000002, notional=9304.31, risk=1.37%, equity=9794.24
2026-02-12 08:51:33.012 | INFO     | aivc_trade.execution.position_manager:check_exit:94 - EXIT REGIME: BTCUSDC regime=CHAOS
2026-02-12 08:51:35.306 | INFO     | aivc_trade.strategy.signal:generate_signals:179 - Signal: BTCUSDC score=0.1601 entry=43440.49 stop=42827.47
2026-02-12 08:51:35.307 | INFO     | aivc_trade.strategy.sizing:compute_qty:66 - Sizing: qty=0.21109000000000003, notional=9169.85, risk=1.34%, equity=9652.82
2026-02-12 08:51:35.373 | INFO     | aivc_trade.execution.position_manager:check_exit:94 - EXIT REGIME: BTCUSDC regime=CHAOS
2026-02-12 08:51:35.805 | INFO     | aivc_trade.strategy.signal:generate_signals:179 - Signal: BTCUSDC score=0.1962 entry=43394.98 stop=42916.23
2026-02-12 08:51:35.807 | INFO     | aivc_trade.strategy.sizing:compute_qty:66 - Sizing: qty=0.20837000000000003, notional=9044.36, risk=1.07%, equity=9520.69
2026-02-12 08:51:35.813 | INFO     | aivc_trade.execution.position_manager:check_exit:71 - EXIT STOP_LOSS: BTCUSDC close=42595.43 stop=42916.23
2026-02-12 08:51:35.814 | DEBUG    | aivc_trade.strategy.signal:generate_signals:140 - BTCUSDC in cooldown until 2024-02-05 21:00:00+00:00
2026-02-12 08:51:35.817 | DEBUG    | aivc_trade.strategy.signal:generate_signals:140 - BTCUSDC in cooldown until 2024-02-05 21:00:00+00:00
2026-02-12 08:51:36.191 | INFO     | aivc_trade.strategy.signal:generate_signals:179 - Signal: BTCUSDC score=0.1872 entry=47545.76 stop=47051.30
2026-02-12 08:51:36.192 | INFO     | aivc_trade.strategy.sizing:compute_qty:66 - Sizing: qty=0.18632, notional=8858.69, risk=0.99%, equity=9325.17
2026-02-12 08:51:36.195 | DEBUG    | aivc_trade.execution.position_manager:update_stop:40 - Trail updated: BTCUSDC trail=47162.32 (close=47883.45)
2026-02-12 08:51:36.200 | DEBUG    | aivc_trade.execution.position_manager:update_stop:40 - Trail updated: BTCUSDC trail=47196.01 (close=47943.14)
2026-02-12 08:51:36.219 | DEBUG    | aivc_trade.execution.position_manager:update_stop:40 - Trail updated: BTCUSDC trail=47721.12 (close=48531.14)
2026-02-12 08:51:36.246 | DEBUG    | aivc_trade.execution.position_manager:update_stop:40 - Trail updated: BTCUSDC trail=47764.47 (close=48429.82)
2026-02-12 08:51:36.284 | DEBUG    | aivc_trade.execution.position_manager:update_stop:40 - Trail updated: BTCUSDC trail=47879.65 (close=48617.82)
2026-02-12 08:51:36.318 | INFO     | aivc_trade.execution.position_manager:check_exit:71 - EXIT TRAILING_STOP: BTCUSDC close=47875.20 stop=47879.65
2026-02-12 08:51:36.552 | INFO     | aivc_trade.strategy.signal:generate_signals:179 - Signal: BTCUSDC score=0.0667 entry=52650.20 stop=51757.36
2026-02-12 08:51:36.554 | INFO     | aivc_trade.strategy.sizing:compute_qty:66 - Sizing: qty=0.16890000000000002, notional=8891.57, risk=1.60%, equity=9359.93
2026-02-12 08:51:36.573 | INFO     | aivc_trade.execution.position_manager:check_exit:71 - EXIT STOP_LOSS: BTCUSDC close=51738.08 stop=51757.36
2026-02-12 08:51:37.335 | INFO     | aivc_trade.strategy.signal:generate_signals:179 - Signal: ETHUSDC score=0.3319 entry=3081.64 stop=3032.05
2026-02-12 08:51:37.337 | INFO     | aivc_trade.strategy.sizing:compute_qty:66 - Sizing: qty=2.8298, notional=8720.26, risk=1.53%, equity=9179.49
2026-02-12 08:51:37.344 | DEBUG    | aivc_trade.execution.position_manager:update_stop:40 - Trail updated: ETHUSDC trail=3046.36 (close=3109.32)
2026-02-12 08:51:37.350 | DEBUG    | aivc_trade.execution.position_manager:update_stop:40 - Trail updated: ETHUSDC trail=3055.08 (close=3112.60)
2026-02-12 08:51:37.370 | DEBUG    | aivc_trade.execution.position_manager:update_stop:40 - Trail updated: ETHUSDC trail=3055.47 (close=3106.89)
2026-02-12 08:51:37.374 | DEBUG    | aivc_trade.execution.position_manager:update_stop:40 - Trail updated: ETHUSDC trail=3063.23 (close=3113.13)
2026-02-12 08:51:37.383 | INFO     | aivc_trade.execution.position_manager:check_exit:71 - EXIT TRAILING_STOP: ETHUSDC close=3041.23 stop=3063.23
2026-02-12 08:51:37.881 | INFO     | aivc_trade.strategy.signal:generate_signals:179 - Signal: BTCUSDC score=0.1165 entry=63457.95 stop=62149.56
2026-02-12 08:51:37.882 | INFO     | aivc_trade.strategy.sizing:compute_qty:66 - Sizing: qty=0.13525, notional=8586.14, risk=2.00%, equity=9038.13
2026-02-12 08:51:37.907 | DEBUG    | aivc_trade.execution.position_manager:update_stop:40 - Trail updated: BTCUSDC trail=62693.89 (close=64106.00)
2026-02-12 08:51:37.910 | DEBUG    | aivc_trade.execution.position_manager:update_stop:40 - Trail updated: BTCUSDC trail=63549.25 (close=65279.99)
2026-02-12 08:51:37.920 | DEBUG    | aivc_trade.execution.position_manager:update_stop:40 - Trail updated: BTCUSDC trail=63610.54 (close=65273.67)
2026-02-12 08:51:37.930 | DEBUG    | aivc_trade.execution.position_manager:update_stop:40 - Trail updated: BTCUSDC trail=64291.17 (close=66248.01)
2026-02-12 08:51:37.933 | DEBUG    | aivc_trade.execution.position_manager:update_stop:40 - Trail updated: BTCUSDC trail=64563.87 (close=66511.77)
2026-02-12 08:51:37.937 | DEBUG    | aivc_trade.execution.position_manager:update_stop:40 - Trail updated: BTCUSDC trail=64658.18 (close=66597.97)
2026-02-12 08:51:37.941 | DEBUG    | aivc_trade.execution.position_manager:update_stop:40 - Trail updated: BTCUSDC trail=64792.98 (close=66925.46)
2026-02-12 08:51:37.947 | DEBUG    | aivc_trade.execution.position_manager:update_stop:40 - Trail updated: BTCUSDC trail=65197.96 (close=67468.01)
2026-02-12 08:51:37.951 | DEBUG    | aivc_trade.execution.position_manager:update_stop:40 - Trail updated: BTCUSDC trail=65334.75 (close=67539.49)
2026-02-12 08:51:37.959 | DEBUG    | aivc_trade.execution.position_manager:update_stop:40 - Trail updated: BTCUSDC trail=65857.73 (close=68006.13)
2026-02-12 08:51:37.962 | DEBUG    | aivc_trade.execution.position_manager:update_stop:40 - Trail updated: BTCUSDC trail=66110.09 (close=68336.87)
2026-02-12 08:51:37.970 | DEBUG    | aivc_trade.execution.position_manager:update_stop:40 - Trail updated: BTCUSDC trail=66515.19 (close=68634.00)
2026-02-12 08:51:37.989 | INFO     | aivc_trade.execution.position_manager:check_exit:71 - EXIT TRAILING_STOP: BTCUSDC close=66204.00 stop=66515.19
2026-02-12 08:51:37.990 | DEBUG    | aivc_trade.strategy.signal:generate_signals:140 - BTCUSDC in cooldown until 2024-03-05 13:00:00+00:00
2026-02-12 08:51:37.993 | DEBUG    | aivc_trade.strategy.signal:generate_signals:140 - BTCUSDC in cooldown until 2024-03-05 13:00:00+00:00
2026-02-12 08:51:42.252 | INFO     | aivc_trade.strategy.signal:generate_signals:179 - Signal: ETHUSDC score=0.3141 entry=3342.69 stop=3287.92
2026-02-12 08:51:42.253 | INFO     | aivc_trade.strategy.sizing:compute_qty:66 - Sizing: qty=2.6652, notional=8909.44, risk=1.56%, equity=9378.36
2026-02-12 08:51:42.270 | INFO     | aivc_trade.execution.position_manager:check_exit:71 - EXIT STOP_LOSS: ETHUSDC close=3262.60 stop=3287.92
2026-02-12 08:51:42.271 | DEBUG    | aivc_trade.strategy.signal:generate_signals:140 - ETHUSDC in cooldown until 2024-04-29 05:00:00+00:00
2026-02-12 08:51:43.635 | INFO     | aivc_trade.strategy.signal:generate_signals:179 - Signal: BTCUSDC score=0.2346 entry=62650.00 stop=61818.38
2026-02-12 08:51:43.637 | INFO     | aivc_trade.strategy.sizing:compute_qty:66 - Sizing: qty=0.13854000000000002, notional=8679.53, risk=1.26%, equity=9136.96
2026-02-12 08:51:43.647 | DEBUG    | aivc_trade.execution.position_manager:update_stop:40 - Trail updated: BTCUSDC trail=62230.40 (close=63753.73)
2026-02-12 08:51:43.651 | DEBUG    | aivc_trade.execution.position_manager:update_stop:40 - Trail updated: BTCUSDC trail=62452.97 (close=64147.99)
2026-02-12 08:51:43.652 | INFO     | aivc_trade.execution.position_manager:check_exit:94 - EXIT REGIME: BTCUSDC regime=CHAOS
2026-02-12 08:51:43.656 | DEBUG    | aivc_trade.strategy.signal:generate_signals:140 - BTCUSDC in cooldown until 2024-05-15 19:00:00+00:00
2026-02-12 08:51:43.660 | DEBUG    | aivc_trade.strategy.signal:generate_signals:140 - BTCUSDC in cooldown until 2024-05-15 19:00:00+00:00
2026-02-12 08:51:43.664 | DEBUG    | aivc_trade.strategy.signal:generate_signals:140 - BTCUSDC in cooldown until 2024-05-15 19:00:00+00:00
2026-02-12 08:51:43.668 | DEBUG    | aivc_trade.strategy.signal:generate_signals:140 - BTCUSDC in cooldown until 2024-05-15 19:00:00+00:00
2026-02-12 08:51:43.672 | DEBUG    | aivc_trade.strategy.signal:generate_signals:140 - BTCUSDC in cooldown until 2024-05-15 19:00:00+00:00
2026-02-12 08:51:44.290 | INFO     | aivc_trade.strategy.signal:generate_signals:179 - Signal: ETHUSDC score=0.0408 entry=3811.80 stop=3729.05
2026-02-12 08:51:44.291 | INFO     | aivc_trade.strategy.sizing:compute_qty:66 - Sizing: qty=2.3225000000000002, notional=8853.16, risk=2.06%, equity=9319.25
2026-02-12 08:51:44.306 | DEBUG    | aivc_trade.execution.position_manager:update_stop:40 - Trail updated: ETHUSDC trail=3801.46 (close=3916.85)
2026-02-12 08:51:44.313 | INFO     | aivc_trade.execution.position_manager:check_exit:71 - EXIT TRAILING_STOP: ETHUSDC close=3781.60 stop=3801.46
2026-02-12 08:51:45.199 | INFO     | aivc_trade.strategy.signal:generate_signals:179 - Signal: BTCUSDC score=0.0450 entry=68999.99 stop=68182.43
2026-02-12 08:51:45.201 | INFO     | aivc_trade.strategy.sizing:compute_qty:66 - Sizing: qty=0.12688000000000002, notional=8754.72, risk=1.13%, equity=9215.97
2026-02-12 08:51:45.223 | DEBUG    | aivc_trade.execution.position_manager:update_stop:40 - Trail updated: BTCUSDC trail=68708.52 (close=69734.01)
2026-02-12 08:51:45.233 | INFO     | aivc_trade.execution.position_manager:check_exit:94 - EXIT REGIME: BTCUSDC regime=CHAOS
2026-02-12 08:51:45.245 | DEBUG    | aivc_trade.strategy.signal:generate_signals:140 - BTCUSDC in cooldown until 2024-06-03 21:00:00+00:00
2026-02-12 08:51:45.249 | DEBUG    | aivc_trade.strategy.signal:generate_signals:140 - BTCUSDC in cooldown until 2024-06-03 21:00:00+00:00
2026-02-12 08:51:45.253 | DEBUG    | aivc_trade.strategy.signal:generate_signals:140 - BTCUSDC in cooldown until 2024-06-03 21:00:00+00:00
2026-02-12 08:51:46.348 | INFO     | aivc_trade.strategy.signal:generate_signals:179 - Signal: ETHUSDC score=0.2137 entry=3626.40 stop=3578.22
2026-02-12 08:51:46.349 | INFO     | aivc_trade.strategy.sizing:compute_qty:66 - Sizing: qty=2.4273000000000002, notional=8802.36, risk=1.26%, equity=9265.90
2026-02-12 08:51:46.374 | INFO     | aivc_trade.execution.position_manager:check_exit:71 - EXIT STOP_LOSS: ETHUSDC close=3571.30 stop=3578.22
2026-02-12 08:51:46.638 | INFO     | aivc_trade.strategy.signal:generate_signals:179 - Signal: ETHUSDC score=0.2459 entry=3605.77 stop=3550.22
2026-02-12 08:51:46.640 | INFO     | aivc_trade.strategy.sizing:compute_qty:66 - Sizing: qty=2.3999, notional=8655.46, risk=1.48%, equity=9111.04
2026-02-12 08:51:46.662 | INFO     | aivc_trade.execution.position_manager:check_exit:71 - EXIT STOP_LOSS: ETHUSDC close=3530.60 stop=3550.22
2026-02-12 08:51:47.527 | INFO     | aivc_trade.strategy.signal:generate_signals:179 - Signal: BTCUSDC score=0.2665 entry=61963.96 stop=61396.40
2026-02-12 08:51:47.529 | INFO     | aivc_trade.strategy.sizing:compute_qty:66 - Sizing: qty=0.1365, notional=8457.54, risk=0.86%, equity=8902.76
2026-02-12 08:51:47.544 | DEBUG    | aivc_trade.execution.position_manager:update_stop:40 - Trail updated: BTCUSDC trail=61892.13 (close=62806.01)
2026-02-12 08:51:47.552 | DEBUG    | aivc_trade.execution.position_manager:update_stop:40 - Trail updated: BTCUSDC trail=61957.96 (close=62850.01)
2026-02-12 08:51:47.556 | DEBUG    | aivc_trade.execution.position_manager:update_stop:40 - Trail updated: BTCUSDC trail=62506.91 (close=63558.00)
2026-02-12 08:51:47.576 | DEBUG    | aivc_trade.execution.position_manager:update_stop:40 - Trail updated: BTCUSDC trail=62520.52 (close=63353.97)
2026-02-12 08:51:47.619 | DEBUG    | aivc_trade.execution.position_manager:update_stop:40 - Trail updated: BTCUSDC trail=62675.42 (close=63627.99)
2026-02-12 08:51:47.671 | INFO     | aivc_trade.execution.position_manager:check_exit:71 - EXIT TRAILING_STOP: BTCUSDC close=62549.68 stop=62675.42
2026-02-12 08:51:55.549 | INFO     | aivc_trade.strategy.signal:generate_signals:179 - Signal: BTCUSDC score=0.1992 entry=55692.32 stop=54841.68
2026-02-12 08:51:55.550 | INFO     | aivc_trade.strategy.sizing:compute_qty:66 - Sizing: qty=0.15280000000000002, notional=8509.44, risk=1.45%, equity=8957.76
2026-02-12 08:51:55.555 | INFO     | aivc_trade.execution.position_manager:check_exit:71 - EXIT STOP_LOSS: BTCUSDC close=54838.01 stop=54841.68
2026-02-12 08:51:55.556 | DEBUG    | aivc_trade.strategy.signal:generate_signals:140 - BTCUSDC in cooldown until 2024-09-09 20:00:00+00:00
2026-02-12 08:51:55.560 | DEBUG    | aivc_trade.strategy.signal:generate_signals:140 - BTCUSDC in cooldown until 2024-09-09 20:00:00+00:00
2026-02-12 08:51:55.565 | DEBUG    | aivc_trade.strategy.signal:generate_signals:140 - BTCUSDC in cooldown until 2024-09-09 20:00:00+00:00
2026-02-12 08:51:55.569 | DEBUG    | aivc_trade.strategy.signal:generate_signals:140 - BTCUSDC in cooldown until 2024-09-09 20:00:00+00:00
2026-02-12 08:51:55.573 | DEBUG    | aivc_trade.strategy.signal:generate_signals:140 - BTCUSDC in cooldown until 2024-09-09 20:00:00+00:00
2026-02-12 08:51:55.577 | DEBUG    | aivc_trade.strategy.signal:generate_signals:140 - BTCUSDC in cooldown until 2024-09-09 20:00:00+00:00
2026-02-12 08:51:57.086 | INFO     | aivc_trade.strategy.signal:generate_signals:179 - Signal: BTCUSDC score=0.1811 entry=64393.99 stop=63618.47
2026-02-12 08:51:57.087 | INFO     | aivc_trade.strategy.sizing:compute_qty:66 - Sizing: qty=0.12985000000000002, notional=8361.82, risk=1.15%, equity=8802.24
2026-02-12 08:51:57.106 | DEBUG    | aivc_trade.execution.position_manager:update_stop:40 - Trail updated: BTCUSDC trail=63931.92 (close=65246.63)
2026-02-12 08:51:57.111 | DEBUG    | aivc_trade.execution.position_manager:update_stop:40 - Trail updated: BTCUSDC trail=64054.53 (close=65352.85)
2026-02-12 08:51:57.142 | DEBUG    | aivc_trade.execution.position_manager:update_stop:40 - Trail updated: BTCUSDC trail=64143.67 (close=65266.00)
2026-02-12 08:51:57.154 | DEBUG    | aivc_trade.execution.position_manager:update_stop:40 - Trail updated: BTCUSDC trail=64243.77 (close=65370.01)
2026-02-12 08:51:57.158 | DEBUG    | aivc_trade.execution.position_manager:update_stop:40 - Trail updated: BTCUSDC trail=64278.26 (close=65316.00)
2026-02-12 08:51:57.162 | DEBUG    | aivc_trade.execution.position_manager:update_stop:40 - Trail updated: BTCUSDC trail=64372.02 (close=65366.00)
2026-02-12 08:51:57.166 | DEBUG    | aivc_trade.execution.position_manager:update_stop:40 - Trail updated: BTCUSDC trail=64394.88 (close=65354.57)
2026-02-12 08:51:57.171 | DEBUG    | aivc_trade.execution.position_manager:update_stop:40 - Trail updated: BTCUSDC trail=64560.80 (close=65492.02)
2026-02-12 08:51:57.175 | DEBUG    | aivc_trade.execution.position_manager:update_stop:40 - Trail updated: BTCUSDC trail=64825.57 (close=65753.96)
2026-02-12 08:51:57.179 | DEBUG    | aivc_trade.execution.position_manager:update_stop:40 - Trail updated: BTCUSDC trail=64851.93 (close=65763.16)
2026-02-12 08:51:57.199 | DEBUG    | aivc_trade.execution.position_manager:update_stop:40 - Trail updated: BTCUSDC trail=65133.71 (close=66272.88)
2026-02-12 08:51:57.206 | DEBUG    | aivc_trade.execution.position_manager:update_stop:40 - Trail updated: BTCUSDC trail=65185.57 (close=66322.94)
2026-02-12 08:51:57.241 | DEBUG    | aivc_trade.execution.position_manager:update_stop:40 - Trail updated: BTCUSDC trail=65222.31 (close=66003.29)
2026-02-12 08:51:57.245 | DEBUG    | aivc_trade.execution.position_manager:update_stop:40 - Trail updated: BTCUSDC trail=65409.10 (close=66182.01)
2026-02-12 08:51:57.399 | DEBUG    | aivc_trade.execution.position_manager:update_stop:40 - Trail updated: BTCUSDC trail=65539.70 (close=65974.00)
2026-02-12 08:51:57.418 | INFO     | aivc_trade.execution.position_manager:check_exit:71 - EXIT TRAILING_STOP: BTCUSDC close=65476.02 stop=65539.70
2026-02-12 08:51:57.857 | INFO     | aivc_trade.strategy.signal:generate_signals:179 - Signal: BTCUSDC score=-0.1259 entry=62245.09 stop=61142.99
2026-02-12 08:51:57.858 | INFO     | aivc_trade.strategy.sizing:compute_qty:66 - Sizing: qty=0.13609000000000002, notional=8471.10, risk=1.68%, equity=8917.44
2026-02-12 08:51:58.042 | INFO     | aivc_trade.execution.position_manager:check_exit:86 - EXIT TIMEOUT: BTCUSDC held 48.0h, MFE=466.71
2026-02-12 08:51:58.512 | INFO     | aivc_trade.strategy.signal:generate_signals:179 - Signal: ETHUSDC score=0.2151 entry=2459.79 stop=2422.23
2026-02-12 08:51:58.513 | INFO     | aivc_trade.strategy.sizing:compute_qty:66 - Sizing: qty=3.4528000000000003, notional=8493.06, risk=1.45%, equity=8940.09
2026-02-12 08:51:58.616 | DEBUG    | aivc_trade.execution.position_manager:update_stop:40 - Trail updated: ETHUSDC trail=2451.87 (close=2479.34)
2026-02-12 08:51:58.621 | DEBUG    | aivc_trade.execution.position_manager:update_stop:40 - Trail updated: ETHUSDC trail=2459.37 (close=2488.00)
2026-02-12 08:51:58.643 | INFO     | aivc_trade.execution.position_manager:check_exit:71 - EXIT TRAILING_STOP: ETHUSDC close=2457.70 stop=2459.37
2026-02-12 08:51:58.943 | INFO     | aivc_trade.strategy.signal:generate_signals:179 - Signal: BTCUSDC score=-0.0145 entry=67887.63 stop=66777.67
2026-02-12 08:51:58.945 | INFO     | aivc_trade.strategy.sizing:compute_qty:66 - Sizing: qty=0.12464000000000001, notional=8461.52, risk=1.55%, equity=8907.09
2026-02-12 08:51:59.144 | INFO     | aivc_trade.execution.position_manager:check_exit:86 - EXIT TIMEOUT: BTCUSDC held 48.0h, MFE=202.34
2026-02-12 08:51:59.145 | DEBUG    | aivc_trade.strategy.signal:generate_signals:140 - BTCUSDC in cooldown until 2024-10-18 17:00:00+00:00
2026-02-12 08:51:59.153 | DEBUG    | aivc_trade.strategy.signal:generate_signals:140 - BTCUSDC in cooldown until 2024-10-18 17:00:00+00:00
2026-02-12 08:51:59.158 | DEBUG    | aivc_trade.strategy.signal:generate_signals:140 - BTCUSDC in cooldown until 2024-10-18 17:00:00+00:00
2026-02-12 08:51:59.162 | DEBUG    | aivc_trade.strategy.signal:generate_signals:140 - BTCUSDC in cooldown until 2024-10-18 17:00:00+00:00
2026-02-12 08:51:59.167 | DEBUG    | aivc_trade.strategy.signal:generate_signals:140 - BTCUSDC in cooldown until 2024-10-18 17:00:00+00:00
2026-02-12 08:51:59.175 | INFO     | aivc_trade.strategy.signal:generate_signals:179 - Signal: ETHUSDC score=-0.0025 entry=2663.78 stop=2616.79
2026-02-12 08:51:59.176 | INFO     | aivc_trade.strategy.sizing:compute_qty:66 - Sizing: qty=3.1579, notional=8413.28, risk=1.69%, equity=8856.31
2026-02-12 08:51:59.356 | DEBUG    | aivc_trade.execution.position_manager:update_stop:40 - Trail updated: ETHUSDC trail=2669.98 (close=2710.19)
2026-02-12 08:51:59.380 | DEBUG    | aivc_trade.execution.position_manager:update_stop:40 - Trail updated: ETHUSDC trail=2670.95 (close=2711.33)
2026-02-12 08:51:59.384 | DEBUG    | aivc_trade.execution.position_manager:update_stop:40 - Trail updated: ETHUSDC trail=2675.23 (close=2714.99)
2026-02-12 08:51:59.388 | DEBUG    | aivc_trade.execution.position_manager:update_stop:40 - Trail updated: ETHUSDC trail=2697.57 (close=2746.92)
2026-02-12 08:51:59.392 | DEBUG    | aivc_trade.execution.position_manager:update_stop:40 - Trail updated: ETHUSDC trail=2699.01 (close=2746.29)
2026-02-12 08:51:59.443 | INFO     | aivc_trade.execution.position_manager:check_exit:71 - EXIT TRAILING_STOP: ETHUSDC close=2696.89 stop=2699.01
2026-02-12 08:51:59.739 | INFO     | aivc_trade.strategy.signal:generate_signals:179 - Signal: BTCUSDC score=0.0410 entry=67851.98 stop=67030.29
2026-02-12 08:51:59.740 | INFO     | aivc_trade.strategy.sizing:compute_qty:66 - Sizing: qty=0.12506, notional=8485.57, risk=1.15%, equity=8932.83
2026-02-12 08:51:59.763 | DEBUG    | aivc_trade.execution.position_manager:update_stop:40 - Trail updated: BTCUSDC trail=67245.23 (close=68284.73)
2026-02-12 08:51:59.835 | DEBUG    | aivc_trade.execution.position_manager:update_stop:40 - Trail updated: BTCUSDC trail=67335.67 (close=68298.18)
2026-02-12 08:51:59.851 | INFO     | aivc_trade.execution.position_manager:check_exit:71 - EXIT TRAILING_STOP: BTCUSDC close=66786.02 stop=67335.67
2026-02-12 08:52:00.087 | INFO     | aivc_trade.strategy.signal:generate_signals:179 - Signal: BTCUSDC score=0.2151 entry=68332.02 stop=67651.39
2026-02-12 08:52:00.088 | INFO     | aivc_trade.strategy.sizing:compute_qty:66 - Sizing: qty=0.12197000000000001, notional=8334.94, risk=0.95%, equity=8774.26
2026-02-12 08:52:00.106 | DEBUG    | aivc_trade.execution.position_manager:update_stop:40 - Trail updated: BTCUSDC trail=67899.87 (close=68684.08)
2026-02-12 08:52:00.110 | DEBUG    | aivc_trade.execution.position_manager:update_stop:40 - Trail updated: BTCUSDC trail=67999.37 (close=68836.02)
2026-02-12 08:52:00.132 | DEBUG    | aivc_trade.execution.position_manager:update_stop:40 - Trail updated: BTCUSDC trail=68090.14 (close=69172.01)
2026-02-12 08:52:00.136 | DEBUG    | aivc_trade.execution.position_manager:update_stop:40 - Trail updated: BTCUSDC trail=68409.51 (close=69609.79)
2026-02-12 08:52:00.141 | DEBUG    | aivc_trade.execution.position_manager:update_stop:40 - Trail updated: BTCUSDC trail=68496.60 (close=69636.85)
2026-02-12 08:52:00.145 | DEBUG    | aivc_trade.execution.position_manager:update_stop:40 - Trail updated: BTCUSDC trail=68686.54 (close=69775.10)
2026-02-12 08:52:00.150 | DEBUG    | aivc_trade.execution.position_manager:update_stop:40 - Trail updated: BTCUSDC trail=68817.71 (close=69926.52)
2026-02-12 08:52:00.154 | DEBUG    | aivc_trade.execution.position_manager:update_stop:40 - Trail updated: BTCUSDC trail=68826.71 (close=69926.54)
2026-02-12 08:52:00.158 | DEBUG    | aivc_trade.execution.position_manager:update_stop:40 - Trail updated: BTCUSDC trail=68879.30 (close=69918.22)
2026-02-12 08:52:00.162 | DEBUG    | aivc_trade.execution.position_manager:update_stop:40 - Trail updated: BTCUSDC trail=69180.94 (close=70258.01)
2026-02-12 08:52:00.167 | DEBUG    | aivc_trade.execution.position_manager:update_stop:40 - Trail updated: BTCUSDC trail=69757.52 (close=71141.02)
2026-02-12 08:52:00.178 | DEBUG    | aivc_trade.execution.position_manager:update_stop:40 - Trail updated: BTCUSDC trail=69784.79 (close=70971.46)
2026-02-12 08:52:00.182 | DEBUG    | aivc_trade.execution.position_manager:update_stop:40 - Trail updated: BTCUSDC trail=70046.06 (close=71197.08)
2026-02-12 08:52:00.194 | DEBUG    | aivc_trade.execution.position_manager:update_stop:40 - Trail updated: BTCUSDC trail=70237.03 (close=71249.33)
2026-02-12 08:52:00.202 | DEBUG    | aivc_trade.execution.position_manager:update_stop:40 - Trail updated: BTCUSDC trail=70430.17 (close=71421.55)
2026-02-12 08:52:00.210 | DEBUG    | aivc_trade.execution.position_manager:update_stop:40 - Trail updated: BTCUSDC trail=70610.07 (close=71776.00)
2026-02-12 08:52:00.219 | DEBUG    | aivc_trade.execution.position_manager:update_stop:40 - Trail updated: BTCUSDC trail=71059.29 (close=72386.01)
2026-02-12 08:52:00.223 | DEBUG    | aivc_trade.execution.position_manager:update_stop:40 - Trail updated: BTCUSDC trail=71352.27 (close=72721.10)
2026-02-12 08:52:00.227 | DEBUG    | aivc_trade.execution.position_manager:update_stop:40 - Trail updated: BTCUSDC trail=71352.99 (close=72700.30)
2026-02-12 08:52:00.232 | DEBUG    | aivc_trade.execution.position_manager:update_stop:40 - Trail updated: BTCUSDC trail=71789.46 (close=73172.11)
2026-02-12 08:52:00.402 | INFO     | aivc_trade.execution.position_manager:check_exit:71 - EXIT TRAILING_STOP: BTCUSDC close=71293.59 stop=71789.46
2026-02-12 08:52:01.202 | INFO     | aivc_trade.strategy.signal:generate_signals:179 - Signal: BTCUSDC score=0.1596 entry=76896.02 stop=75620.86
2026-02-12 08:52:01.203 | INFO     | aivc_trade.strategy.sizing:compute_qty:66 - Sizing: qty=0.11256000000000001, notional=8653.62, risk=1.56%, equity=9109.45
2026-02-12 08:52:01.343 | DEBUG    | aivc_trade.execution.position_manager:update_stop:40 - Trail updated: BTCUSDC trail=77530.01 (close=79143.91)
2026-02-12 08:52:01.360 | DEBUG    | aivc_trade.execution.position_manager:update_stop:40 - Trail updated: BTCUSDC trail=77654.87 (close=79159.20)
2026-02-12 08:52:01.365 | DEBUG    | aivc_trade.execution.position_manager:update_stop:40 - Trail updated: BTCUSDC trail=77974.68 (close=79410.11)
2026-02-12 08:52:01.369 | DEBUG    | aivc_trade.execution.position_manager:update_stop:40 - Trail updated: BTCUSDC trail=78187.37 (close=79592.03)
2026-02-12 08:52:01.374 | DEBUG    | aivc_trade.execution.position_manager:update_stop:40 - Trail updated: BTCUSDC trail=78498.63 (close=79883.99)
2026-02-12 08:52:01.393 | DEBUG    | aivc_trade.execution.position_manager:update_stop:40 - Trail updated: BTCUSDC trail=78503.50 (close=79839.44)
2026-02-12 08:52:01.398 | DEBUG    | aivc_trade.execution.position_manager:update_stop:40 - Trail updated: BTCUSDC trail=78909.92 (close=80431.68)
2026-02-12 08:52:01.402 | DEBUG    | aivc_trade.execution.position_manager:update_stop:40 - Trail updated: BTCUSDC trail=79069.34 (close=80626.19)
2026-02-12 08:52:01.411 | INFO     | aivc_trade.execution.position_manager:check_exit:71 - EXIT TRAILING_STOP: BTCUSDC close=78989.23 stop=79069.34
2026-02-12 08:52:01.412 | DEBUG    | aivc_trade.strategy.signal:generate_signals:140 - BTCUSDC in cooldown until 2024-11-11 02:00:00+00:00
2026-02-12 08:52:01.416 | DEBUG    | aivc_trade.strategy.signal:generate_signals:140 - BTCUSDC in cooldown until 2024-11-11 02:00:00+00:00
2026-02-12 08:52:01.420 | DEBUG    | aivc_trade.strategy.signal:generate_signals:140 - BTCUSDC in cooldown until 2024-11-11 02:00:00+00:00
2026-02-12 08:52:01.425 | DEBUG    | aivc_trade.strategy.signal:generate_signals:140 - BTCUSDC in cooldown until 2024-11-11 02:00:00+00:00
2026-02-12 08:52:01.429 | DEBUG    | aivc_trade.strategy.signal:generate_signals:140 - BTCUSDC in cooldown until 2024-11-11 02:00:00+00:00
2026-02-12 08:52:01.433 | DEBUG    | aivc_trade.strategy.signal:generate_signals:140 - BTCUSDC in cooldown until 2024-11-11 02:00:00+00:00
2026-02-12 08:52:04.970 | INFO     | aivc_trade.strategy.signal:generate_signals:179 - Signal: BTCUSDC score=0.2716 entry=108278.51 stop=106743.31
2026-02-12 08:52:04.971 | INFO     | aivc_trade.strategy.sizing:compute_qty:66 - Sizing: qty=0.08178, notional=8854.28, risk=1.34%, equity=9320.63
2026-02-12 08:52:04.976 | INFO     | aivc_trade.execution.position_manager:check_exit:71 - EXIT STOP_LOSS: BTCUSDC close=106481.68 stop=106743.31
2026-02-12 08:52:04.977 | DEBUG    | aivc_trade.strategy.signal:generate_signals:140 - BTCUSDC in cooldown until 2024-12-17 21:00:00+00:00
2026-02-12 08:52:04.982 | DEBUG    | aivc_trade.strategy.signal:generate_signals:140 - BTCUSDC in cooldown until 2024-12-17 21:00:00+00:00
2026-02-12 08:52:04.986 | DEBUG    | aivc_trade.strategy.signal:generate_signals:140 - BTCUSDC in cooldown until 2024-12-17 21:00:00+00:00
2026-02-12 08:52:04.991 | DEBUG    | aivc_trade.strategy.signal:generate_signals:140 - BTCUSDC in cooldown until 2024-12-17 21:00:00+00:00
2026-02-12 08:52:04.995 | DEBUG    | aivc_trade.strategy.signal:generate_signals:140 - BTCUSDC in cooldown until 2024-12-17 21:00:00+00:00
2026-02-12 08:52:06.468 | INFO     | aivc_trade.strategy.signal:generate_signals:179 - Signal: BTCUSDC score=0.1378 entry=95516.21 stop=94185.88
2026-02-12 08:52:06.469 | INFO     | aivc_trade.strategy.signal:generate_signals:179 - Signal: ETHUSDC score=0.2343 entry=3411.54 stop=3358.33
2026-02-12 08:52:06.470 | INFO     | aivc_trade.strategy.sizing:compute_qty:66 - Sizing: qty=2.547, notional=8690.70, risk=1.50%, equity=9148.20
2026-02-12 08:52:06.492 | DEBUG    | aivc_trade.execution.position_manager:update_stop:40 - Trail updated: ETHUSDC trail=3404.49 (close=3464.04)
2026-02-12 08:52:06.496 | DEBUG    | aivc_trade.execution.position_manager:update_stop:40 - Trail updated: ETHUSDC trail=3406.63 (close=3464.41)
2026-02-12 08:52:06.501 | DEBUG    | aivc_trade.execution.position_manager:update_stop:40 - Trail updated: ETHUSDC trail=3409.66 (close=3467.28)
2026-02-12 08:52:06.506 | DEBUG    | aivc_trade.execution.position_manager:update_stop:40 - Trail updated: ETHUSDC trail=3421.79 (close=3476.72)
2026-02-12 08:52:06.605 | DEBUG    | aivc_trade.execution.position_manager:update_stop:40 - Trail updated: ETHUSDC trail=3425.60 (close=3479.40)
2026-02-12 08:52:06.609 | DEBUG    | aivc_trade.execution.position_manager:update_stop:40 - Trail updated: ETHUSDC trail=3459.53 (close=3524.66)
2026-02-12 08:52:06.613 | DEBUG    | aivc_trade.execution.position_manager:update_stop:40 - Trail updated: ETHUSDC trail=3487.18 (close=3562.00)
2026-02-12 08:52:06.618 | DEBUG    | aivc_trade.execution.position_manager:update_stop:40 - Trail updated: ETHUSDC trail=3505.15 (close=3581.45)
2026-02-12 08:52:06.627 | DEBUG    | aivc_trade.execution.position_manager:update_stop:40 - Trail updated: ETHUSDC trail=3525.42 (close=3603.22)
2026-02-12 08:52:06.632 | DEBUG    | aivc_trade.execution.position_manager:update_stop:40 - Trail updated: ETHUSDC trail=3544.09 (close=3620.95)
2026-02-12 08:52:06.672 | DEBUG    | aivc_trade.execution.position_manager:update_stop:40 - Trail updated: ETHUSDC trail=3545.93 (close=3595.45)
2026-02-12 08:52:06.676 | DEBUG    | aivc_trade.execution.position_manager:update_stop:40 - Trail updated: ETHUSDC trail=3552.05 (close=3599.01)
2026-02-12 08:52:06.697 | DEBUG    | aivc_trade.execution.position_manager:update_stop:40 - Trail updated: ETHUSDC trail=3555.92 (close=3601.29)
2026-02-12 08:52:06.702 | DEBUG    | aivc_trade.execution.position_manager:update_stop:40 - Trail updated: ETHUSDC trail=3580.61 (close=3634.44)
2026-02-12 08:52:06.706 | DEBUG    | aivc_trade.execution.position_manager:update_stop:40 - Trail updated: ETHUSDC trail=3589.60 (close=3643.69)
2026-02-12 08:52:06.735 | DEBUG    | aivc_trade.execution.position_manager:update_stop:40 - Trail updated: ETHUSDC trail=3595.18 (close=3660.20)
2026-02-12 08:52:06.739 | DEBUG    | aivc_trade.execution.position_manager:update_stop:40 - Trail updated: ETHUSDC trail=3596.01 (close=3657.73)
2026-02-12 08:52:06.744 | DEBUG    | aivc_trade.execution.position_manager:update_stop:40 - Trail updated: ETHUSDC trail=3600.92 (close=3659.80)
2026-02-12 08:52:06.870 | DEBUG    | aivc_trade.execution.position_manager:update_stop:40 - Trail updated: ETHUSDC trail=3610.51 (close=3671.42)
2026-02-12 08:52:06.875 | DEBUG    | aivc_trade.execution.position_manager:update_stop:40 - Trail updated: ETHUSDC trail=3616.84 (close=3679.92)
2026-02-12 08:52:06.920 | DEBUG    | aivc_trade.execution.position_manager:update_stop:40 - Trail updated: ETHUSDC trail=3634.69 (close=3714.60)
2026-02-12 08:52:07.005 | INFO     | aivc_trade.execution.position_manager:check_exit:71 - EXIT TRAILING_STOP: ETHUSDC close=3633.60 stop=3634.69
2026-02-12 08:52:11.381 | INFO     | aivc_trade.strategy.signal:generate_signals:179 - Signal: BTCUSDC score=0.0817 entry=98330.85 stop=97180.84
2026-02-12 08:52:11.382 | INFO     | aivc_trade.strategy.sizing:compute_qty:66 - Sizing: qty=0.09359, notional=9202.20, risk=1.11%, equity=9686.89
2026-02-12 08:52:11.460 | DEBUG    | aivc_trade.execution.position_manager:update_stop:40 - Trail updated: BTCUSDC trail=97994.09 (close=98938.97)
2026-02-12 08:52:11.464 | DEBUG    | aivc_trade.execution.position_manager:update_stop:40 - Trail updated: BTCUSDC trail=98229.98 (close=99374.03)
2026-02-12 08:52:11.473 | INFO     | aivc_trade.execution.position_manager:check_exit:71 - EXIT TRAILING_STOP: BTCUSDC close=98132.50 stop=98229.98
2026-02-12 08:52:11.474 | DEBUG    | aivc_trade.strategy.signal:generate_signals:140 - BTCUSDC in cooldown until 2025-02-21 21:00:00+00:00
2026-02-12 08:52:15.584 | INFO     | aivc_trade.strategy.signal:generate_signals:179 - Signal: BTCUSDC score=0.0865 entry=84107.50 stop=82997.99
2026-02-12 08:52:15.585 | INFO     | aivc_trade.strategy.sizing:compute_qty:66 - Sizing: qty=0.10890000000000001, notional=9159.31, risk=1.25%, equity=9642.17
2026-02-12 08:52:15.617 | DEBUG    | aivc_trade.execution.position_manager:update_stop:40 - Trail updated: BTCUSDC trail=83432.53 (close=85277.99)
2026-02-12 08:52:15.617 | INFO     | aivc_trade.execution.position_manager:check_exit:94 - EXIT REGIME: BTCUSDC regime=CHAOS
2026-02-12 08:52:15.627 | DEBUG    | aivc_trade.strategy.signal:generate_signals:140 - BTCUSDC in cooldown until 2025-04-01 21:00:00+00:00
2026-02-12 08:52:15.632 | DEBUG    | aivc_trade.strategy.signal:generate_signals:140 - BTCUSDC in cooldown until 2025-04-01 21:00:00+00:00
2026-02-12 08:52:15.637 | DEBUG    | aivc_trade.strategy.signal:generate_signals:140 - BTCUSDC in cooldown until 2025-04-01 21:00:00+00:00
2026-02-12 08:52:15.641 | DEBUG    | aivc_trade.strategy.signal:generate_signals:140 - BTCUSDC in cooldown until 2025-04-01 21:00:00+00:00
2026-02-12 08:52:17.847 | INFO     | aivc_trade.strategy.signal:generate_signals:179 - Signal: BTCUSDC score=0.1172 entry=89003.98 stop=87947.67
2026-02-12 08:52:17.848 | INFO     | aivc_trade.strategy.sizing:compute_qty:66 - Sizing: qty=0.10398, notional=9254.63, risk=1.13%, equity=9741.96
2026-02-12 08:52:17.853 | DEBUG    | aivc_trade.execution.position_manager:update_stop:40 - Trail updated: BTCUSDC trail=88709.04 (close=90266.01)
2026-02-12 08:52:17.858 | DEBUG    | aivc_trade.execution.position_manager:update_stop:40 - Trail updated: BTCUSDC trail=89174.22 (close=90832.00)
2026-02-12 08:52:17.863 | DEBUG    | aivc_trade.execution.position_manager:update_stop:40 - Trail updated: BTCUSDC trail=89218.50 (close=90998.00)
2026-02-12 08:52:17.873 | DEBUG    | aivc_trade.execution.position_manager:update_stop:40 - Trail updated: BTCUSDC trail=89734.80 (close=91470.00)
2026-02-12 08:52:17.877 | DEBUG    | aivc_trade.execution.position_manager:update_stop:40 - Trail updated: BTCUSDC trail=89888.95 (close=91565.79)
2026-02-12 08:52:17.891 | DEBUG    | aivc_trade.execution.position_manager:update_stop:40 - Trail updated: BTCUSDC trail=90705.63 (close=93067.56)
2026-02-12 08:52:17.891 | INFO     | aivc_trade.execution.position_manager:check_exit:94 - EXIT REGIME: BTCUSDC regime=CHAOS
2026-02-12 08:52:19.516 | INFO     | aivc_trade.strategy.signal:generate_signals:179 - Signal: BTCUSDC score=-0.3367 entry=97823.25 stop=96466.11
2026-02-12 08:52:19.517 | INFO     | aivc_trade.strategy.sizing:compute_qty:66 - Sizing: qty=0.09843, notional=9628.74, risk=1.32%, equity=10136.10
2026-02-12 08:52:19.522 | DEBUG    | aivc_trade.execution.position_manager:update_stop:40 - Trail updated: BTCUSDC trail=97011.17 (close=98689.99)
2026-02-12 08:52:19.526 | DEBUG    | aivc_trade.execution.position_manager:update_stop:40 - Trail updated: BTCUSDC trail=97483.16 (close=99162.00)
2026-02-12 08:52:19.540 | DEBUG    | aivc_trade.execution.position_manager:update_stop:40 - Trail updated: BTCUSDC trail=97605.65 (close=99036.01)
2026-02-12 08:52:19.545 | DEBUG    | aivc_trade.execution.position_manager:update_stop:40 - Trail updated: BTCUSDC trail=97911.54 (close=99263.04)
2026-02-12 08:52:19.550 | DEBUG    | aivc_trade.execution.position_manager:update_stop:40 - Trail updated: BTCUSDC trail=98311.69 (close=99671.04)
2026-02-12 08:52:19.555 | DEBUG    | aivc_trade.execution.position_manager:update_stop:40 - Trail updated: BTCUSDC trail=98535.53 (close=99800.01)
2026-02-12 08:52:19.561 | DEBUG    | aivc_trade.execution.position_manager:update_stop:40 - Trail updated: BTCUSDC trail=98624.86 (close=99792.02)
2026-02-12 08:52:19.583 | DEBUG    | aivc_trade.execution.position_manager:update_stop:40 - Trail updated: BTCUSDC trail=99009.04 (close=100773.98)
2026-02-12 08:52:19.588 | DEBUG    | aivc_trade.execution.position_manager:update_stop:40 - Trail updated: BTCUSDC trail=99514.97 (close=101299.99)
2026-02-12 08:52:19.593 | INFO     | aivc_trade.execution.position_manager:check_exit:94 - EXIT REGIME: BTCUSDC regime=CHAOS
2026-02-12 08:52:19.601 | DEBUG    | aivc_trade.strategy.signal:generate_signals:140 - BTCUSDC in cooldown until 2025-05-08 23:00:00+00:00
2026-02-12 08:52:19.606 | DEBUG    | aivc_trade.strategy.signal:generate_signals:140 - BTCUSDC in cooldown until 2025-05-08 23:00:00+00:00
2026-02-12 08:52:19.849 | INFO     | aivc_trade.strategy.signal:generate_signals:179 - Signal: BTCUSDC score=0.1159 entry=104824.01 stop=103711.64
2026-02-12 08:52:19.850 | INFO     | aivc_trade.strategy.sizing:compute_qty:66 - Sizing: qty=0.09445, notional=9900.63, risk=1.01%, equity=10422.75
2026-02-12 08:52:19.887 | INFO     | aivc_trade.execution.position_manager:check_exit:71 - EXIT STOP_LOSS: BTCUSDC close=103402.00 stop=103711.64
2026-02-12 08:52:20.719 | DEBUG    | aivc_trade.strategy.signal:generate_signals:140 - BTCUSDC in cooldown until 2025-05-11 13:00:00+00:00
2026-02-12 08:52:20.724 | DEBUG    | aivc_trade.strategy.signal:generate_signals:140 - BTCUSDC in cooldown until 2025-05-11 13:00:00+00:00
2026-02-12 08:52:22.842 | INFO     | aivc_trade.strategy.signal:generate_signals:179 - Signal: BTCUSDC score=-0.1105 entry=107816.00 stop=106191.54
2026-02-12 08:52:22.843 | INFO     | aivc_trade.strategy.sizing:compute_qty:66 - Sizing: qty=0.09039000000000001, notional=9745.49, risk=1.43%, equity=10258.94
2026-02-12 08:52:22.880 | DEBUG    | aivc_trade.execution.position_manager:update_stop:40 - Trail updated: BTCUSDC trail=106825.11 (close=109068.01)
2026-02-12 08:52:22.895 | INFO     | aivc_trade.execution.position_manager:check_exit:71 - EXIT TRAILING_STOP: BTCUSDC close=106659.79 stop=106825.11
2026-02-12 08:52:24.999 | INFO     | aivc_trade.strategy.signal:generate_signals:179 - Signal: ETHUSDC score=0.0259 entry=2559.80 stop=2510.07
2026-02-12 08:52:25.000 | INFO     | aivc_trade.strategy.sizing:compute_qty:66 - Sizing: qty=3.7576, notional=9619.04, risk=1.85%, equity=10125.35
2026-02-12 08:52:25.010 | DEBUG    | aivc_trade.execution.position_manager:update_stop:40 - Trail updated: ETHUSDC trail=2531.33 (close=2585.72)
2026-02-12 08:52:25.019 | DEBUG    | aivc_trade.execution.position_manager:update_stop:40 - Trail updated: ETHUSDC trail=2539.30 (close=2590.90)
2026-02-12 08:52:25.024 | DEBUG    | aivc_trade.execution.position_manager:update_stop:40 - Trail updated: ETHUSDC trail=2579.97 (close=2644.85)
2026-02-12 08:52:25.029 | DEBUG    | aivc_trade.execution.position_manager:update_stop:40 - Trail updated: ETHUSDC trail=2601.82 (close=2667.46)
2026-02-12 08:52:25.034 | DEBUG    | aivc_trade.execution.position_manager:update_stop:40 - Trail updated: ETHUSDC trail=2612.31 (close=2681.38)
2026-02-12 08:52:25.039 | DEBUG    | aivc_trade.execution.position_manager:update_stop:40 - Trail updated: ETHUSDC trail=2623.67 (close=2700.17)
2026-02-12 08:52:25.044 | DEBUG    | aivc_trade.execution.position_manager:update_stop:40 - Trail updated: ETHUSDC trail=2637.08 (close=2709.51)
2026-02-12 08:52:25.085 | DEBUG    | aivc_trade.execution.position_manager:update_stop:40 - Trail updated: ETHUSDC trail=2639.96 (close=2696.52)
2026-02-12 08:52:25.090 | DEBUG    | aivc_trade.execution.position_manager:update_stop:40 - Trail updated: ETHUSDC trail=2688.94 (close=2774.74)
2026-02-12 08:52:25.108 | INFO     | aivc_trade.execution.position_manager:check_exit:94 - EXIT REGIME: ETHUSDC regime=CHAOS
2026-02-12 08:52:25.114 | DEBUG    | aivc_trade.strategy.signal:generate_signals:140 - ETHUSDC in cooldown until 2025-06-10 21:00:00+00:00
2026-02-12 08:52:25.119 | DEBUG    | aivc_trade.strategy.signal:generate_signals:140 - ETHUSDC in cooldown until 2025-06-10 21:00:00+00:00
2026-02-12 08:52:25.124 | DEBUG    | aivc_trade.strategy.signal:generate_signals:140 - ETHUSDC in cooldown until 2025-06-10 21:00:00+00:00
2026-02-12 08:52:25.129 | DEBUG    | aivc_trade.strategy.signal:generate_signals:140 - ETHUSDC in cooldown until 2025-06-10 21:00:00+00:00
2026-02-12 08:52:25.134 | DEBUG    | aivc_trade.strategy.signal:generate_signals:140 - ETHUSDC in cooldown until 2025-06-10 21:00:00+00:00
2026-02-12 08:52:25.824 | INFO     | aivc_trade.strategy.signal:generate_signals:179 - Signal: BTCUSDC score=0.0847 entry=108702.07 stop=107531.84
2026-02-12 08:52:25.825 | INFO     | aivc_trade.strategy.sizing:compute_qty:66 - Sizing: qty=0.09394000000000001, notional=10211.47, risk=1.02%, equity=10749.93
2026-02-12 08:52:25.844 | INFO     | aivc_trade.execution.position_manager:check_exit:71 - EXIT STOP_LOSS: BTCUSDC close=106849.84 stop=107531.84
2026-02-12 08:52:25.845 | DEBUG    | aivc_trade.strategy.signal:generate_signals:140 - BTCUSDC in cooldown until 2025-06-17 05:00:00+00:00
2026-02-12 08:52:25.850 | DEBUG    | aivc_trade.strategy.signal:generate_signals:140 - BTCUSDC in cooldown until 2025-06-17 05:00:00+00:00
2026-02-12 08:52:25.855 | DEBUG    | aivc_trade.strategy.signal:generate_signals:140 - BTCUSDC in cooldown until 2025-06-17 05:00:00+00:00
2026-02-12 08:52:26.733 | INFO     | aivc_trade.strategy.signal:generate_signals:179 - Signal: BTCUSDC score=0.0658 entry=106273.97 stop=104811.82
2026-02-12 08:52:26.734 | INFO     | aivc_trade.strategy.sizing:compute_qty:66 - Sizing: qty=0.09426000000000001, notional=10017.39, risk=1.31%, equity=10545.56
2026-02-12 08:52:26.819 | DEBUG    | aivc_trade.execution.position_manager:update_stop:40 - Trail updated: BTCUSDC trail=106017.32 (close=107184.25)
2026-02-12 08:52:26.825 | DEBUG    | aivc_trade.execution.position_manager:update_stop:40 - Trail updated: BTCUSDC trail=106109.53 (close=107238.01)
2026-02-12 08:52:26.830 | DEBUG    | aivc_trade.execution.position_manager:update_stop:40 - Trail updated: BTCUSDC trail=106191.99 (close=107290.01)
2026-02-12 08:52:26.835 | DEBUG    | aivc_trade.execution.position_manager:update_stop:40 - Trail updated: BTCUSDC trail=106717.28 (close=107996.01)
2026-02-12 08:52:26.914 | DEBUG    | aivc_trade.execution.position_manager:update_stop:40 - Trail updated: BTCUSDC trail=106726.19 (close=107801.45)
2026-02-12 08:52:26.919 | DEBUG    | aivc_trade.execution.position_manager:update_stop:40 - Trail updated: BTCUSDC trail=106828.10 (close=107873.99)
2026-02-12 08:52:27.000 | INFO     | aivc_trade.execution.position_manager:check_exit:71 - EXIT TRAILING_STOP: BTCUSDC close=106735.20 stop=106828.10
2026-02-12 08:52:27.745 | INFO     | aivc_trade.strategy.signal:generate_signals:179 - Signal: BTCUSDC score=0.0243 entry=109979.97 stop=108955.00
2026-02-12 08:52:27.746 | INFO     | aivc_trade.strategy.sizing:compute_qty:66 - Sizing: qty=0.0912, notional=10030.17, risk=0.89%, equity=10558.92
2026-02-12 08:52:27.769 | INFO     | aivc_trade.execution.position_manager:check_exit:94 - EXIT REGIME: BTCUSDC regime=CHAOS
2026-02-12 08:52:27.785 | DEBUG    | aivc_trade.strategy.signal:generate_signals:140 - BTCUSDC in cooldown until 2025-07-03 20:00:00+00:00
2026-02-12 08:52:27.790 | DEBUG    | aivc_trade.strategy.signal:generate_signals:140 - BTCUSDC in cooldown until 2025-07-03 20:00:00+00:00
2026-02-12 08:52:27.795 | DEBUG    | aivc_trade.strategy.signal:generate_signals:140 - BTCUSDC in cooldown until 2025-07-03 20:00:00+00:00
2026-02-12 08:52:28.153 | INFO     | aivc_trade.strategy.signal:generate_signals:179 - Signal: BTCUSDC score=-0.0409 entry=109239.99 stop=108306.64
2026-02-12 08:52:28.154 | INFO     | aivc_trade.strategy.sizing:compute_qty:66 - Sizing: qty=0.09140000000000001, notional=9984.54, risk=0.81%, equity=10510.53
2026-02-12 08:52:28.233 | INFO     | aivc_trade.execution.position_manager:check_exit:71 - EXIT STOP_LOSS: BTCUSDC close=108242.01 stop=108306.64
2026-02-12 08:52:28.341 | INFO     | aivc_trade.strategy.signal:generate_signals:179 - Signal: BTCUSDC score=0.1599 entry=109052.41 stop=108252.62
2026-02-12 08:52:28.342 | INFO     | aivc_trade.strategy.signal:generate_signals:179 - Signal: ETHUSDC score=0.1878 entry=2588.43 stop=2549.58
2026-02-12 08:52:28.343 | INFO     | aivc_trade.strategy.sizing:compute_qty:66 - Sizing: qty=3.8131000000000004, notional=9869.90, risk=1.43%, equity=10389.50
2026-02-12 08:52:28.361 | DEBUG    | aivc_trade.execution.position_manager:update_stop:40 - Trail updated: ETHUSDC trail=2558.10 (close=2616.76)
2026-02-12 08:52:28.367 | DEBUG    | aivc_trade.execution.position_manager:update_stop:40 - Trail updated: ETHUSDC trail=2569.75 (close=2625.48)
2026-02-12 08:52:28.391 | DEBUG    | aivc_trade.execution.position_manager:update_stop:40 - Trail updated: ETHUSDC trail=2570.08 (close=2616.00)
2026-02-12 08:52:28.419 | DEBUG    | aivc_trade.execution.position_manager:update_stop:40 - Trail updated: ETHUSDC trail=2576.65 (close=2628.51)
2026-02-12 08:52:28.425 | DEBUG    | aivc_trade.execution.position_manager:update_stop:40 - Trail updated: ETHUSDC trail=2581.46 (close=2631.60)
2026-02-12 08:52:28.448 | DEBUG    | aivc_trade.execution.position_manager:update_stop:40 - Trail updated: ETHUSDC trail=2584.52 (close=2626.65)
2026-02-12 08:52:28.453 | DEBUG    | aivc_trade.execution.position_manager:update_stop:40 - Trail updated: ETHUSDC trail=2609.53 (close=2660.30)
2026-02-12 08:52:28.473 | DEBUG    | aivc_trade.execution.position_manager:update_stop:40 - Trail updated: ETHUSDC trail=2612.55 (close=2666.50)
2026-02-12 08:52:28.484 | DEBUG    | aivc_trade.execution.position_manager:update_stop:40 - Trail updated: ETHUSDC trail=2652.96 (close=2718.90)
2026-02-12 08:52:28.489 | DEBUG    | aivc_trade.execution.position_manager:update_stop:40 - Trail updated: ETHUSDC trail=2682.13 (close=2765.70)
2026-02-12 08:52:28.489 | INFO     | aivc_trade.execution.position_manager:check_exit:94 - EXIT REGIME: ETHUSDC regime=CHAOS
2026-02-12 08:52:28.509 | DEBUG    | aivc_trade.strategy.signal:generate_signals:140 - ETHUSDC in cooldown until 2025-07-10 01:00:00+00:00
2026-02-12 08:52:28.514 | DEBUG    | aivc_trade.strategy.signal:generate_signals:140 - ETHUSDC in cooldown until 2025-07-10 01:00:00+00:00
2026-02-12 08:52:28.590 | INFO     | aivc_trade.strategy.signal:generate_signals:179 - Signal: BTCUSDC score=-0.1825 entry=112718.00 stop=111525.34
2026-02-12 08:52:28.591 | INFO     | aivc_trade.strategy.sizing:compute_qty:66 - Sizing: qty=0.09300000000000001, notional=10482.77, risk=1.01%, equity=11034.79
2026-02-12 08:52:28.596 | DEBUG    | aivc_trade.execution.position_manager:update_stop:40 - Trail updated: BTCUSDC trail=112210.00 (close=113795.01)
2026-02-12 08:52:28.616 | DEBUG    | aivc_trade.execution.position_manager:update_stop:40 - Trail updated: BTCUSDC trail=114101.28 (close=116511.99)
2026-02-12 08:52:28.616 | INFO     | aivc_trade.execution.position_manager:check_exit:94 - EXIT REGIME: BTCUSDC regime=CHAOS
2026-02-12 08:52:28.983 | INFO     | aivc_trade.strategy.signal:generate_signals:179 - Signal: BTCUSDC score=-0.0534 entry=119696.18 stop=118416.40
2026-02-12 08:52:28.984 | INFO     | aivc_trade.strategy.sizing:compute_qty:66 - Sizing: qty=0.09012, notional=10787.02, risk=1.02%, equity=11355.65
2026-02-12 08:52:28.989 | DEBUG    | aivc_trade.execution.position_manager:update_stop:40 - Trail updated: BTCUSDC trail=118922.27 (close=120803.99)
2026-02-12 08:52:28.995 | DEBUG    | aivc_trade.execution.position_manager:update_stop:40 - Trail updated: BTCUSDC trail=119513.42 (close=121436.60)
2026-02-12 08:52:29.001 | DEBUG    | aivc_trade.execution.position_manager:update_stop:40 - Trail updated: BTCUSDC trail=120312.59 (close=122502.00)
2026-02-12 08:52:29.001 | INFO     | aivc_trade.execution.position_manager:check_exit:94 - EXIT REGIME: BTCUSDC regime=CHAOS
2026-02-12 08:52:29.007 | DEBUG    | aivc_trade.strategy.signal:generate_signals:140 - BTCUSDC in cooldown until 2025-07-14 11:00:00+00:00
2026-02-12 08:52:29.012 | DEBUG    | aivc_trade.strategy.signal:generate_signals:140 - BTCUSDC in cooldown until 2025-07-14 11:00:00+00:00
2026-02-12 08:52:29.017 | DEBUG    | aivc_trade.strategy.signal:generate_signals:140 - BTCUSDC in cooldown until 2025-07-14 11:00:00+00:00
2026-02-12 08:52:29.022 | DEBUG    | aivc_trade.strategy.signal:generate_signals:140 - BTCUSDC in cooldown until 2025-07-14 11:00:00+00:00
2026-02-12 08:52:29.027 | DEBUG    | aivc_trade.strategy.signal:generate_signals:140 - BTCUSDC in cooldown until 2025-07-14 11:00:00+00:00
2026-02-12 08:52:29.870 | INFO     | aivc_trade.strategy.signal:generate_signals:179 - Signal: BTCUSDC score=0.1436 entry=119226.05 stop=117914.67
2026-02-12 08:52:29.871 | INFO     | aivc_trade.strategy.sizing:compute_qty:66 - Sizing: qty=0.09224, notional=10997.41, risk=1.04%, equity=11576.31
2026-02-12 08:52:29.918 | INFO     | aivc_trade.execution.position_manager:check_exit:71 - EXIT STOP_LOSS: BTCUSDC close=117803.54 stop=117914.67
2026-02-12 08:52:31.940 | INFO     | aivc_trade.strategy.signal:generate_signals:179 - Signal: BTCUSDC score=-0.0428 entry=117529.98 stop=116164.17
2026-02-12 08:52:31.941 | INFO     | aivc_trade.strategy.sizing:compute_qty:66 - Sizing: qty=0.09225000000000001, notional=10841.59, risk=1.10%, equity=11412.30
2026-02-12 08:52:32.182 | INFO     | aivc_trade.execution.position_manager:check_exit:86 - EXIT TIMEOUT: BTCUSDC held 48.0h, MFE=89.01
2026-02-12 08:52:32.279 | INFO     | aivc_trade.strategy.signal:generate_signals:179 - Signal: BTCUSDC score=0.0106 entry=118802.00 stop=117689.78
2026-02-12 08:52:32.279 | INFO     | aivc_trade.strategy.sizing:compute_qty:66 - Sizing: qty=0.0903, notional=10727.82, risk=0.89%, equity=11292.46
2026-02-12 08:52:32.325 | DEBUG    | aivc_trade.execution.position_manager:update_stop:40 - Trail updated: BTCUSDC trail=118172.84 (close=119327.10)
2026-02-12 08:52:32.335 | DEBUG    | aivc_trade.execution.position_manager:update_stop:40 - Trail updated: BTCUSDC trail=118697.38 (close=120011.99)
2026-02-12 08:52:32.340 | DEBUG    | aivc_trade.execution.position_manager:update_stop:40 - Trail updated: BTCUSDC trail=120100.48 (close=121892.01)
2026-02-12 08:52:32.340 | INFO     | aivc_trade.execution.position_manager:check_exit:94 - EXIT REGIME: BTCUSDC regime=CHAOS
2026-02-12 08:52:32.356 | DEBUG    | aivc_trade.strategy.signal:generate_signals:140 - BTCUSDC in cooldown until 2025-08-11 08:00:00+00:00
2026-02-12 08:52:32.361 | DEBUG    | aivc_trade.strategy.signal:generate_signals:140 - BTCUSDC in cooldown until 2025-08-11 08:00:00+00:00
2026-02-12 08:52:32.367 | DEBUG    | aivc_trade.strategy.signal:generate_signals:140 - BTCUSDC in cooldown until 2025-08-11 08:00:00+00:00
2026-02-12 08:52:32.622 | INFO     | aivc_trade.strategy.signal:generate_signals:179 - Signal: BTCUSDC score=-0.3145 entry=121796.00 stop=120270.80
2026-02-12 08:52:32.623 | INFO     | aivc_trade.strategy.sizing:compute_qty:66 - Sizing: qty=0.09000000000000001, notional=10961.80, risk=1.19%, equity=11538.89
2026-02-12 08:52:32.628 | INFO     | aivc_trade.execution.position_manager:check_exit:94 - EXIT REGIME: BTCUSDC regime=CHAOS
2026-02-12 08:52:32.643 | DEBUG    | aivc_trade.strategy.signal:generate_signals:140 - BTCUSDC in cooldown until 2025-08-13 20:00:00+00:00
2026-02-12 08:52:32.648 | DEBUG    | aivc_trade.strategy.signal:generate_signals:140 - BTCUSDC in cooldown until 2025-08-13 20:00:00+00:00
2026-02-12 08:52:35.530 | INFO     | aivc_trade.strategy.signal:generate_signals:179 - Signal: BTCUSDC score=0.0395 entry=113232.00 stop=111882.33
2026-02-12 08:52:35.531 | INFO     | aivc_trade.strategy.sizing:compute_qty:66 - Sizing: qty=0.09588, notional=10856.88, risk=1.13%, equity=11428.38
2026-02-12 08:52:35.541 | INFO     | aivc_trade.execution.position_manager:check_exit:71 - EXIT STOP_LOSS: BTCUSDC close=110578.00 stop=111882.33
2026-02-12 08:52:35.864 | INFO     | aivc_trade.strategy.signal:generate_signals:179 - Signal: BTCUSDC score=0.2289 entry=112096.00 stop=111187.87
2026-02-12 08:52:35.865 | INFO     | aivc_trade.strategy.sizing:compute_qty:66 - Sizing: qty=0.09442, notional=10584.36, risk=0.77%, equity=11141.53
2026-02-12 08:52:35.890 | DEBUG    | aivc_trade.execution.position_manager:update_stop:40 - Trail updated: BTCUSDC trail=111504.42 (close=112649.92)
2026-02-12 08:52:35.895 | DEBUG    | aivc_trade.execution.position_manager:update_stop:40 - Trail updated: BTCUSDC trail=111518.58 (close=112650.01)
2026-02-12 08:52:35.943 | INFO     | aivc_trade.execution.position_manager:check_exit:71 - EXIT TRAILING_STOP: BTCUSDC close=111388.62 stop=111518.58
2026-02-12 08:52:36.112 | INFO     | aivc_trade.strategy.signal:generate_signals:179 - Signal: BTCUSDC score=0.0309 entry=113431.69 stop=112289.50
2026-02-12 08:52:36.113 | INFO     | aivc_trade.strategy.sizing:compute_qty:66 - Sizing: qty=0.09248, notional=10490.16, risk=0.96%, equity=11042.84
2026-02-12 08:52:36.118 | DEBUG    | aivc_trade.execution.position_manager:update_stop:40 - Trail updated: BTCUSDC trail=112539.79 (close=113980.00)
2026-02-12 08:52:36.168 | DEBUG    | aivc_trade.execution.position_manager:update_stop:40 - Trail updated: BTCUSDC trail=112939.76 (close=114007.00)
2026-02-12 08:52:36.187 | DEBUG    | aivc_trade.execution.position_manager:update_stop:40 - Trail updated: BTCUSDC trail=113402.14 (close=114441.09)
2026-02-12 08:52:36.273 | DEBUG    | aivc_trade.execution.position_manager:update_stop:40 - Trail updated: BTCUSDC trail=113464.47 (close=114529.99)
2026-02-12 08:52:36.279 | DEBUG    | aivc_trade.execution.position_manager:update_stop:40 - Trail updated: BTCUSDC trail=113942.49 (close=115143.57)
2026-02-12 08:52:36.284 | DEBUG    | aivc_trade.execution.position_manager:update_stop:40 - Trail updated: BTCUSDC trail=114364.97 (close=115541.71)
2026-02-12 08:52:36.289 | DEBUG    | aivc_trade.execution.position_manager:update_stop:40 - Trail updated: BTCUSDC trail=114575.69 (close=115899.91)
2026-02-12 08:52:36.377 | DEBUG    | aivc_trade.execution.position_manager:update_stop:40 - Trail updated: BTCUSDC trail=114783.18 (close=115885.01)
2026-02-12 08:52:36.382 | DEBUG    | aivc_trade.execution.position_manager:update_stop:40 - Trail updated: BTCUSDC trail=115358.44 (close=116561.57)
2026-02-12 08:52:36.388 | DEBUG    | aivc_trade.execution.position_manager:update_stop:40 - Trail updated: BTCUSDC trail=115545.97 (close=116756.16)
2026-02-12 08:52:36.495 | INFO     | aivc_trade.execution.position_manager:check_exit:71 - EXIT TRAILING_STOP: BTCUSDC close=115411.86 stop=115545.97
2026-02-12 08:52:38.384 | INFO     | aivc_trade.strategy.signal:generate_signals:179 - Signal: BTCUSDC score=0.0513 entry=113298.48 stop=112163.16
2026-02-12 08:52:38.385 | INFO     | aivc_trade.strategy.sizing:compute_qty:66 - Sizing: qty=0.09386000000000001, notional=10634.20, risk=0.95%, equity=11194.22
2026-02-12 08:52:38.391 | DEBUG    | aivc_trade.execution.position_manager:update_stop:40 - Trail updated: BTCUSDC trail=112649.69 (close=114115.99)
2026-02-12 08:52:38.406 | DEBUG    | aivc_trade.execution.position_manager:update_stop:40 - Trail updated: BTCUSDC trail=112699.58 (close=114136.99)
2026-02-12 08:52:38.411 | DEBUG    | aivc_trade.execution.position_manager:update_stop:40 - Trail updated: BTCUSDC trail=112762.58 (close=114101.00)
2026-02-12 08:52:38.416 | DEBUG    | aivc_trade.execution.position_manager:update_stop:40 - Trail updated: BTCUSDC trail=113006.12 (close=114344.76)
2026-02-12 08:52:38.421 | DEBUG    | aivc_trade.execution.position_manager:update_stop:40 - Trail updated: BTCUSDC trail=113079.72 (close=114337.27)
2026-02-12 08:52:38.426 | DEBUG    | aivc_trade.execution.position_manager:update_stop:40 - Trail updated: BTCUSDC trail=113082.67 (close=114259.60)
2026-02-12 08:52:38.432 | DEBUG    | aivc_trade.execution.position_manager:update_stop:40 - Trail updated: BTCUSDC trail=113184.88 (close=114273.50)
2026-02-12 08:52:38.437 | DEBUG    | aivc_trade.execution.position_manager:update_stop:40 - Trail updated: BTCUSDC trail=113386.11 (close=114400.55)
2026-02-12 08:52:38.442 | DEBUG    | aivc_trade.execution.position_manager:update_stop:40 - Trail updated: BTCUSDC trail=113493.27 (close=114615.01)
2026-02-12 08:52:38.487 | INFO     | aivc_trade.execution.position_manager:check_exit:71 - EXIT TRAILING_STOP: BTCUSDC close=112863.51 stop=113493.27
2026-02-12 08:52:38.739 | INFO     | aivc_trade.strategy.signal:generate_signals:179 - Signal: BTCUSDC score=0.2126 entry=119713.04 stop=118601.56
2026-02-12 08:52:38.740 | INFO     | aivc_trade.strategy.sizing:compute_qty:66 - Sizing: qty=0.08825000000000001, notional=10564.68, risk=0.88%, equity=11121.55
2026-02-12 08:52:38.765 | DEBUG    | aivc_trade.execution.position_manager:update_stop:40 - Trail updated: BTCUSDC trail=118857.63 (close=120599.01)
2026-02-12 08:52:38.771 | DEBUG    | aivc_trade.execution.position_manager:update_stop:40 - Trail updated: BTCUSDC trail=119230.73 (close=120937.04)
2026-02-12 08:52:38.842 | DEBUG    | aivc_trade.execution.position_manager:update_stop:40 - Trail updated: BTCUSDC trail=119431.91 (close=120545.24)
2026-02-12 08:52:38.852 | DEBUG    | aivc_trade.execution.position_manager:update_stop:40 - Trail updated: BTCUSDC trail=119441.00 (close=120480.01)
2026-02-12 08:52:38.862 | DEBUG    | aivc_trade.execution.position_manager:update_stop:40 - Trail updated: BTCUSDC trail=119707.16 (close=121033.01)
2026-02-12 08:52:38.868 | DEBUG    | aivc_trade.execution.position_manager:update_stop:40 - Trail updated: BTCUSDC trail=120649.09 (close=122374.02)
2026-02-12 08:52:38.879 | INFO     | aivc_trade.execution.position_manager:check_exit:94 - EXIT REGIME: BTCUSDC regime=CHAOS
2026-02-12 08:52:38.894 | DEBUG    | aivc_trade.strategy.signal:generate_signals:140 - BTCUSDC in cooldown until 2025-10-03 23:00:00+00:00
2026-02-12 08:52:38.899 | DEBUG    | aivc_trade.strategy.signal:generate_signals:140 - BTCUSDC in cooldown until 2025-10-03 23:00:00+00:00
2026-02-12 08:52:38.904 | DEBUG    | aivc_trade.strategy.signal:generate_signals:140 - BTCUSDC in cooldown until 2025-10-03 23:00:00+00:00
2026-02-12 08:52:39.044 | INFO     | aivc_trade.strategy.signal:generate_signals:179 - Signal: BTCUSDC score=0.0008 entry=124100.59 stop=122914.82
2026-02-12 08:52:39.045 | INFO     | aivc_trade.strategy.sizing:compute_qty:66 - Sizing: qty=0.08655, notional=10740.91, risk=0.91%, equity=11306.53
2026-02-12 08:52:39.055 | DEBUG    | aivc_trade.execution.position_manager:update_stop:40 - Trail updated: BTCUSDC trail=123337.60 (close=125238.70)
2026-02-12 08:52:39.082 | INFO     | aivc_trade.execution.position_manager:check_exit:71 - EXIT TRAILING_STOP: BTCUSDC close=123065.12 stop=123337.60
2026-02-12 08:52:39.082 | DEBUG    | aivc_trade.strategy.signal:generate_signals:140 - BTCUSDC in cooldown until 2025-10-05 15:00:00+00:00
2026-02-12 08:52:39.088 | DEBUG    | aivc_trade.strategy.signal:generate_signals:140 - BTCUSDC in cooldown until 2025-10-05 15:00:00+00:00
2026-02-12 08:52:39.093 | DEBUG    | aivc_trade.strategy.signal:generate_signals:140 - BTCUSDC in cooldown until 2025-10-05 15:00:00+00:00
2026-02-12 08:52:39.098 | DEBUG    | aivc_trade.strategy.signal:generate_signals:140 - BTCUSDC in cooldown until 2025-10-05 15:00:00+00:00
2026-02-12 08:52:39.216 | INFO     | aivc_trade.strategy.signal:generate_signals:179 - Signal: BTCUSDC score=0.0476 entry=124613.81 stop=123402.13
2026-02-12 08:52:39.217 | INFO     | aivc_trade.strategy.sizing:compute_qty:66 - Sizing: qty=0.08526, notional=10624.57, risk=0.92%, equity=11184.82
2026-02-12 08:52:39.240 | DEBUG    | aivc_trade.execution.position_manager:update_stop:40 - Trail updated: BTCUSDC trail=123870.47 (close=125549.00)
2026-02-12 08:52:39.251 | DEBUG    | aivc_trade.execution.position_manager:update_stop:40 - Trail updated: BTCUSDC trail=124249.66 (close=126103.99)
2026-02-12 08:52:39.312 | INFO     | aivc_trade.execution.position_manager:check_exit:71 - EXIT TRAILING_STOP: BTCUSDC close=123979.08 stop=124249.66
2026-02-12 08:52:39.342 | INFO     | aivc_trade.strategy.signal:generate_signals:179 - Signal: ETHUSDC score=0.2763 entry=4752.00 stop=4680.00
2026-02-12 08:52:39.343 | INFO     | aivc_trade.strategy.sizing:compute_qty:66 - Sizing: qty=2.2188000000000003, notional=10543.74, risk=1.44%, equity=11098.91
2026-02-12 08:52:39.353 | INFO     | aivc_trade.execution.position_manager:check_exit:71 - EXIT STOP_LOSS: ETHUSDC close=4597.69 stop=4680.00
2026-02-12 08:52:41.827 | INFO     | aivc_trade.strategy.signal:generate_signals:179 - Signal: BTCUSDC score=0.3506 entry=115568.20 stop=114325.71
2026-02-12 08:52:41.828 | INFO     | aivc_trade.strategy.sizing:compute_qty:66 - Sizing: qty=0.08816, notional=10188.49, risk=1.02%, equity=10725.43
2026-02-12 08:52:41.915 | INFO     | aivc_trade.execution.position_manager:check_exit:71 - EXIT STOP_LOSS: BTCUSDC close=114323.99 stop=114325.71
2026-02-12 08:52:48.894 | INFO     | aivc_trade.strategy.signal:generate_signals:179 - Signal: ETHUSDC score=0.1708 entry=3022.00 stop=2968.43
2026-02-12 08:52:48.894 | INFO     | aivc_trade.strategy.sizing:compute_qty:66 - Sizing: qty=3.3277, notional=10056.04, risk=1.68%, equity=10585.34
2026-02-12 08:52:48.951 | DEBUG    | aivc_trade.execution.position_manager:update_stop:40 - Trail updated: ETHUSDC trail=2994.71 (close=3048.65)
2026-02-12 08:52:48.957 | DEBUG    | aivc_trade.execution.position_manager:update_stop:40 - Trail updated: ETHUSDC trail=2999.76 (close=3057.72)
2026-02-12 08:52:48.962 | DEBUG    | aivc_trade.execution.position_manager:update_stop:40 - Trail updated: ETHUSDC trail=3000.91 (close=3056.65)
2026-02-12 08:52:48.994 | INFO     | aivc_trade.execution.position_manager:check_exit:71 - EXIT TRAILING_STOP: ETHUSDC close=2980.09 stop=3000.91
2026-02-12 08:52:50.080 | INFO     | aivc_trade.backtest.simulator:run:243 - Backtest done: 80 trades, final equity=10416.19
2026-02-12 08:52:50.103 | INFO     | __main__:main:171 - Trades saved → data/backtest_results/trades.parquet
2026-02-12 08:52:50.114 | INFO     | __main__:main:175 - Equity curve saved → data/backtest_results/equity_curve.parquet
2026-02-12 08:53:06.265 | INFO     | __main__:main:114 - ==================================================
2026-02-12 08:53:06.267 | INFO     | __main__:main:115 - AIVC Trade – Phase A Backtest
2026-02-12 08:53:06.267 | INFO     | __main__:main:116 - Period: 2023-03-12 → 2025-12-31
2026-02-12 08:53:06.267 | INFO     | __main__:main:117 - Initial equity: 10000.0
2026-02-12 08:53:06.268 | INFO     | __main__:main:118 - ==================================================
2026-02-12 08:53:06.292 | DEBUG    | aivc_trade.data.candles_store:load:37 - Loaded 24594 rows ← data/candles/BTCUSDC/1h.parquet
2026-02-12 08:53:06.297 | INFO     | __main__:_ensure_data:60 - Downloading 1h data for BTCUSDC...
2026-02-12 08:53:11.551 | DEBUG    | aivc_trade.data.candles_store:save:30 - Saved 24594 rows → data/candles/BTCUSDC/1h.parquet
2026-02-12 08:53:11.613 | DEBUG    | aivc_trade.data.candles_store:load:37 - Loaded 295107 rows ← data/candles/BTCUSDC/5m.parquet
2026-02-12 08:53:11.619 | INFO     | __main__:_ensure_data:83 - Downloading 5m data for BTCUSDC...
2026-02-12 08:54:13.028 | DEBUG    | aivc_trade.data.candles_store:save:30 - Saved 295107 rows → data/candles/BTCUSDC/5m.parquet
2026-02-12 08:54:13.043 | DEBUG    | aivc_trade.data.candles_store:load:37 - Loaded 24594 rows ← data/candles/ETHUSDC/1h.parquet
2026-02-12 08:54:13.047 | INFO     | __main__:_ensure_data:60 - Downloading 1h data for ETHUSDC...
2026-02-12 08:54:17.835 | DEBUG    | aivc_trade.data.candles_store:save:30 - Saved 24594 rows → data/candles/ETHUSDC/1h.parquet
2026-02-12 08:54:17.893 | DEBUG    | aivc_trade.data.candles_store:load:37 - Loaded 295107 rows ← data/candles/ETHUSDC/5m.parquet
2026-02-12 08:54:17.909 | INFO     | __main__:_ensure_data:83 - Downloading 5m data for ETHUSDC...
2026-02-12 08:55:18.962 | DEBUG    | aivc_trade.data.candles_store:save:30 - Saved 295107 rows → data/candles/ETHUSDC/5m.parquet
2026-02-12 08:55:20.325 | INFO     | aivc_trade.strategy.signal:generate_signals:179 - Signal: BTCUSDC score=0.1363 entry=28456.81 stop=28163.86
2026-02-12 08:55:20.327 | INFO     | aivc_trade.strategy.sizing:compute_qty:66 - Sizing: qty=0.33366, notional=9499.96, risk=1.03%, equity=10000.00
2026-02-12 08:55:20.366 | DEBUG    | aivc_trade.execution.position_manager:update_stop:40 - Trail updated: BTCUSDC trail=28538.34 (close=29053.98)
2026-02-12 08:55:20.369 | DEBUG    | aivc_trade.execution.position_manager:update_stop:40 - Trail updated: BTCUSDC trail=28635.23 (close=29173.78)
2026-02-12 08:55:20.371 | DEBUG    | aivc_trade.execution.position_manager:update_stop:40 - Trail updated: BTCUSDC trail=28758.90 (close=29282.07)
2026-02-12 08:55:20.380 | DEBUG    | aivc_trade.execution.position_manager:update_stop:40 - Trail updated: BTCUSDC trail=28992.39 (close=29613.76)
2026-02-12 08:55:20.382 | DEBUG    | aivc_trade.execution.position_manager:update_stop:40 - Trail updated: BTCUSDC trail=29062.64 (close=29657.37)
2026-02-12 08:55:20.384 | DEBUG    | aivc_trade.execution.position_manager:update_stop:40 - Trail updated: BTCUSDC trail=29303.60 (close=29951.34)
2026-02-12 08:55:20.387 | DEBUG    | aivc_trade.execution.position_manager:update_stop:40 - Trail updated: BTCUSDC trail=29471.46 (close=30217.61)
2026-02-12 08:55:20.387 | INFO     | aivc_trade.execution.position_manager:check_exit:94 - EXIT REGIME: BTCUSDC regime=CHAOS
2026-02-12 08:55:20.394 | DEBUG    | aivc_trade.strategy.signal:generate_signals:140 - BTCUSDC in cooldown until 2023-04-11 07:00:00+00:00
2026-02-12 08:55:20.397 | DEBUG    | aivc_trade.strategy.signal:generate_signals:140 - BTCUSDC in cooldown until 2023-04-11 07:00:00+00:00
2026-02-12 08:55:20.400 | DEBUG    | aivc_trade.strategy.signal:generate_signals:140 - BTCUSDC in cooldown until 2023-04-11 07:00:00+00:00
2026-02-12 08:55:20.522 | INFO     | aivc_trade.strategy.signal:generate_signals:179 - Signal: BTCUSDC score=-0.0146 entry=30469.16 stop=30088.92
2026-02-12 08:55:20.524 | INFO     | aivc_trade.strategy.sizing:compute_qty:66 - Sizing: qty=0.32905, notional=10026.77, risk=1.19%, equity=10554.60
2026-02-12 08:55:20.545 | DEBUG    | aivc_trade.execution.position_manager:update_stop:40 - Trail updated: BTCUSDC trail=30301.78 (close=30772.51)
2026-02-12 08:55:20.547 | DEBUG    | aivc_trade.execution.position_manager:update_stop:40 - Trail updated: BTCUSDC trail=30321.82 (close=30804.33)
2026-02-12 08:55:20.556 | DEBUG    | aivc_trade.execution.position_manager:update_stop:40 - Trail updated: BTCUSDC trail=30382.70 (close=30828.07)
2026-02-12 08:55:20.559 | DEBUG    | aivc_trade.execution.position_manager:update_stop:40 - Trail updated: BTCUSDC trail=30489.84 (close=30975.80)
2026-02-12 08:55:20.576 | INFO     | aivc_trade.execution.position_manager:check_exit:71 - EXIT TRAILING_STOP: BTCUSDC close=30266.69 stop=30489.84
2026-02-12 08:55:21.603 | INFO     | aivc_trade.strategy.signal:generate_signals:179 - Signal: BTCUSDC score=0.0189 entry=29704.54 stop=29236.67
2026-02-12 08:55:21.605 | INFO     | aivc_trade.strategy.sizing:compute_qty:66 - Sizing: qty=0.33440000000000003, notional=9932.06, risk=1.49%, equity=10455.11
2026-02-12 08:55:21.630 | INFO     | aivc_trade.execution.position_manager:check_exit:71 - EXIT STOP_LOSS: BTCUSDC close=29128.63 stop=29236.67
2026-02-12 08:55:22.057 | INFO     | aivc_trade.strategy.signal:generate_signals:179 - Signal: BTCUSDC score=0.2305 entry=27343.97 stop=27020.69
2026-02-12 08:55:22.059 | INFO     | aivc_trade.strategy.sizing:compute_qty:66 - Sizing: qty=0.35538000000000003, notional=9719.58, risk=1.14%, equity=10231.37
2026-02-12 08:55:22.084 | DEBUG    | aivc_trade.execution.position_manager:update_stop:40 - Trail updated: BTCUSDC trail=27118.29 (close=27512.41)
2026-02-12 08:55:22.097 | INFO     | aivc_trade.execution.position_manager:check_exit:94 - EXIT REGIME: BTCUSDC regime=CHAOS
2026-02-12 08:55:22.448 | INFO     | aivc_trade.strategy.signal:generate_signals:179 - Signal: ETHUSDC score=-0.0433 entry=1834.25 stop=1814.01
2026-02-12 08:55:22.449 | INFO     | aivc_trade.strategy.sizing:compute_qty:66 - Sizing: qty=5.248200000000001, notional=9630.97, risk=1.09%, equity=10137.96
2026-02-12 08:55:22.454 | DEBUG    | aivc_trade.execution.position_manager:update_stop:40 - Trail updated: ETHUSDC trail=1834.77 (close=1866.27)
2026-02-12 08:55:22.480 | DEBUG    | aivc_trade.execution.position_manager:update_stop:40 - Trail updated: ETHUSDC trail=1836.38 (close=1857.36)
2026-02-12 08:55:22.506 | INFO     | aivc_trade.execution.position_manager:check_exit:71 - EXIT TRAILING_STOP: ETHUSDC close=1822.17 stop=1836.38
2026-02-12 08:55:22.701 | INFO     | aivc_trade.strategy.signal:generate_signals:179 - Signal: BTCUSDC score=0.0540 entry=27081.97 stop=26828.62
2026-02-12 08:55:22.701 | INFO     | aivc_trade.strategy.signal:generate_signals:179 - Signal: ETHUSDC score=0.0051 entry=1850.18 stop=1831.89
2026-02-12 08:55:22.703 | INFO     | aivc_trade.strategy.sizing:compute_qty:66 - Sizing: qty=0.3522, notional=9539.28, risk=0.90%, equity=10041.57
2026-02-12 08:55:22.719 | DEBUG    | aivc_trade.execution.position_manager:update_stop:40 - Trail updated: BTCUSDC trail=27003.05 (close=27229.87)
2026-02-12 08:55:22.725 | DEBUG    | aivc_trade.execution.position_manager:update_stop:40 - Trail updated: BTCUSDC trail=27004.81 (close=27212.30)
2026-02-12 08:55:22.737 | DEBUG    | aivc_trade.execution.position_manager:update_stop:40 - Trail updated: BTCUSDC trail=27046.34 (close=27274.04)
2026-02-12 08:55:22.742 | DEBUG    | aivc_trade.execution.position_manager:update_stop:40 - Trail updated: BTCUSDC trail=27080.47 (close=27352.87)
2026-02-12 08:55:22.745 | DEBUG    | aivc_trade.execution.position_manager:update_stop:40 - Trail updated: BTCUSDC trail=27219.13 (close=27598.74)
2026-02-12 08:55:22.751 | DEBUG    | aivc_trade.execution.position_manager:update_stop:40 - Trail updated: BTCUSDC trail=27394.27 (close=27843.01)
2026-02-12 08:55:22.754 | DEBUG    | aivc_trade.execution.position_manager:update_stop:40 - Trail updated: BTCUSDC trail=27584.81 (close=28092.05)
2026-02-12 08:55:22.754 | INFO     | aivc_trade.execution.position_manager:check_exit:94 - EXIT REGIME: BTCUSDC regime=CHAOS
2026-02-12 08:55:24.176 | INFO     | aivc_trade.strategy.signal:generate_signals:179 - Signal: ETHUSDC score=-0.0005 entry=1920.92 stop=1892.64
2026-02-12 08:55:24.178 | INFO     | aivc_trade.strategy.sizing:compute_qty:66 - Sizing: qty=5.125900000000001, notional=9849.21, risk=1.42%, equity=10367.66
2026-02-12 08:55:24.197 | INFO     | aivc_trade.execution.position_manager:check_exit:71 - EXIT STOP_LOSS: ETHUSDC close=1890.09 stop=1892.64
2026-02-12 08:55:24.198 | DEBUG    | aivc_trade.strategy.signal:generate_signals:140 - ETHUSDC in cooldown until 2023-06-25 20:00:00+00:00
2026-02-12 08:55:24.631 | INFO     | aivc_trade.strategy.signal:generate_signals:179 - Signal: BTCUSDC score=0.0956 entry=31215.95 stop=30838.77
2026-02-12 08:55:24.632 | INFO     | aivc_trade.strategy.sizing:compute_qty:66 - Sizing: qty=0.3098, notional=9667.47, risk=1.12%, equity=10176.53
2026-02-12 08:55:24.689 | INFO     | aivc_trade.execution.position_manager:check_exit:71 - EXIT STOP_LOSS: BTCUSDC close=30708.03 stop=30838.77
2026-02-12 08:55:25.000 | INFO     | aivc_trade.strategy.signal:generate_signals:179 - Signal: BTCUSDC score=0.0544 entry=30521.10 stop=30215.38
2026-02-12 08:55:25.002 | INFO     | aivc_trade.strategy.sizing:compute_qty:66 - Sizing: qty=0.31087000000000004, notional=9492.51, risk=1.00%, equity=9992.38
2026-02-12 08:55:25.004 | DEBUG    | aivc_trade.execution.position_manager:update_stop:40 - Trail updated: BTCUSDC trail=30419.71 (close=30835.43)
2026-02-12 08:55:25.009 | INFO     | aivc_trade.execution.position_manager:check_exit:71 - EXIT TRAILING_STOP: BTCUSDC close=30302.92 stop=30419.71
2026-02-12 08:55:25.011 | DEBUG    | aivc_trade.strategy.signal:generate_signals:140 - BTCUSDC in cooldown until 2023-07-11 03:00:00+00:00
2026-02-12 08:55:25.013 | DEBUG    | aivc_trade.strategy.signal:generate_signals:140 - BTCUSDC in cooldown until 2023-07-11 03:00:00+00:00
2026-02-12 08:55:25.016 | DEBUG    | aivc_trade.strategy.signal:generate_signals:140 - BTCUSDC in cooldown until 2023-07-11 03:00:00+00:00
2026-02-12 08:55:25.019 | DEBUG    | aivc_trade.strategy.signal:generate_signals:140 - BTCUSDC in cooldown until 2023-07-11 03:00:00+00:00
2026-02-12 08:55:25.022 | DEBUG    | aivc_trade.strategy.signal:generate_signals:140 - BTCUSDC in cooldown until 2023-07-11 03:00:00+00:00
2026-02-12 08:55:25.161 | INFO     | aivc_trade.strategy.signal:generate_signals:179 - Signal: BTCUSDC score=-0.2017 entry=30917.60 stop=30487.85
2026-02-12 08:55:25.163 | INFO     | aivc_trade.strategy.sizing:compute_qty:66 - Sizing: qty=0.3037, notional=9391.94, risk=1.34%, equity=9886.45
2026-02-12 08:55:25.170 | DEBUG    | aivc_trade.execution.position_manager:update_stop:40 - Trail updated: BTCUSDC trail=30616.62 (close=31280.82)
2026-02-12 08:55:25.170 | INFO     | aivc_trade.execution.position_manager:check_exit:94 - EXIT REGIME: BTCUSDC regime=CHAOS
2026-02-12 08:55:26.574 | INFO     | aivc_trade.strategy.signal:generate_signals:179 - Signal: BTCUSDC score=0.0713 entry=29401.89 stop=29186.31
2026-02-12 08:55:26.575 | INFO     | aivc_trade.strategy.sizing:compute_qty:66 - Sizing: qty=0.32187000000000004, notional=9463.59, risk=0.70%, equity=9961.77
2026-02-12 08:55:26.578 | DEBUG    | aivc_trade.execution.position_manager:update_stop:40 - Trail updated: BTCUSDC trail=29257.75 (close=29550.26)
2026-02-12 08:55:26.587 | DEBUG    | aivc_trade.execution.position_manager:update_stop:40 - Trail updated: BTCUSDC trail=29306.84 (close=29732.52)
2026-02-12 08:55:26.591 | DEBUG    | aivc_trade.execution.position_manager:update_stop:40 - Trail updated: BTCUSDC trail=29357.96 (close=29786.81)
2026-02-12 08:55:26.593 | DEBUG    | aivc_trade.execution.position_manager:update_stop:40 - Trail updated: BTCUSDC trail=29398.24 (close=29831.68)
2026-02-12 08:55:26.596 | DEBUG    | aivc_trade.execution.position_manager:update_stop:40 - Trail updated: BTCUSDC trail=29454.82 (close=29867.22)
2026-02-12 08:55:26.599 | DEBUG    | aivc_trade.execution.position_manager:update_stop:40 - Trail updated: BTCUSDC trail=29561.46 (close=29976.10)
2026-02-12 08:55:26.602 | INFO     | aivc_trade.execution.position_manager:check_exit:94 - EXIT REGIME: BTCUSDC regime=CHAOS
2026-02-12 08:55:26.608 | DEBUG    | aivc_trade.strategy.signal:generate_signals:140 - BTCUSDC in cooldown until 2023-08-09 03:00:00+00:00
2026-02-12 08:55:26.611 | DEBUG    | aivc_trade.strategy.signal:generate_signals:140 - BTCUSDC in cooldown until 2023-08-09 03:00:00+00:00
2026-02-12 08:55:26.614 | DEBUG    | aivc_trade.strategy.signal:generate_signals:140 - BTCUSDC in cooldown until 2023-08-09 03:00:00+00:00
2026-02-12 08:55:26.617 | DEBUG    | aivc_trade.strategy.signal:generate_signals:140 - BTCUSDC in cooldown until 2023-08-09 03:00:00+00:00
2026-02-12 08:55:27.467 | INFO     | aivc_trade.strategy.signal:generate_signals:179 - Signal: BTCUSDC score=-0.0052 entry=26389.18 stop=26023.19
2026-02-12 08:55:27.469 | INFO     | aivc_trade.strategy.sizing:compute_qty:66 - Sizing: qty=0.36281, notional=9573.75, risk=1.31%, equity=10077.73
2026-02-12 08:55:27.476 | DEBUG    | aivc_trade.execution.position_manager:update_stop:40 - Trail updated: BTCUSDC trail=26139.28 (close=26628.02)
2026-02-12 08:55:27.527 | INFO     | aivc_trade.execution.position_manager:check_exit:71 - EXIT TRAILING_STOP: BTCUSDC close=26106.31 stop=26139.28
2026-02-12 08:55:28.370 | INFO     | aivc_trade.strategy.signal:generate_signals:179 - Signal: BTCUSDC score=0.0806 entry=25988.39 stop=25731.76
2026-02-12 08:55:28.371 | INFO     | aivc_trade.strategy.sizing:compute_qty:66 - Sizing: qty=0.36310000000000003, notional=9444.08, risk=1.01%, equity=9941.38
2026-02-12 08:55:28.374 | DEBUG    | aivc_trade.execution.position_manager:update_stop:40 - Trail updated: BTCUSDC trail=25731.15 (close=26137.59)
2026-02-12 08:55:28.377 | DEBUG    | aivc_trade.execution.position_manager:update_stop:40 - Trail updated: BTCUSDC trail=25872.32 (close=26318.25)
2026-02-12 08:55:28.383 | DEBUG    | aivc_trade.execution.position_manager:update_stop:40 - Trail updated: BTCUSDC trail=25882.51 (close=26354.26)
2026-02-12 08:55:28.393 | DEBUG    | aivc_trade.execution.position_manager:update_stop:40 - Trail updated: BTCUSDC trail=25951.87 (close=26333.92)
2026-02-12 08:55:28.408 | INFO     | aivc_trade.execution.position_manager:check_exit:71 - EXIT TRAILING_STOP: BTCUSDC close=25820.30 stop=25951.87
2026-02-12 08:55:28.730 | INFO     | aivc_trade.strategy.signal:generate_signals:179 - Signal: BTCUSDC score=-0.0654 entry=26518.41 stop=26163.03
2026-02-12 08:55:28.732 | INFO     | aivc_trade.strategy.sizing:compute_qty:66 - Sizing: qty=0.35266000000000003, notional=9351.56, risk=1.27%, equity=9843.93
2026-02-12 08:55:28.769 | DEBUG    | aivc_trade.execution.position_manager:update_stop:40 - Trail updated: BTCUSDC trail=26314.11 (close=26732.33)
2026-02-12 08:55:28.824 | INFO     | aivc_trade.execution.position_manager:check_exit:94 - EXIT REGIME: BTCUSDC regime=CHAOS
2026-02-12 08:55:28.992 | INFO     | aivc_trade.strategy.signal:generate_signals:179 - Signal: BTCUSDC score=0.1675 entry=26881.76 stop=26629.85
2026-02-12 08:55:28.993 | INFO     | aivc_trade.strategy.signal:generate_signals:179 - Signal: ETHUSDC score=0.1684 entry=1638.36 stop=1621.49
2026-02-12 08:55:28.994 | INFO     | aivc_trade.strategy.sizing:compute_qty:66 - Sizing: qty=5.660200000000001, notional=9273.95, risk=0.98%, equity=9762.20
2026-02-12 08:55:28.997 | DEBUG    | aivc_trade.execution.position_manager:update_stop:40 - Trail updated: ETHUSDC trail=1627.07 (close=1648.33)
2026-02-12 08:55:28.999 | DEBUG    | aivc_trade.execution.position_manager:update_stop:40 - Trail updated: ETHUSDC trail=1633.41 (close=1655.04)
2026-02-12 08:55:29.002 | DEBUG    | aivc_trade.execution.position_manager:update_stop:40 - Trail updated: ETHUSDC trail=1640.69 (close=1665.64)
2026-02-12 08:55:29.015 | INFO     | aivc_trade.execution.position_manager:check_exit:71 - EXIT TRAILING_STOP: ETHUSDC close=1638.56 stop=1640.69
2026-02-12 08:55:29.016 | DEBUG    | aivc_trade.strategy.signal:generate_signals:140 - ETHUSDC in cooldown until 2023-09-18 23:00:00+00:00
2026-02-12 08:55:29.019 | DEBUG    | aivc_trade.strategy.signal:generate_signals:140 - ETHUSDC in cooldown until 2023-09-18 23:00:00+00:00
2026-02-12 08:55:29.022 | DEBUG    | aivc_trade.strategy.signal:generate_signals:140 - ETHUSDC in cooldown until 2023-09-18 23:00:00+00:00
2026-02-12 08:55:29.614 | INFO     | aivc_trade.strategy.signal:generate_signals:179 - Signal: ETHUSDC score=-0.1351 entry=1630.29 stop=1611.54
2026-02-12 08:55:29.615 | INFO     | aivc_trade.strategy.sizing:compute_qty:66 - Sizing: qty=5.6729, notional=9247.68, risk=1.08%, equity=9734.49
2026-02-12 08:55:29.626 | DEBUG    | aivc_trade.execution.position_manager:update_stop:40 - Trail updated: ETHUSDC trail=1612.79 (close=1638.83)
2026-02-12 08:55:29.629 | DEBUG    | aivc_trade.execution.position_manager:update_stop:40 - Trail updated: ETHUSDC trail=1622.08 (close=1650.49)
2026-02-12 08:55:29.632 | DEBUG    | aivc_trade.execution.position_manager:update_stop:40 - Trail updated: ETHUSDC trail=1623.03 (close=1654.49)
2026-02-12 08:55:29.632 | INFO     | aivc_trade.execution.position_manager:check_exit:94 - EXIT REGIME: ETHUSDC regime=CHAOS
2026-02-12 08:55:30.073 | INFO     | aivc_trade.strategy.signal:generate_signals:179 - Signal: BTCUSDC score=0.1319 entry=28005.47 stop=27724.64
2026-02-12 08:55:30.075 | INFO     | aivc_trade.strategy.sizing:compute_qty:66 - Sizing: qty=0.33422, notional=9359.58, risk=0.95%, equity=9852.43
2026-02-12 08:55:30.080 | INFO     | aivc_trade.execution.position_manager:check_exit:71 - EXIT STOP_LOSS: BTCUSDC close=27563.90 stop=27724.64
2026-02-12 08:55:31.460 | INFO     | aivc_trade.strategy.signal:generate_signals:179 - Signal: BTCUSDC score=0.1978 entry=27206.29 stop=27021.12
2026-02-12 08:55:31.461 | INFO     | aivc_trade.strategy.sizing:compute_qty:66 - Sizing: qty=0.33790000000000003, notional=9192.63, risk=0.64%, equity=9676.70
2026-02-12 08:55:31.485 | DEBUG    | aivc_trade.execution.position_manager:update_stop:40 - Trail updated: BTCUSDC trail=27456.56 (close=27916.60)
2026-02-12 08:55:31.486 | INFO     | aivc_trade.execution.position_manager:check_exit:94 - EXIT REGIME: BTCUSDC regime=CHAOS
2026-02-12 08:55:31.495 | DEBUG    | aivc_trade.strategy.signal:generate_signals:140 - BTCUSDC in cooldown until 2023-10-16 11:00:00+00:00
2026-02-12 08:55:31.498 | DEBUG    | aivc_trade.strategy.signal:generate_signals:140 - BTCUSDC in cooldown until 2023-10-16 11:00:00+00:00
2026-02-12 08:55:31.501 | DEBUG    | aivc_trade.strategy.signal:generate_signals:140 - BTCUSDC in cooldown until 2023-10-16 11:00:00+00:00
2026-02-12 08:55:31.613 | INFO     | aivc_trade.strategy.signal:generate_signals:179 - Signal: BTCUSDC score=-0.0612 entry=28724.15 stop=28314.20
2026-02-12 08:55:31.614 | INFO     | aivc_trade.strategy.sizing:compute_qty:66 - Sizing: qty=0.32673, notional=9397.04, risk=1.48%, equity=9891.65
2026-02-12 08:55:32.623 | INFO     | aivc_trade.execution.position_manager:check_exit:71 - EXIT STOP_LOSS: BTCUSDC close=28271.09 stop=28314.20
2026-02-12 08:55:32.625 | DEBUG    | aivc_trade.strategy.signal:generate_signals:140 - BTCUSDC in cooldown until 2023-10-18 15:00:00+00:00
2026-02-12 08:55:32.841 | INFO     | aivc_trade.strategy.signal:generate_signals:179 - Signal: BTCUSDC score=0.2744 entry=29899.47 stop=29633.87
2026-02-12 08:55:32.843 | INFO     | aivc_trade.strategy.sizing:compute_qty:66 - Sizing: qty=0.30849000000000004, notional=9220.62, risk=0.81%, equity=9705.92
2026-02-12 08:55:32.851 | DEBUG    | aivc_trade.execution.position_manager:update_stop:40 - Trail updated: BTCUSDC trail=29777.64 (close=30161.35)
2026-02-12 08:55:32.926 | INFO     | aivc_trade.execution.position_manager:check_exit:71 - EXIT TRAILING_STOP: BTCUSDC close=29771.56 stop=29777.64
2026-02-12 08:55:32.938 | DEBUG    | aivc_trade.strategy.signal:generate_signals:140 - BTCUSDC in cooldown until 2023-10-23 03:00:00+00:00
2026-02-12 08:55:32.942 | DEBUG    | aivc_trade.strategy.signal:generate_signals:140 - BTCUSDC in cooldown until 2023-10-23 03:00:00+00:00
2026-02-12 08:55:33.096 | INFO     | aivc_trade.strategy.signal:generate_signals:179 - Signal: BTCUSDC score=-0.0149 entry=34495.81 stop=33746.14
2026-02-12 08:55:33.098 | INFO     | aivc_trade.strategy.sizing:compute_qty:66 - Sizing: qty=0.26548000000000005, notional=9157.38, risk=2.06%, equity=9639.61
2026-02-12 08:55:33.103 | DEBUG    | aivc_trade.execution.position_manager:update_stop:40 - Trail updated: BTCUSDC trail=33950.58 (close=34852.47)
2026-02-12 08:55:33.169 | INFO     | aivc_trade.execution.position_manager:check_exit:71 - EXIT TRAILING_STOP: BTCUSDC close=33767.74 stop=33950.58
2026-02-12 08:55:33.775 | INFO     | aivc_trade.strategy.signal:generate_signals:179 - Signal: BTCUSDC score=0.2389 entry=35281.50 stop=34919.27
2026-02-12 08:55:33.776 | INFO     | aivc_trade.strategy.sizing:compute_qty:66 - Sizing: qty=0.25338, notional=8946.25, risk=1.04%, equity=9417.40
2026-02-12 08:55:33.803 | INFO     | aivc_trade.execution.position_manager:check_exit:71 - EXIT STOP_LOSS: BTCUSDC close=34857.90 stop=34919.27
2026-02-12 08:55:34.022 | INFO     | aivc_trade.strategy.signal:generate_signals:179 - Signal: BTCUSDC score=0.1053 entry=35594.76 stop=35159.22
2026-02-12 08:55:34.023 | INFO     | aivc_trade.strategy.sizing:compute_qty:66 - Sizing: qty=0.24752000000000002, notional=8811.41, risk=1.17%, equity=9275.31
2026-02-12 08:55:34.039 | DEBUG    | aivc_trade.execution.position_manager:update_stop:40 - Trail updated: BTCUSDC trail=35097.38 (close=35863.46)
2026-02-12 08:55:34.043 | DEBUG    | aivc_trade.execution.position_manager:update_stop:40 - Trail updated: BTCUSDC trail=35165.80 (close=35935.31)
2026-02-12 08:55:34.046 | DEBUG    | aivc_trade.execution.position_manager:update_stop:40 - Trail updated: BTCUSDC trail=35443.39 (close=36363.46)
2026-02-12 08:55:34.046 | INFO     | aivc_trade.execution.position_manager:check_exit:94 - EXIT REGIME: BTCUSDC regime=CHAOS
2026-02-12 08:55:34.056 | DEBUG    | aivc_trade.strategy.signal:generate_signals:140 - BTCUSDC in cooldown until 2023-11-09 08:00:00+00:00
2026-02-12 08:55:34.059 | DEBUG    | aivc_trade.strategy.signal:generate_signals:140 - BTCUSDC in cooldown until 2023-11-09 08:00:00+00:00
2026-02-12 08:55:34.062 | DEBUG    | aivc_trade.strategy.signal:generate_signals:140 - BTCUSDC in cooldown until 2023-11-09 08:00:00+00:00
2026-02-12 08:55:34.148 | INFO     | aivc_trade.strategy.signal:generate_signals:179 - Signal: BTCUSDC score=-0.1270 entry=37388.10 stop=36719.36
2026-02-12 08:55:34.150 | INFO     | aivc_trade.strategy.sizing:compute_qty:66 - Sizing: qty=0.23988, notional=8968.62, risk=1.70%, equity=9440.98
2026-02-12 08:55:34.278 | INFO     | aivc_trade.execution.position_manager:check_exit:86 - EXIT TIMEOUT: BTCUSDC held 48.0h, MFE=0.00
2026-02-12 08:55:34.770 | INFO     | aivc_trade.strategy.signal:generate_signals:179 - Signal: ETHUSDC score=0.2674 entry=2019.95 stop=1990.33
2026-02-12 08:55:34.771 | INFO     | aivc_trade.strategy.sizing:compute_qty:66 - Sizing: qty=4.3991, notional=8884.77, risk=1.38%, equity=9352.59
2026-02-12 08:55:34.777 | DEBUG    | aivc_trade.execution.position_manager:update_stop:40 - Trail updated: ETHUSDC trail=2001.25 (close=2037.80)
2026-02-12 08:55:34.781 | DEBUG    | aivc_trade.execution.position_manager:update_stop:40 - Trail updated: ETHUSDC trail=2002.66 (close=2037.97)
2026-02-12 08:55:34.803 | INFO     | aivc_trade.execution.position_manager:check_exit:94 - EXIT REGIME: ETHUSDC regime=CHAOS
2026-02-12 08:55:34.808 | DEBUG    | aivc_trade.strategy.signal:generate_signals:140 - ETHUSDC in cooldown until 2023-11-21 00:00:00+00:00
2026-02-12 08:55:34.811 | DEBUG    | aivc_trade.strategy.signal:generate_signals:140 - ETHUSDC in cooldown until 2023-11-21 00:00:00+00:00
2026-02-12 08:55:34.814 | DEBUG    | aivc_trade.strategy.signal:generate_signals:140 - ETHUSDC in cooldown until 2023-11-21 00:00:00+00:00
2026-02-12 08:55:34.817 | DEBUG    | aivc_trade.strategy.signal:generate_signals:140 - ETHUSDC in cooldown until 2023-11-21 00:00:00+00:00
2026-02-12 08:55:34.820 | DEBUG    | aivc_trade.strategy.signal:generate_signals:140 - ETHUSDC in cooldown until 2023-11-21 00:00:00+00:00
2026-02-12 08:55:34.923 | INFO     | aivc_trade.strategy.signal:generate_signals:179 - Signal: ETHUSDC score=0.0672 entry=2030.49 stop=1993.04
2026-02-12 08:55:34.924 | INFO     | aivc_trade.strategy.sizing:compute_qty:66 - Sizing: qty=4.4141, notional=8969.32, risk=1.82%, equity=9441.59
2026-02-12 08:55:34.937 | DEBUG    | aivc_trade.execution.position_manager:update_stop:40 - Trail updated: ETHUSDC trail=2013.90 (close=2062.19)
2026-02-12 08:55:34.940 | DEBUG    | aivc_trade.execution.position_manager:update_stop:40 - Trail updated: ETHUSDC trail=2027.09 (close=2077.12)
2026-02-12 08:55:34.944 | DEBUG    | aivc_trade.execution.position_manager:update_stop:40 - Trail updated: ETHUSDC trail=2029.33 (close=2075.59)
2026-02-12 08:55:34.947 | DEBUG    | aivc_trade.execution.position_manager:update_stop:40 - Trail updated: ETHUSDC trail=2034.48 (close=2081.70)
2026-02-12 08:55:34.975 | DEBUG    | aivc_trade.execution.position_manager:update_stop:40 - Trail updated: ETHUSDC trail=2036.06 (close=2066.19)
2026-02-12 08:55:34.983 | DEBUG    | aivc_trade.execution.position_manager:update_stop:40 - Trail updated: ETHUSDC trail=2049.26 (close=2081.72)
2026-02-12 08:55:34.986 | DEBUG    | aivc_trade.execution.position_manager:update_stop:40 - Trail updated: ETHUSDC trail=2055.83 (close=2088.10)
2026-02-12 08:55:34.997 | INFO     | aivc_trade.execution.position_manager:check_exit:71 - EXIT TRAILING_STOP: ETHUSDC close=2054.01 stop=2055.83
2026-02-12 08:55:34.998 | DEBUG    | aivc_trade.strategy.signal:generate_signals:140 - ETHUSDC in cooldown until 2023-11-23 19:00:00+00:00
2026-02-12 08:55:35.001 | DEBUG    | aivc_trade.strategy.signal:generate_signals:140 - ETHUSDC in cooldown until 2023-11-23 19:00:00+00:00
2026-02-12 08:55:35.690 | INFO     | aivc_trade.strategy.signal:generate_signals:179 - Signal: ETHUSDC score=0.3278 entry=2183.98 stop=2159.48
2026-02-12 08:55:35.691 | INFO     | aivc_trade.strategy.sizing:compute_qty:66 - Sizing: qty=4.133500000000001, notional=9029.26, risk=1.08%, equity=9504.64
2026-02-12 08:55:35.694 | DEBUG    | aivc_trade.execution.position_manager:update_stop:40 - Trail updated: ETHUSDC trail=2169.76 (close=2205.61)
2026-02-12 08:55:35.702 | DEBUG    | aivc_trade.execution.position_manager:update_stop:40 - Trail updated: ETHUSDC trail=2171.84 (close=2214.88)
2026-02-12 08:55:35.706 | DEBUG    | aivc_trade.execution.position_manager:update_stop:40 - Trail updated: ETHUSDC trail=2172.45 (close=2213.34)
2026-02-12 08:55:35.709 | DEBUG    | aivc_trade.execution.position_manager:update_stop:40 - Trail updated: ETHUSDC trail=2173.03 (close=2211.25)
2026-02-12 08:55:35.712 | DEBUG    | aivc_trade.execution.position_manager:update_stop:40 - Trail updated: ETHUSDC trail=2186.83 (close=2225.07)
2026-02-12 08:55:35.715 | DEBUG    | aivc_trade.execution.position_manager:update_stop:40 - Trail updated: ETHUSDC trail=2202.64 (close=2246.61)
2026-02-12 08:55:35.724 | DEBUG    | aivc_trade.execution.position_manager:update_stop:40 - Trail updated: ETHUSDC trail=2211.16 (close=2256.15)
2026-02-12 08:55:35.729 | INFO     | aivc_trade.execution.position_manager:check_exit:94 - EXIT REGIME: ETHUSDC regime=CHAOS
2026-02-12 08:55:37.317 | INFO     | aivc_trade.strategy.signal:generate_signals:179 - Signal: BTCUSDC score=-0.0312 entry=43484.71 stop=42846.46
2026-02-12 08:55:37.319 | INFO     | aivc_trade.strategy.sizing:compute_qty:66 - Sizing: qty=0.21402000000000002, notional=9304.31, risk=1.37%, equity=9794.24
2026-02-12 08:55:37.354 | INFO     | aivc_trade.execution.position_manager:check_exit:94 - EXIT REGIME: BTCUSDC regime=CHAOS
2026-02-12 08:55:39.613 | INFO     | aivc_trade.strategy.signal:generate_signals:179 - Signal: BTCUSDC score=0.1601 entry=43440.49 stop=42827.47
2026-02-12 08:55:39.615 | INFO     | aivc_trade.strategy.sizing:compute_qty:66 - Sizing: qty=0.21109000000000003, notional=9169.85, risk=1.34%, equity=9652.82
2026-02-12 08:55:39.685 | INFO     | aivc_trade.execution.position_manager:check_exit:94 - EXIT REGIME: BTCUSDC regime=CHAOS
2026-02-12 08:55:40.078 | INFO     | aivc_trade.strategy.signal:generate_signals:179 - Signal: BTCUSDC score=0.1962 entry=43394.98 stop=42916.23
2026-02-12 08:55:40.080 | INFO     | aivc_trade.strategy.sizing:compute_qty:66 - Sizing: qty=0.20837000000000003, notional=9044.36, risk=1.07%, equity=9520.69
2026-02-12 08:55:40.086 | INFO     | aivc_trade.execution.position_manager:check_exit:71 - EXIT STOP_LOSS: BTCUSDC close=42595.43 stop=42916.23
2026-02-12 08:55:40.088 | DEBUG    | aivc_trade.strategy.signal:generate_signals:140 - BTCUSDC in cooldown until 2024-02-05 21:00:00+00:00
2026-02-12 08:55:40.091 | DEBUG    | aivc_trade.strategy.signal:generate_signals:140 - BTCUSDC in cooldown until 2024-02-05 21:00:00+00:00
2026-02-12 08:55:40.474 | INFO     | aivc_trade.strategy.signal:generate_signals:179 - Signal: BTCUSDC score=0.1872 entry=47545.76 stop=47051.30
2026-02-12 08:55:40.476 | INFO     | aivc_trade.strategy.sizing:compute_qty:66 - Sizing: qty=0.18632, notional=8858.69, risk=0.99%, equity=9325.17
2026-02-12 08:55:40.479 | DEBUG    | aivc_trade.execution.position_manager:update_stop:40 - Trail updated: BTCUSDC trail=47162.32 (close=47883.45)
2026-02-12 08:55:40.483 | DEBUG    | aivc_trade.execution.position_manager:update_stop:40 - Trail updated: BTCUSDC trail=47196.01 (close=47943.14)
2026-02-12 08:55:40.500 | DEBUG    | aivc_trade.execution.position_manager:update_stop:40 - Trail updated: BTCUSDC trail=47721.12 (close=48531.14)
2026-02-12 08:55:40.526 | DEBUG    | aivc_trade.execution.position_manager:update_stop:40 - Trail updated: BTCUSDC trail=47764.47 (close=48429.82)
2026-02-12 08:55:40.563 | DEBUG    | aivc_trade.execution.position_manager:update_stop:40 - Trail updated: BTCUSDC trail=47879.65 (close=48617.82)
2026-02-12 08:55:40.593 | INFO     | aivc_trade.execution.position_manager:check_exit:71 - EXIT TRAILING_STOP: BTCUSDC close=47875.20 stop=47879.65
2026-02-12 08:55:40.829 | INFO     | aivc_trade.strategy.signal:generate_signals:179 - Signal: BTCUSDC score=0.0667 entry=52650.20 stop=51757.36
2026-02-12 08:55:40.830 | INFO     | aivc_trade.strategy.sizing:compute_qty:66 - Sizing: qty=0.16890000000000002, notional=8891.57, risk=1.60%, equity=9359.93
2026-02-12 08:55:40.849 | INFO     | aivc_trade.execution.position_manager:check_exit:71 - EXIT STOP_LOSS: BTCUSDC close=51738.08 stop=51757.36
2026-02-12 08:55:41.577 | INFO     | aivc_trade.strategy.signal:generate_signals:179 - Signal: ETHUSDC score=0.3319 entry=3081.64 stop=3032.05
2026-02-12 08:55:41.579 | INFO     | aivc_trade.strategy.sizing:compute_qty:66 - Sizing: qty=2.8298, notional=8720.26, risk=1.53%, equity=9179.49
2026-02-12 08:55:41.585 | DEBUG    | aivc_trade.execution.position_manager:update_stop:40 - Trail updated: ETHUSDC trail=3046.36 (close=3109.32)
2026-02-12 08:55:41.592 | DEBUG    | aivc_trade.execution.position_manager:update_stop:40 - Trail updated: ETHUSDC trail=3055.08 (close=3112.60)
2026-02-12 08:55:41.611 | DEBUG    | aivc_trade.execution.position_manager:update_stop:40 - Trail updated: ETHUSDC trail=3055.47 (close=3106.89)
2026-02-12 08:55:41.615 | DEBUG    | aivc_trade.execution.position_manager:update_stop:40 - Trail updated: ETHUSDC trail=3063.23 (close=3113.13)
2026-02-12 08:55:41.625 | INFO     | aivc_trade.execution.position_manager:check_exit:71 - EXIT TRAILING_STOP: ETHUSDC close=3041.23 stop=3063.23
2026-02-12 08:55:42.138 | INFO     | aivc_trade.strategy.signal:generate_signals:179 - Signal: BTCUSDC score=0.1165 entry=63457.95 stop=62149.56
2026-02-12 08:55:42.139 | INFO     | aivc_trade.strategy.sizing:compute_qty:66 - Sizing: qty=0.13525, notional=8586.14, risk=2.00%, equity=9038.13
2026-02-12 08:55:42.162 | DEBUG    | aivc_trade.execution.position_manager:update_stop:40 - Trail updated: BTCUSDC trail=62693.89 (close=64106.00)
2026-02-12 08:55:42.166 | DEBUG    | aivc_trade.execution.position_manager:update_stop:40 - Trail updated: BTCUSDC trail=63549.25 (close=65279.99)
2026-02-12 08:55:42.177 | DEBUG    | aivc_trade.execution.position_manager:update_stop:40 - Trail updated: BTCUSDC trail=63610.54 (close=65273.67)
2026-02-12 08:55:42.187 | DEBUG    | aivc_trade.execution.position_manager:update_stop:40 - Trail updated: BTCUSDC trail=64291.17 (close=66248.01)
2026-02-12 08:55:42.190 | DEBUG    | aivc_trade.execution.position_manager:update_stop:40 - Trail updated: BTCUSDC trail=64563.87 (close=66511.77)
2026-02-12 08:55:42.194 | DEBUG    | aivc_trade.execution.position_manager:update_stop:40 - Trail updated: BTCUSDC trail=64658.18 (close=66597.97)
2026-02-12 08:55:42.197 | DEBUG    | aivc_trade.execution.position_manager:update_stop:40 - Trail updated: BTCUSDC trail=64792.98 (close=66925.46)
2026-02-12 08:55:42.204 | DEBUG    | aivc_trade.execution.position_manager:update_stop:40 - Trail updated: BTCUSDC trail=65197.96 (close=67468.01)
2026-02-12 08:55:42.207 | DEBUG    | aivc_trade.execution.position_manager:update_stop:40 - Trail updated: BTCUSDC trail=65334.75 (close=67539.49)
2026-02-12 08:55:42.214 | DEBUG    | aivc_trade.execution.position_manager:update_stop:40 - Trail updated: BTCUSDC trail=65857.73 (close=68006.13)
2026-02-12 08:55:42.218 | DEBUG    | aivc_trade.execution.position_manager:update_stop:40 - Trail updated: BTCUSDC trail=66110.09 (close=68336.87)
2026-02-12 08:55:42.224 | DEBUG    | aivc_trade.execution.position_manager:update_stop:40 - Trail updated: BTCUSDC trail=66515.19 (close=68634.00)
2026-02-12 08:55:42.244 | INFO     | aivc_trade.execution.position_manager:check_exit:71 - EXIT TRAILING_STOP: BTCUSDC close=66204.00 stop=66515.19
2026-02-12 08:55:42.245 | DEBUG    | aivc_trade.strategy.signal:generate_signals:140 - BTCUSDC in cooldown until 2024-03-05 13:00:00+00:00
2026-02-12 08:55:42.249 | DEBUG    | aivc_trade.strategy.signal:generate_signals:140 - BTCUSDC in cooldown until 2024-03-05 13:00:00+00:00
2026-02-12 08:55:46.404 | INFO     | aivc_trade.strategy.signal:generate_signals:179 - Signal: ETHUSDC score=0.3141 entry=3342.69 stop=3287.92
2026-02-12 08:55:46.406 | INFO     | aivc_trade.strategy.sizing:compute_qty:66 - Sizing: qty=2.6652, notional=8909.44, risk=1.56%, equity=9378.36
2026-02-12 08:55:46.422 | INFO     | aivc_trade.execution.position_manager:check_exit:71 - EXIT STOP_LOSS: ETHUSDC close=3262.60 stop=3287.92
2026-02-12 08:55:46.423 | DEBUG    | aivc_trade.strategy.signal:generate_signals:140 - ETHUSDC in cooldown until 2024-04-29 05:00:00+00:00
2026-02-12 08:55:47.699 | INFO     | aivc_trade.strategy.signal:generate_signals:179 - Signal: BTCUSDC score=0.2346 entry=62650.00 stop=61818.38
2026-02-12 08:55:47.701 | INFO     | aivc_trade.strategy.sizing:compute_qty:66 - Sizing: qty=0.13854000000000002, notional=8679.53, risk=1.26%, equity=9136.96
2026-02-12 08:55:47.711 | DEBUG    | aivc_trade.execution.position_manager:update_stop:40 - Trail updated: BTCUSDC trail=62230.40 (close=63753.73)
2026-02-12 08:55:47.715 | DEBUG    | aivc_trade.execution.position_manager:update_stop:40 - Trail updated: BTCUSDC trail=62452.97 (close=64147.99)
2026-02-12 08:55:47.715 | INFO     | aivc_trade.execution.position_manager:check_exit:94 - EXIT REGIME: BTCUSDC regime=CHAOS
2026-02-12 08:55:47.720 | DEBUG    | aivc_trade.strategy.signal:generate_signals:140 - BTCUSDC in cooldown until 2024-05-15 19:00:00+00:00
2026-02-12 08:55:47.724 | DEBUG    | aivc_trade.strategy.signal:generate_signals:140 - BTCUSDC in cooldown until 2024-05-15 19:00:00+00:00
2026-02-12 08:55:47.728 | DEBUG    | aivc_trade.strategy.signal:generate_signals:140 - BTCUSDC in cooldown until 2024-05-15 19:00:00+00:00
2026-02-12 08:55:47.732 | DEBUG    | aivc_trade.strategy.signal:generate_signals:140 - BTCUSDC in cooldown until 2024-05-15 19:00:00+00:00
2026-02-12 08:55:47.736 | DEBUG    | aivc_trade.strategy.signal:generate_signals:140 - BTCUSDC in cooldown until 2024-05-15 19:00:00+00:00
2026-02-12 08:55:48.344 | INFO     | aivc_trade.strategy.signal:generate_signals:179 - Signal: ETHUSDC score=0.0408 entry=3811.80 stop=3729.05
2026-02-12 08:55:48.345 | INFO     | aivc_trade.strategy.sizing:compute_qty:66 - Sizing: qty=2.3225000000000002, notional=8853.16, risk=2.06%, equity=9319.25
2026-02-12 08:55:48.359 | DEBUG    | aivc_trade.execution.position_manager:update_stop:40 - Trail updated: ETHUSDC trail=3801.46 (close=3916.85)
2026-02-12 08:55:48.367 | INFO     | aivc_trade.execution.position_manager:check_exit:71 - EXIT TRAILING_STOP: ETHUSDC close=3781.60 stop=3801.46
2026-02-12 08:55:49.226 | INFO     | aivc_trade.strategy.signal:generate_signals:179 - Signal: BTCUSDC score=0.0450 entry=68999.99 stop=68182.43
2026-02-12 08:55:49.228 | INFO     | aivc_trade.strategy.sizing:compute_qty:66 - Sizing: qty=0.12688000000000002, notional=8754.72, risk=1.13%, equity=9215.97
2026-02-12 08:55:49.249 | DEBUG    | aivc_trade.execution.position_manager:update_stop:40 - Trail updated: BTCUSDC trail=68708.52 (close=69734.01)
2026-02-12 08:55:49.260 | INFO     | aivc_trade.execution.position_manager:check_exit:94 - EXIT REGIME: BTCUSDC regime=CHAOS
2026-02-12 08:55:49.270 | DEBUG    | aivc_trade.strategy.signal:generate_signals:140 - BTCUSDC in cooldown until 2024-06-03 21:00:00+00:00
2026-02-12 08:55:49.274 | DEBUG    | aivc_trade.strategy.signal:generate_signals:140 - BTCUSDC in cooldown until 2024-06-03 21:00:00+00:00
2026-02-12 08:55:49.278 | DEBUG    | aivc_trade.strategy.signal:generate_signals:140 - BTCUSDC in cooldown until 2024-06-03 21:00:00+00:00
2026-02-12 08:55:50.326 | INFO     | aivc_trade.strategy.signal:generate_signals:179 - Signal: ETHUSDC score=0.2137 entry=3626.40 stop=3578.22
2026-02-12 08:55:50.328 | INFO     | aivc_trade.strategy.sizing:compute_qty:66 - Sizing: qty=2.4273000000000002, notional=8802.36, risk=1.26%, equity=9265.90
2026-02-12 08:55:50.351 | INFO     | aivc_trade.execution.position_manager:check_exit:71 - EXIT STOP_LOSS: ETHUSDC close=3571.30 stop=3578.22
2026-02-12 08:55:50.613 | INFO     | aivc_trade.strategy.signal:generate_signals:179 - Signal: ETHUSDC score=0.2459 entry=3605.77 stop=3550.22
2026-02-12 08:55:50.615 | INFO     | aivc_trade.strategy.sizing:compute_qty:66 - Sizing: qty=2.3999, notional=8655.46, risk=1.48%, equity=9111.04
2026-02-12 08:55:50.635 | INFO     | aivc_trade.execution.position_manager:check_exit:71 - EXIT STOP_LOSS: ETHUSDC close=3530.60 stop=3550.22
2026-02-12 08:55:51.462 | INFO     | aivc_trade.strategy.signal:generate_signals:179 - Signal: BTCUSDC score=0.2665 entry=61963.96 stop=61396.40
2026-02-12 08:55:51.463 | INFO     | aivc_trade.strategy.sizing:compute_qty:66 - Sizing: qty=0.1365, notional=8457.54, risk=0.86%, equity=8902.76
2026-02-12 08:55:51.478 | DEBUG    | aivc_trade.execution.position_manager:update_stop:40 - Trail updated: BTCUSDC trail=61892.13 (close=62806.01)
2026-02-12 08:55:51.485 | DEBUG    | aivc_trade.execution.position_manager:update_stop:40 - Trail updated: BTCUSDC trail=61957.96 (close=62850.01)
2026-02-12 08:55:51.489 | DEBUG    | aivc_trade.execution.position_manager:update_stop:40 - Trail updated: BTCUSDC trail=62506.91 (close=63558.00)
2026-02-12 08:55:51.506 | DEBUG    | aivc_trade.execution.position_manager:update_stop:40 - Trail updated: BTCUSDC trail=62520.52 (close=63353.97)
2026-02-12 08:55:51.545 | DEBUG    | aivc_trade.execution.position_manager:update_stop:40 - Trail updated: BTCUSDC trail=62675.42 (close=63627.99)
2026-02-12 08:55:51.597 | INFO     | aivc_trade.execution.position_manager:check_exit:71 - EXIT TRAILING_STOP: BTCUSDC close=62549.68 stop=62675.42
2026-02-12 08:55:57.472 | INFO     | aivc_trade.strategy.signal:generate_signals:179 - Signal: BTCUSDC score=0.1992 entry=55692.32 stop=54841.68
2026-02-12 08:55:57.474 | INFO     | aivc_trade.strategy.sizing:compute_qty:66 - Sizing: qty=0.15280000000000002, notional=8509.44, risk=1.45%, equity=8957.76
2026-02-12 08:55:57.478 | INFO     | aivc_trade.execution.position_manager:check_exit:71 - EXIT STOP_LOSS: BTCUSDC close=54838.01 stop=54841.68
2026-02-12 08:55:57.479 | DEBUG    | aivc_trade.strategy.signal:generate_signals:140 - BTCUSDC in cooldown until 2024-09-09 20:00:00+00:00
2026-02-12 08:55:57.483 | DEBUG    | aivc_trade.strategy.signal:generate_signals:140 - BTCUSDC in cooldown until 2024-09-09 20:00:00+00:00
2026-02-12 08:55:57.487 | DEBUG    | aivc_trade.strategy.signal:generate_signals:140 - BTCUSDC in cooldown until 2024-09-09 20:00:00+00:00
2026-02-12 08:55:57.491 | DEBUG    | aivc_trade.strategy.signal:generate_signals:140 - BTCUSDC in cooldown until 2024-09-09 20:00:00+00:00
2026-02-12 08:55:57.496 | DEBUG    | aivc_trade.strategy.signal:generate_signals:140 - BTCUSDC in cooldown until 2024-09-09 20:00:00+00:00
2026-02-12 08:55:57.500 | DEBUG    | aivc_trade.strategy.signal:generate_signals:140 - BTCUSDC in cooldown until 2024-09-09 20:00:00+00:00
2026-02-12 08:55:58.962 | INFO     | aivc_trade.strategy.signal:generate_signals:179 - Signal: BTCUSDC score=0.1811 entry=64393.99 stop=63618.47
2026-02-12 08:55:58.963 | INFO     | aivc_trade.strategy.sizing:compute_qty:66 - Sizing: qty=0.12985000000000002, notional=8361.82, risk=1.15%, equity=8802.24
2026-02-12 08:55:58.982 | DEBUG    | aivc_trade.execution.position_manager:update_stop:40 - Trail updated: BTCUSDC trail=63931.92 (close=65246.63)
2026-02-12 08:55:58.987 | DEBUG    | aivc_trade.execution.position_manager:update_stop:40 - Trail updated: BTCUSDC trail=64054.53 (close=65352.85)
2026-02-12 08:55:59.016 | DEBUG    | aivc_trade.execution.position_manager:update_stop:40 - Trail updated: BTCUSDC trail=64143.67 (close=65266.00)
2026-02-12 08:55:59.028 | DEBUG    | aivc_trade.execution.position_manager:update_stop:40 - Trail updated: BTCUSDC trail=64243.77 (close=65370.01)
2026-02-12 08:55:59.032 | DEBUG    | aivc_trade.execution.position_manager:update_stop:40 - Trail updated: BTCUSDC trail=64278.26 (close=65316.00)
2026-02-12 08:55:59.036 | DEBUG    | aivc_trade.execution.position_manager:update_stop:40 - Trail updated: BTCUSDC trail=64372.02 (close=65366.00)
2026-02-12 08:55:59.041 | DEBUG    | aivc_trade.execution.position_manager:update_stop:40 - Trail updated: BTCUSDC trail=64394.88 (close=65354.57)
2026-02-12 08:55:59.045 | DEBUG    | aivc_trade.execution.position_manager:update_stop:40 - Trail updated: BTCUSDC trail=64560.80 (close=65492.02)
2026-02-12 08:55:59.049 | DEBUG    | aivc_trade.execution.position_manager:update_stop:40 - Trail updated: BTCUSDC trail=64825.57 (close=65753.96)
2026-02-12 08:55:59.054 | DEBUG    | aivc_trade.execution.position_manager:update_stop:40 - Trail updated: BTCUSDC trail=64851.93 (close=65763.16)
2026-02-12 08:55:59.073 | DEBUG    | aivc_trade.execution.position_manager:update_stop:40 - Trail updated: BTCUSDC trail=65133.71 (close=66272.88)
2026-02-12 08:55:59.081 | DEBUG    | aivc_trade.execution.position_manager:update_stop:40 - Trail updated: BTCUSDC trail=65185.57 (close=66322.94)
2026-02-12 08:55:59.116 | DEBUG    | aivc_trade.execution.position_manager:update_stop:40 - Trail updated: BTCUSDC trail=65222.31 (close=66003.29)
2026-02-12 08:55:59.120 | DEBUG    | aivc_trade.execution.position_manager:update_stop:40 - Trail updated: BTCUSDC trail=65409.10 (close=66182.01)
2026-02-12 08:55:59.272 | DEBUG    | aivc_trade.execution.position_manager:update_stop:40 - Trail updated: BTCUSDC trail=65539.70 (close=65974.00)
2026-02-12 08:55:59.293 | INFO     | aivc_trade.execution.position_manager:check_exit:71 - EXIT TRAILING_STOP: BTCUSDC close=65476.02 stop=65539.70
2026-02-12 08:55:59.723 | INFO     | aivc_trade.strategy.signal:generate_signals:179 - Signal: BTCUSDC score=-0.1259 entry=62245.09 stop=61142.99
2026-02-12 08:55:59.725 | INFO     | aivc_trade.strategy.sizing:compute_qty:66 - Sizing: qty=0.13609000000000002, notional=8471.10, risk=1.68%, equity=8917.44
2026-02-12 08:55:59.901 | INFO     | aivc_trade.execution.position_manager:check_exit:86 - EXIT TIMEOUT: BTCUSDC held 48.0h, MFE=466.71
2026-02-12 08:56:00.377 | INFO     | aivc_trade.strategy.signal:generate_signals:179 - Signal: ETHUSDC score=0.2151 entry=2459.79 stop=2422.23
2026-02-12 08:56:00.378 | INFO     | aivc_trade.strategy.sizing:compute_qty:66 - Sizing: qty=3.4528000000000003, notional=8493.06, risk=1.45%, equity=8940.09
2026-02-12 08:56:00.475 | DEBUG    | aivc_trade.execution.position_manager:update_stop:40 - Trail updated: ETHUSDC trail=2451.87 (close=2479.34)
2026-02-12 08:56:00.479 | DEBUG    | aivc_trade.execution.position_manager:update_stop:40 - Trail updated: ETHUSDC trail=2459.37 (close=2488.00)
2026-02-12 08:56:00.499 | INFO     | aivc_trade.execution.position_manager:check_exit:71 - EXIT TRAILING_STOP: ETHUSDC close=2457.70 stop=2459.37
2026-02-12 08:56:00.796 | INFO     | aivc_trade.strategy.signal:generate_signals:179 - Signal: BTCUSDC score=-0.0145 entry=67887.63 stop=66777.67
2026-02-12 08:56:00.798 | INFO     | aivc_trade.strategy.sizing:compute_qty:66 - Sizing: qty=0.12464000000000001, notional=8461.52, risk=1.55%, equity=8907.09
2026-02-12 08:56:00.975 | INFO     | aivc_trade.execution.position_manager:check_exit:86 - EXIT TIMEOUT: BTCUSDC held 48.0h, MFE=202.34
2026-02-12 08:56:00.976 | DEBUG    | aivc_trade.strategy.signal:generate_signals:140 - BTCUSDC in cooldown until 2024-10-18 17:00:00+00:00
2026-02-12 08:56:00.984 | DEBUG    | aivc_trade.strategy.signal:generate_signals:140 - BTCUSDC in cooldown until 2024-10-18 17:00:00+00:00
2026-02-12 08:56:00.989 | DEBUG    | aivc_trade.strategy.signal:generate_signals:140 - BTCUSDC in cooldown until 2024-10-18 17:00:00+00:00
2026-02-12 08:56:00.992 | DEBUG    | aivc_trade.strategy.signal:generate_signals:140 - BTCUSDC in cooldown until 2024-10-18 17:00:00+00:00
2026-02-12 08:56:00.996 | DEBUG    | aivc_trade.strategy.signal:generate_signals:140 - BTCUSDC in cooldown until 2024-10-18 17:00:00+00:00
2026-02-12 08:56:01.005 | INFO     | aivc_trade.strategy.signal:generate_signals:179 - Signal: ETHUSDC score=-0.0025 entry=2663.78 stop=2616.79
2026-02-12 08:56:01.006 | INFO     | aivc_trade.strategy.sizing:compute_qty:66 - Sizing: qty=3.1579, notional=8413.28, risk=1.69%, equity=8856.31
2026-02-12 08:56:01.180 | DEBUG    | aivc_trade.execution.position_manager:update_stop:40 - Trail updated: ETHUSDC trail=2669.98 (close=2710.19)
2026-02-12 08:56:01.206 | DEBUG    | aivc_trade.execution.position_manager:update_stop:40 - Trail updated: ETHUSDC trail=2670.95 (close=2711.33)
2026-02-12 08:56:01.211 | DEBUG    | aivc_trade.execution.position_manager:update_stop:40 - Trail updated: ETHUSDC trail=2675.23 (close=2714.99)
2026-02-12 08:56:01.216 | DEBUG    | aivc_trade.execution.position_manager:update_stop:40 - Trail updated: ETHUSDC trail=2697.57 (close=2746.92)
2026-02-12 08:56:01.220 | DEBUG    | aivc_trade.execution.position_manager:update_stop:40 - Trail updated: ETHUSDC trail=2699.01 (close=2746.29)
2026-02-12 08:56:01.270 | INFO     | aivc_trade.execution.position_manager:check_exit:71 - EXIT TRAILING_STOP: ETHUSDC close=2696.89 stop=2699.01
2026-02-12 08:56:01.545 | INFO     | aivc_trade.strategy.signal:generate_signals:179 - Signal: BTCUSDC score=0.0410 entry=67851.98 stop=67030.29
2026-02-12 08:56:01.546 | INFO     | aivc_trade.strategy.sizing:compute_qty:66 - Sizing: qty=0.12506, notional=8485.57, risk=1.15%, equity=8932.83
2026-02-12 08:56:01.569 | DEBUG    | aivc_trade.execution.position_manager:update_stop:40 - Trail updated: BTCUSDC trail=67245.23 (close=68284.73)
2026-02-12 08:56:01.637 | DEBUG    | aivc_trade.execution.position_manager:update_stop:40 - Trail updated: BTCUSDC trail=67335.67 (close=68298.18)
2026-02-12 08:56:01.653 | INFO     | aivc_trade.execution.position_manager:check_exit:71 - EXIT TRAILING_STOP: BTCUSDC close=66786.02 stop=67335.67
2026-02-12 08:56:01.891 | INFO     | aivc_trade.strategy.signal:generate_signals:179 - Signal: BTCUSDC score=0.2151 entry=68332.02 stop=67651.39
2026-02-12 08:56:01.892 | INFO     | aivc_trade.strategy.sizing:compute_qty:66 - Sizing: qty=0.12197000000000001, notional=8334.94, risk=0.95%, equity=8774.26
2026-02-12 08:56:01.908 | DEBUG    | aivc_trade.execution.position_manager:update_stop:40 - Trail updated: BTCUSDC trail=67899.87 (close=68684.08)
2026-02-12 08:56:01.913 | DEBUG    | aivc_trade.execution.position_manager:update_stop:40 - Trail updated: BTCUSDC trail=67999.37 (close=68836.02)
2026-02-12 08:56:01.938 | DEBUG    | aivc_trade.execution.position_manager:update_stop:40 - Trail updated: BTCUSDC trail=68090.14 (close=69172.01)
2026-02-12 08:56:01.942 | DEBUG    | aivc_trade.execution.position_manager:update_stop:40 - Trail updated: BTCUSDC trail=68409.51 (close=69609.79)
2026-02-12 08:56:01.947 | DEBUG    | aivc_trade.execution.position_manager:update_stop:40 - Trail updated: BTCUSDC trail=68496.60 (close=69636.85)
2026-02-12 08:56:01.951 | DEBUG    | aivc_trade.execution.position_manager:update_stop:40 - Trail updated: BTCUSDC trail=68686.54 (close=69775.10)
2026-02-12 08:56:01.955 | DEBUG    | aivc_trade.execution.position_manager:update_stop:40 - Trail updated: BTCUSDC trail=68817.71 (close=69926.52)
2026-02-12 08:56:01.959 | DEBUG    | aivc_trade.execution.position_manager:update_stop:40 - Trail updated: BTCUSDC trail=68826.71 (close=69926.54)
2026-02-12 08:56:01.963 | DEBUG    | aivc_trade.execution.position_manager:update_stop:40 - Trail updated: BTCUSDC trail=68879.30 (close=69918.22)
2026-02-12 08:56:01.967 | DEBUG    | aivc_trade.execution.position_manager:update_stop:40 - Trail updated: BTCUSDC trail=69180.94 (close=70258.01)
2026-02-12 08:56:01.972 | DEBUG    | aivc_trade.execution.position_manager:update_stop:40 - Trail updated: BTCUSDC trail=69757.52 (close=71141.02)
2026-02-12 08:56:01.984 | DEBUG    | aivc_trade.execution.position_manager:update_stop:40 - Trail updated: BTCUSDC trail=69784.79 (close=70971.46)
2026-02-12 08:56:01.988 | DEBUG    | aivc_trade.execution.position_manager:update_stop:40 - Trail updated: BTCUSDC trail=70046.06 (close=71197.08)
2026-02-12 08:56:02.000 | DEBUG    | aivc_trade.execution.position_manager:update_stop:40 - Trail updated: BTCUSDC trail=70237.03 (close=71249.33)
2026-02-12 08:56:02.008 | DEBUG    | aivc_trade.execution.position_manager:update_stop:40 - Trail updated: BTCUSDC trail=70430.17 (close=71421.55)
2026-02-12 08:56:02.016 | DEBUG    | aivc_trade.execution.position_manager:update_stop:40 - Trail updated: BTCUSDC trail=70610.07 (close=71776.00)
2026-02-12 08:56:02.024 | DEBUG    | aivc_trade.execution.position_manager:update_stop:40 - Trail updated: BTCUSDC trail=71059.29 (close=72386.01)
2026-02-12 08:56:02.029 | DEBUG    | aivc_trade.execution.position_manager:update_stop:40 - Trail updated: BTCUSDC trail=71352.27 (close=72721.10)
2026-02-12 08:56:02.034 | DEBUG    | aivc_trade.execution.position_manager:update_stop:40 - Trail updated: BTCUSDC trail=71352.99 (close=72700.30)
2026-02-12 08:56:02.040 | DEBUG    | aivc_trade.execution.position_manager:update_stop:40 - Trail updated: BTCUSDC trail=71789.46 (close=73172.11)
2026-02-12 08:56:02.207 | INFO     | aivc_trade.execution.position_manager:check_exit:71 - EXIT TRAILING_STOP: BTCUSDC close=71293.59 stop=71789.46
2026-02-12 08:56:04.725 | INFO     | aivc_trade.strategy.signal:generate_signals:179 - Signal: BTCUSDC score=0.1596 entry=76896.02 stop=75620.86
2026-02-12 08:56:04.726 | INFO     | aivc_trade.strategy.sizing:compute_qty:66 - Sizing: qty=0.11256000000000001, notional=8653.62, risk=1.56%, equity=9109.45
2026-02-12 08:56:04.860 | DEBUG    | aivc_trade.execution.position_manager:update_stop:40 - Trail updated: BTCUSDC trail=77530.01 (close=79143.91)
2026-02-12 08:56:04.877 | DEBUG    | aivc_trade.execution.position_manager:update_stop:40 - Trail updated: BTCUSDC trail=77654.87 (close=79159.20)
2026-02-12 08:56:04.881 | DEBUG    | aivc_trade.execution.position_manager:update_stop:40 - Trail updated: BTCUSDC trail=77974.68 (close=79410.11)
2026-02-12 08:56:04.885 | DEBUG    | aivc_trade.execution.position_manager:update_stop:40 - Trail updated: BTCUSDC trail=78187.37 (close=79592.03)
2026-02-12 08:56:04.890 | DEBUG    | aivc_trade.execution.position_manager:update_stop:40 - Trail updated: BTCUSDC trail=78498.63 (close=79883.99)
2026-02-12 08:56:04.918 | DEBUG    | aivc_trade.execution.position_manager:update_stop:40 - Trail updated: BTCUSDC trail=78503.50 (close=79839.44)
2026-02-12 08:56:04.923 | DEBUG    | aivc_trade.execution.position_manager:update_stop:40 - Trail updated: BTCUSDC trail=78909.92 (close=80431.68)
2026-02-12 08:56:04.927 | DEBUG    | aivc_trade.execution.position_manager:update_stop:40 - Trail updated: BTCUSDC trail=79069.34 (close=80626.19)
2026-02-12 08:56:04.936 | INFO     | aivc_trade.execution.position_manager:check_exit:71 - EXIT TRAILING_STOP: BTCUSDC close=78989.23 stop=79069.34
2026-02-12 08:56:04.937 | DEBUG    | aivc_trade.strategy.signal:generate_signals:140 - BTCUSDC in cooldown until 2024-11-11 02:00:00+00:00
2026-02-12 08:56:04.941 | DEBUG    | aivc_trade.strategy.signal:generate_signals:140 - BTCUSDC in cooldown until 2024-11-11 02:00:00+00:00
2026-02-12 08:56:04.945 | DEBUG    | aivc_trade.strategy.signal:generate_signals:140 - BTCUSDC in cooldown until 2024-11-11 02:00:00+00:00
2026-02-12 08:56:04.950 | DEBUG    | aivc_trade.strategy.signal:generate_signals:140 - BTCUSDC in cooldown until 2024-11-11 02:00:00+00:00
2026-02-12 08:56:04.955 | DEBUG    | aivc_trade.strategy.signal:generate_signals:140 - BTCUSDC in cooldown until 2024-11-11 02:00:00+00:00
2026-02-12 08:56:04.959 | DEBUG    | aivc_trade.strategy.signal:generate_signals:140 - BTCUSDC in cooldown until 2024-11-11 02:00:00+00:00
2026-02-12 08:56:08.395 | INFO     | aivc_trade.strategy.signal:generate_signals:179 - Signal: BTCUSDC score=0.2716 entry=108278.51 stop=106743.31
2026-02-12 08:56:08.396 | INFO     | aivc_trade.strategy.sizing:compute_qty:66 - Sizing: qty=0.08178, notional=8854.28, risk=1.34%, equity=9320.63
2026-02-12 08:56:08.400 | INFO     | aivc_trade.execution.position_manager:check_exit:71 - EXIT STOP_LOSS: BTCUSDC close=106481.68 stop=106743.31
2026-02-12 08:56:08.401 | DEBUG    | aivc_trade.strategy.signal:generate_signals:140 - BTCUSDC in cooldown until 2024-12-17 21:00:00+00:00
2026-02-12 08:56:08.405 | DEBUG    | aivc_trade.strategy.signal:generate_signals:140 - BTCUSDC in cooldown until 2024-12-17 21:00:00+00:00
2026-02-12 08:56:08.410 | DEBUG    | aivc_trade.strategy.signal:generate_signals:140 - BTCUSDC in cooldown until 2024-12-17 21:00:00+00:00
2026-02-12 08:56:08.414 | DEBUG    | aivc_trade.strategy.signal:generate_signals:140 - BTCUSDC in cooldown until 2024-12-17 21:00:00+00:00
2026-02-12 08:56:08.419 | DEBUG    | aivc_trade.strategy.signal:generate_signals:140 - BTCUSDC in cooldown until 2024-12-17 21:00:00+00:00
2026-02-12 08:56:09.901 | INFO     | aivc_trade.strategy.signal:generate_signals:179 - Signal: BTCUSDC score=0.1378 entry=95516.21 stop=94185.88
2026-02-12 08:56:09.901 | INFO     | aivc_trade.strategy.signal:generate_signals:179 - Signal: ETHUSDC score=0.2343 entry=3411.54 stop=3358.33
2026-02-12 08:56:09.903 | INFO     | aivc_trade.strategy.sizing:compute_qty:66 - Sizing: qty=2.547, notional=8690.70, risk=1.50%, equity=9148.20
2026-02-12 08:56:09.923 | DEBUG    | aivc_trade.execution.position_manager:update_stop:40 - Trail updated: ETHUSDC trail=3404.49 (close=3464.04)
2026-02-12 08:56:09.928 | DEBUG    | aivc_trade.execution.position_manager:update_stop:40 - Trail updated: ETHUSDC trail=3406.63 (close=3464.41)
2026-02-12 08:56:09.932 | DEBUG    | aivc_trade.execution.position_manager:update_stop:40 - Trail updated: ETHUSDC trail=3409.66 (close=3467.28)
2026-02-12 08:56:09.937 | DEBUG    | aivc_trade.execution.position_manager:update_stop:40 - Trail updated: ETHUSDC trail=3421.79 (close=3476.72)
2026-02-12 08:56:10.038 | DEBUG    | aivc_trade.execution.position_manager:update_stop:40 - Trail updated: ETHUSDC trail=3425.60 (close=3479.40)
2026-02-12 08:56:10.042 | DEBUG    | aivc_trade.execution.position_manager:update_stop:40 - Trail updated: ETHUSDC trail=3459.53 (close=3524.66)
2026-02-12 08:56:10.047 | DEBUG    | aivc_trade.execution.position_manager:update_stop:40 - Trail updated: ETHUSDC trail=3487.18 (close=3562.00)
2026-02-12 08:56:10.052 | DEBUG    | aivc_trade.execution.position_manager:update_stop:40 - Trail updated: ETHUSDC trail=3505.15 (close=3581.45)
2026-02-12 08:56:10.060 | DEBUG    | aivc_trade.execution.position_manager:update_stop:40 - Trail updated: ETHUSDC trail=3525.42 (close=3603.22)
2026-02-12 08:56:10.065 | DEBUG    | aivc_trade.execution.position_manager:update_stop:40 - Trail updated: ETHUSDC trail=3544.09 (close=3620.95)
2026-02-12 08:56:10.105 | DEBUG    | aivc_trade.execution.position_manager:update_stop:40 - Trail updated: ETHUSDC trail=3545.93 (close=3595.45)
2026-02-12 08:56:10.109 | DEBUG    | aivc_trade.execution.position_manager:update_stop:40 - Trail updated: ETHUSDC trail=3552.05 (close=3599.01)
2026-02-12 08:56:10.130 | DEBUG    | aivc_trade.execution.position_manager:update_stop:40 - Trail updated: ETHUSDC trail=3555.92 (close=3601.29)
2026-02-12 08:56:10.135 | DEBUG    | aivc_trade.execution.position_manager:update_stop:40 - Trail updated: ETHUSDC trail=3580.61 (close=3634.44)
2026-02-12 08:56:10.140 | DEBUG    | aivc_trade.execution.position_manager:update_stop:40 - Trail updated: ETHUSDC trail=3589.60 (close=3643.69)
2026-02-12 08:56:10.168 | DEBUG    | aivc_trade.execution.position_manager:update_stop:40 - Trail updated: ETHUSDC trail=3595.18 (close=3660.20)
2026-02-12 08:56:10.173 | DEBUG    | aivc_trade.execution.position_manager:update_stop:40 - Trail updated: ETHUSDC trail=3596.01 (close=3657.73)
2026-02-12 08:56:10.177 | DEBUG    | aivc_trade.execution.position_manager:update_stop:40 - Trail updated: ETHUSDC trail=3600.92 (close=3659.80)
2026-02-12 08:56:10.298 | DEBUG    | aivc_trade.execution.position_manager:update_stop:40 - Trail updated: ETHUSDC trail=3610.51 (close=3671.42)
2026-02-12 08:56:10.302 | DEBUG    | aivc_trade.execution.position_manager:update_stop:40 - Trail updated: ETHUSDC trail=3616.84 (close=3679.92)
2026-02-12 08:56:10.342 | DEBUG    | aivc_trade.execution.position_manager:update_stop:40 - Trail updated: ETHUSDC trail=3634.69 (close=3714.60)
2026-02-12 08:56:10.426 | INFO     | aivc_trade.execution.position_manager:check_exit:71 - EXIT TRAILING_STOP: ETHUSDC close=3633.60 stop=3634.69
2026-02-12 08:56:14.848 | INFO     | aivc_trade.strategy.signal:generate_signals:179 - Signal: BTCUSDC score=0.0817 entry=98330.85 stop=97180.84
2026-02-12 08:56:14.849 | INFO     | aivc_trade.strategy.sizing:compute_qty:66 - Sizing: qty=0.09359, notional=9202.20, risk=1.11%, equity=9686.89
2026-02-12 08:56:14.922 | DEBUG    | aivc_trade.execution.position_manager:update_stop:40 - Trail updated: BTCUSDC trail=97994.09 (close=98938.97)
2026-02-12 08:56:14.927 | DEBUG    | aivc_trade.execution.position_manager:update_stop:40 - Trail updated: BTCUSDC trail=98229.98 (close=99374.03)
2026-02-12 08:56:14.935 | INFO     | aivc_trade.execution.position_manager:check_exit:71 - EXIT TRAILING_STOP: BTCUSDC close=98132.50 stop=98229.98
2026-02-12 08:56:14.936 | DEBUG    | aivc_trade.strategy.signal:generate_signals:140 - BTCUSDC in cooldown until 2025-02-21 21:00:00+00:00
2026-02-12 08:56:18.846 | INFO     | aivc_trade.strategy.signal:generate_signals:179 - Signal: BTCUSDC score=0.0865 entry=84107.50 stop=82997.99
2026-02-12 08:56:18.848 | INFO     | aivc_trade.strategy.sizing:compute_qty:66 - Sizing: qty=0.10890000000000001, notional=9159.31, risk=1.25%, equity=9642.17
2026-02-12 08:56:18.879 | DEBUG    | aivc_trade.execution.position_manager:update_stop:40 - Trail updated: BTCUSDC trail=83432.53 (close=85277.99)
2026-02-12 08:56:18.879 | INFO     | aivc_trade.execution.position_manager:check_exit:94 - EXIT REGIME: BTCUSDC regime=CHAOS
2026-02-12 08:56:18.889 | DEBUG    | aivc_trade.strategy.signal:generate_signals:140 - BTCUSDC in cooldown until 2025-04-01 21:00:00+00:00
2026-02-12 08:56:18.894 | DEBUG    | aivc_trade.strategy.signal:generate_signals:140 - BTCUSDC in cooldown until 2025-04-01 21:00:00+00:00
2026-02-12 08:56:18.898 | DEBUG    | aivc_trade.strategy.signal:generate_signals:140 - BTCUSDC in cooldown until 2025-04-01 21:00:00+00:00
2026-02-12 08:56:18.903 | DEBUG    | aivc_trade.strategy.signal:generate_signals:140 - BTCUSDC in cooldown until 2025-04-01 21:00:00+00:00
2026-02-12 08:56:21.050 | INFO     | aivc_trade.strategy.signal:generate_signals:179 - Signal: BTCUSDC score=0.1172 entry=89003.98 stop=87947.67
2026-02-12 08:56:21.052 | INFO     | aivc_trade.strategy.sizing:compute_qty:66 - Sizing: qty=0.10398, notional=9254.63, risk=1.13%, equity=9741.96
2026-02-12 08:56:21.056 | DEBUG    | aivc_trade.execution.position_manager:update_stop:40 - Trail updated: BTCUSDC trail=88709.04 (close=90266.01)
2026-02-12 08:56:21.061 | DEBUG    | aivc_trade.execution.position_manager:update_stop:40 - Trail updated: BTCUSDC trail=89174.22 (close=90832.00)
2026-02-12 08:56:21.066 | DEBUG    | aivc_trade.execution.position_manager:update_stop:40 - Trail updated: BTCUSDC trail=89218.50 (close=90998.00)
2026-02-12 08:56:21.076 | DEBUG    | aivc_trade.execution.position_manager:update_stop:40 - Trail updated: BTCUSDC trail=89734.80 (close=91470.00)
2026-02-12 08:56:21.080 | DEBUG    | aivc_trade.execution.position_manager:update_stop:40 - Trail updated: BTCUSDC trail=89888.95 (close=91565.79)
2026-02-12 08:56:21.094 | DEBUG    | aivc_trade.execution.position_manager:update_stop:40 - Trail updated: BTCUSDC trail=90705.63 (close=93067.56)
2026-02-12 08:56:21.094 | INFO     | aivc_trade.execution.position_manager:check_exit:94 - EXIT REGIME: BTCUSDC regime=CHAOS
2026-02-12 08:56:22.688 | INFO     | aivc_trade.strategy.signal:generate_signals:179 - Signal: BTCUSDC score=-0.3367 entry=97823.25 stop=96466.11
2026-02-12 08:56:22.689 | INFO     | aivc_trade.strategy.sizing:compute_qty:66 - Sizing: qty=0.09843, notional=9628.74, risk=1.32%, equity=10136.10
2026-02-12 08:56:22.694 | DEBUG    | aivc_trade.execution.position_manager:update_stop:40 - Trail updated: BTCUSDC trail=97011.17 (close=98689.99)
2026-02-12 08:56:22.699 | DEBUG    | aivc_trade.execution.position_manager:update_stop:40 - Trail updated: BTCUSDC trail=97483.16 (close=99162.00)
2026-02-12 08:56:22.713 | DEBUG    | aivc_trade.execution.position_manager:update_stop:40 - Trail updated: BTCUSDC trail=97605.65 (close=99036.01)
2026-02-12 08:56:22.718 | DEBUG    | aivc_trade.execution.position_manager:update_stop:40 - Trail updated: BTCUSDC trail=97911.54 (close=99263.04)
2026-02-12 08:56:22.723 | DEBUG    | aivc_trade.execution.position_manager:update_stop:40 - Trail updated: BTCUSDC trail=98311.69 (close=99671.04)
2026-02-12 08:56:22.728 | DEBUG    | aivc_trade.execution.position_manager:update_stop:40 - Trail updated: BTCUSDC trail=98535.53 (close=99800.01)
2026-02-12 08:56:22.733 | DEBUG    | aivc_trade.execution.position_manager:update_stop:40 - Trail updated: BTCUSDC trail=98624.86 (close=99792.02)
2026-02-12 08:56:22.756 | DEBUG    | aivc_trade.execution.position_manager:update_stop:40 - Trail updated: BTCUSDC trail=99009.04 (close=100773.98)
2026-02-12 08:56:22.761 | DEBUG    | aivc_trade.execution.position_manager:update_stop:40 - Trail updated: BTCUSDC trail=99514.97 (close=101299.99)
2026-02-12 08:56:22.766 | INFO     | aivc_trade.execution.position_manager:check_exit:94 - EXIT REGIME: BTCUSDC regime=CHAOS
2026-02-12 08:56:22.772 | DEBUG    | aivc_trade.strategy.signal:generate_signals:140 - BTCUSDC in cooldown until 2025-05-08 23:00:00+00:00
2026-02-12 08:56:22.777 | DEBUG    | aivc_trade.strategy.signal:generate_signals:140 - BTCUSDC in cooldown until 2025-05-08 23:00:00+00:00
2026-02-12 08:56:23.002 | INFO     | aivc_trade.strategy.signal:generate_signals:179 - Signal: BTCUSDC score=0.1159 entry=104824.01 stop=103711.64
2026-02-12 08:56:23.003 | INFO     | aivc_trade.strategy.sizing:compute_qty:66 - Sizing: qty=0.09445, notional=9900.63, risk=1.01%, equity=10422.75
2026-02-12 08:56:23.038 | INFO     | aivc_trade.execution.position_manager:check_exit:71 - EXIT STOP_LOSS: BTCUSDC close=103402.00 stop=103711.64
2026-02-12 08:56:23.056 | DEBUG    | aivc_trade.strategy.signal:generate_signals:140 - BTCUSDC in cooldown until 2025-05-11 13:00:00+00:00
2026-02-12 08:56:23.062 | DEBUG    | aivc_trade.strategy.signal:generate_signals:140 - BTCUSDC in cooldown until 2025-05-11 13:00:00+00:00
2026-02-12 08:56:24.120 | INFO     | aivc_trade.strategy.signal:generate_signals:179 - Signal: BTCUSDC score=-0.1105 entry=107816.00 stop=106191.54
2026-02-12 08:56:24.121 | INFO     | aivc_trade.strategy.sizing:compute_qty:66 - Sizing: qty=0.09039000000000001, notional=9745.49, risk=1.43%, equity=10258.94
2026-02-12 08:56:24.155 | DEBUG    | aivc_trade.execution.position_manager:update_stop:40 - Trail updated: BTCUSDC trail=106825.11 (close=109068.01)
2026-02-12 08:56:24.169 | INFO     | aivc_trade.execution.position_manager:check_exit:71 - EXIT TRAILING_STOP: BTCUSDC close=106659.79 stop=106825.11
2026-02-12 08:56:26.196 | INFO     | aivc_trade.strategy.signal:generate_signals:179 - Signal: ETHUSDC score=0.0259 entry=2559.80 stop=2510.07
2026-02-12 08:56:26.197 | INFO     | aivc_trade.strategy.sizing:compute_qty:66 - Sizing: qty=3.7576, notional=9619.04, risk=1.85%, equity=10125.35
2026-02-12 08:56:26.206 | DEBUG    | aivc_trade.execution.position_manager:update_stop:40 - Trail updated: ETHUSDC trail=2531.33 (close=2585.72)
2026-02-12 08:56:26.215 | DEBUG    | aivc_trade.execution.position_manager:update_stop:40 - Trail updated: ETHUSDC trail=2539.30 (close=2590.90)
2026-02-12 08:56:26.220 | DEBUG    | aivc_trade.execution.position_manager:update_stop:40 - Trail updated: ETHUSDC trail=2579.97 (close=2644.85)
2026-02-12 08:56:26.225 | DEBUG    | aivc_trade.execution.position_manager:update_stop:40 - Trail updated: ETHUSDC trail=2601.82 (close=2667.46)
2026-02-12 08:56:26.230 | DEBUG    | aivc_trade.execution.position_manager:update_stop:40 - Trail updated: ETHUSDC trail=2612.31 (close=2681.38)
2026-02-12 08:56:26.235 | DEBUG    | aivc_trade.execution.position_manager:update_stop:40 - Trail updated: ETHUSDC trail=2623.67 (close=2700.17)
2026-02-12 08:56:26.239 | DEBUG    | aivc_trade.execution.position_manager:update_stop:40 - Trail updated: ETHUSDC trail=2637.08 (close=2709.51)
2026-02-12 08:56:26.280 | DEBUG    | aivc_trade.execution.position_manager:update_stop:40 - Trail updated: ETHUSDC trail=2639.96 (close=2696.52)
2026-02-12 08:56:26.285 | DEBUG    | aivc_trade.execution.position_manager:update_stop:40 - Trail updated: ETHUSDC trail=2688.94 (close=2774.74)
2026-02-12 08:56:26.303 | INFO     | aivc_trade.execution.position_manager:check_exit:94 - EXIT REGIME: ETHUSDC regime=CHAOS
2026-02-12 08:56:26.309 | DEBUG    | aivc_trade.strategy.signal:generate_signals:140 - ETHUSDC in cooldown until 2025-06-10 21:00:00+00:00
2026-02-12 08:56:26.314 | DEBUG    | aivc_trade.strategy.signal:generate_signals:140 - ETHUSDC in cooldown until 2025-06-10 21:00:00+00:00
2026-02-12 08:56:26.319 | DEBUG    | aivc_trade.strategy.signal:generate_signals:140 - ETHUSDC in cooldown until 2025-06-10 21:00:00+00:00
2026-02-12 08:56:26.324 | DEBUG    | aivc_trade.strategy.signal:generate_signals:140 - ETHUSDC in cooldown until 2025-06-10 21:00:00+00:00
2026-02-12 08:56:26.328 | DEBUG    | aivc_trade.strategy.signal:generate_signals:140 - ETHUSDC in cooldown until 2025-06-10 21:00:00+00:00
2026-02-12 08:56:26.975 | INFO     | aivc_trade.strategy.signal:generate_signals:179 - Signal: BTCUSDC score=0.0847 entry=108702.07 stop=107531.84
2026-02-12 08:56:26.976 | INFO     | aivc_trade.strategy.sizing:compute_qty:66 - Sizing: qty=0.09394000000000001, notional=10211.47, risk=1.02%, equity=10749.93
2026-02-12 08:56:26.994 | INFO     | aivc_trade.execution.position_manager:check_exit:71 - EXIT STOP_LOSS: BTCUSDC close=106849.84 stop=107531.84
2026-02-12 08:56:26.995 | DEBUG    | aivc_trade.strategy.signal:generate_signals:140 - BTCUSDC in cooldown until 2025-06-17 05:00:00+00:00
2026-02-12 08:56:27.000 | DEBUG    | aivc_trade.strategy.signal:generate_signals:140 - BTCUSDC in cooldown until 2025-06-17 05:00:00+00:00
2026-02-12 08:56:27.005 | DEBUG    | aivc_trade.strategy.signal:generate_signals:140 - BTCUSDC in cooldown until 2025-06-17 05:00:00+00:00
2026-02-12 08:56:27.852 | INFO     | aivc_trade.strategy.signal:generate_signals:179 - Signal: BTCUSDC score=0.0658 entry=106273.97 stop=104811.82
2026-02-12 08:56:27.853 | INFO     | aivc_trade.strategy.sizing:compute_qty:66 - Sizing: qty=0.09426000000000001, notional=10017.39, risk=1.31%, equity=10545.56
2026-02-12 08:56:27.941 | DEBUG    | aivc_trade.execution.position_manager:update_stop:40 - Trail updated: BTCUSDC trail=106017.32 (close=107184.25)
2026-02-12 08:56:27.946 | DEBUG    | aivc_trade.execution.position_manager:update_stop:40 - Trail updated: BTCUSDC trail=106109.53 (close=107238.01)
2026-02-12 08:56:27.952 | DEBUG    | aivc_trade.execution.position_manager:update_stop:40 - Trail updated: BTCUSDC trail=106191.99 (close=107290.01)
2026-02-12 08:56:27.957 | DEBUG    | aivc_trade.execution.position_manager:update_stop:40 - Trail updated: BTCUSDC trail=106717.28 (close=107996.01)
2026-02-12 08:56:28.041 | DEBUG    | aivc_trade.execution.position_manager:update_stop:40 - Trail updated: BTCUSDC trail=106726.19 (close=107801.45)
2026-02-12 08:56:28.046 | DEBUG    | aivc_trade.execution.position_manager:update_stop:40 - Trail updated: BTCUSDC trail=106828.10 (close=107873.99)
2026-02-12 08:56:28.126 | INFO     | aivc_trade.execution.position_manager:check_exit:71 - EXIT TRAILING_STOP: BTCUSDC close=106735.20 stop=106828.10
2026-02-12 08:56:28.831 | INFO     | aivc_trade.strategy.signal:generate_signals:179 - Signal: BTCUSDC score=0.0243 entry=109979.97 stop=108955.00
2026-02-12 08:56:28.832 | INFO     | aivc_trade.strategy.sizing:compute_qty:66 - Sizing: qty=0.0912, notional=10030.17, risk=0.89%, equity=10558.92
2026-02-12 08:56:28.856 | INFO     | aivc_trade.execution.position_manager:check_exit:94 - EXIT REGIME: BTCUSDC regime=CHAOS
2026-02-12 08:56:28.870 | DEBUG    | aivc_trade.strategy.signal:generate_signals:140 - BTCUSDC in cooldown until 2025-07-03 20:00:00+00:00
2026-02-12 08:56:28.875 | DEBUG    | aivc_trade.strategy.signal:generate_signals:140 - BTCUSDC in cooldown until 2025-07-03 20:00:00+00:00
2026-02-12 08:56:28.880 | DEBUG    | aivc_trade.strategy.signal:generate_signals:140 - BTCUSDC in cooldown until 2025-07-03 20:00:00+00:00
2026-02-12 08:56:29.237 | INFO     | aivc_trade.strategy.signal:generate_signals:179 - Signal: BTCUSDC score=-0.0409 entry=109239.99 stop=108306.64
2026-02-12 08:56:29.239 | INFO     | aivc_trade.strategy.sizing:compute_qty:66 - Sizing: qty=0.09140000000000001, notional=9984.54, risk=0.81%, equity=10510.53
2026-02-12 08:56:29.320 | INFO     | aivc_trade.execution.position_manager:check_exit:71 - EXIT STOP_LOSS: BTCUSDC close=108242.01 stop=108306.64
2026-02-12 08:56:29.427 | INFO     | aivc_trade.strategy.signal:generate_signals:179 - Signal: BTCUSDC score=0.1599 entry=109052.41 stop=108252.62
2026-02-12 08:56:29.427 | INFO     | aivc_trade.strategy.signal:generate_signals:179 - Signal: ETHUSDC score=0.1878 entry=2588.43 stop=2549.58
2026-02-12 08:56:29.428 | INFO     | aivc_trade.strategy.sizing:compute_qty:66 - Sizing: qty=3.8131000000000004, notional=9869.90, risk=1.43%, equity=10389.50
2026-02-12 08:56:29.448 | DEBUG    | aivc_trade.execution.position_manager:update_stop:40 - Trail updated: ETHUSDC trail=2558.10 (close=2616.76)
2026-02-12 08:56:29.453 | DEBUG    | aivc_trade.execution.position_manager:update_stop:40 - Trail updated: ETHUSDC trail=2569.75 (close=2625.48)
2026-02-12 08:56:29.485 | DEBUG    | aivc_trade.execution.position_manager:update_stop:40 - Trail updated: ETHUSDC trail=2570.08 (close=2616.00)
2026-02-12 08:56:29.513 | DEBUG    | aivc_trade.execution.position_manager:update_stop:40 - Trail updated: ETHUSDC trail=2576.65 (close=2628.51)
2026-02-12 08:56:29.518 | DEBUG    | aivc_trade.execution.position_manager:update_stop:40 - Trail updated: ETHUSDC trail=2581.46 (close=2631.60)
2026-02-12 08:56:29.542 | DEBUG    | aivc_trade.execution.position_manager:update_stop:40 - Trail updated: ETHUSDC trail=2584.52 (close=2626.65)
2026-02-12 08:56:29.547 | DEBUG    | aivc_trade.execution.position_manager:update_stop:40 - Trail updated: ETHUSDC trail=2609.53 (close=2660.30)
2026-02-12 08:56:29.567 | DEBUG    | aivc_trade.execution.position_manager:update_stop:40 - Trail updated: ETHUSDC trail=2612.55 (close=2666.50)
2026-02-12 08:56:29.577 | DEBUG    | aivc_trade.execution.position_manager:update_stop:40 - Trail updated: ETHUSDC trail=2652.96 (close=2718.90)
2026-02-12 08:56:29.582 | DEBUG    | aivc_trade.execution.position_manager:update_stop:40 - Trail updated: ETHUSDC trail=2682.13 (close=2765.70)
2026-02-12 08:56:29.582 | INFO     | aivc_trade.execution.position_manager:check_exit:94 - EXIT REGIME: ETHUSDC regime=CHAOS
2026-02-12 08:56:29.601 | DEBUG    | aivc_trade.strategy.signal:generate_signals:140 - ETHUSDC in cooldown until 2025-07-10 01:00:00+00:00
2026-02-12 08:56:29.607 | DEBUG    | aivc_trade.strategy.signal:generate_signals:140 - ETHUSDC in cooldown until 2025-07-10 01:00:00+00:00
2026-02-12 08:56:29.681 | INFO     | aivc_trade.strategy.signal:generate_signals:179 - Signal: BTCUSDC score=-0.1825 entry=112718.00 stop=111525.34
2026-02-12 08:56:29.682 | INFO     | aivc_trade.strategy.sizing:compute_qty:66 - Sizing: qty=0.09300000000000001, notional=10482.77, risk=1.01%, equity=11034.79
2026-02-12 08:56:29.688 | DEBUG    | aivc_trade.execution.position_manager:update_stop:40 - Trail updated: BTCUSDC trail=112210.00 (close=113795.01)
2026-02-12 08:56:29.707 | DEBUG    | aivc_trade.execution.position_manager:update_stop:40 - Trail updated: BTCUSDC trail=114101.28 (close=116511.99)
2026-02-12 08:56:29.707 | INFO     | aivc_trade.execution.position_manager:check_exit:94 - EXIT REGIME: BTCUSDC regime=CHAOS
2026-02-12 08:56:30.065 | INFO     | aivc_trade.strategy.signal:generate_signals:179 - Signal: BTCUSDC score=-0.0534 entry=119696.18 stop=118416.40
2026-02-12 08:56:30.066 | INFO     | aivc_trade.strategy.sizing:compute_qty:66 - Sizing: qty=0.09012, notional=10787.02, risk=1.02%, equity=11355.65
2026-02-12 08:56:30.071 | DEBUG    | aivc_trade.execution.position_manager:update_stop:40 - Trail updated: BTCUSDC trail=118922.27 (close=120803.99)
2026-02-12 08:56:30.076 | DEBUG    | aivc_trade.execution.position_manager:update_stop:40 - Trail updated: BTCUSDC trail=119513.42 (close=121436.60)
2026-02-12 08:56:30.082 | DEBUG    | aivc_trade.execution.position_manager:update_stop:40 - Trail updated: BTCUSDC trail=120312.59 (close=122502.00)
2026-02-12 08:56:30.083 | INFO     | aivc_trade.execution.position_manager:check_exit:94 - EXIT REGIME: BTCUSDC regime=CHAOS
2026-02-12 08:56:30.089 | DEBUG    | aivc_trade.strategy.signal:generate_signals:140 - BTCUSDC in cooldown until 2025-07-14 11:00:00+00:00
2026-02-12 08:56:30.095 | DEBUG    | aivc_trade.strategy.signal:generate_signals:140 - BTCUSDC in cooldown until 2025-07-14 11:00:00+00:00
2026-02-12 08:56:30.101 | DEBUG    | aivc_trade.strategy.signal:generate_signals:140 - BTCUSDC in cooldown until 2025-07-14 11:00:00+00:00
2026-02-12 08:56:30.108 | DEBUG    | aivc_trade.strategy.signal:generate_signals:140 - BTCUSDC in cooldown until 2025-07-14 11:00:00+00:00
2026-02-12 08:56:30.113 | DEBUG    | aivc_trade.strategy.signal:generate_signals:140 - BTCUSDC in cooldown until 2025-07-14 11:00:00+00:00
2026-02-12 08:56:30.877 | INFO     | aivc_trade.strategy.signal:generate_signals:179 - Signal: BTCUSDC score=0.1436 entry=119226.05 stop=117914.67
2026-02-12 08:56:30.878 | INFO     | aivc_trade.strategy.sizing:compute_qty:66 - Sizing: qty=0.09224, notional=10997.41, risk=1.04%, equity=11576.31
2026-02-12 08:56:30.924 | INFO     | aivc_trade.execution.position_manager:check_exit:71 - EXIT STOP_LOSS: BTCUSDC close=117803.54 stop=117914.67
2026-02-12 08:56:32.862 | INFO     | aivc_trade.strategy.signal:generate_signals:179 - Signal: BTCUSDC score=-0.0428 entry=117529.98 stop=116164.17
2026-02-12 08:56:32.863 | INFO     | aivc_trade.strategy.sizing:compute_qty:66 - Sizing: qty=0.09225000000000001, notional=10841.59, risk=1.10%, equity=11412.30
2026-02-12 08:56:33.087 | INFO     | aivc_trade.execution.position_manager:check_exit:86 - EXIT TIMEOUT: BTCUSDC held 48.0h, MFE=89.01
2026-02-12 08:56:33.178 | INFO     | aivc_trade.strategy.signal:generate_signals:179 - Signal: BTCUSDC score=0.0106 entry=118802.00 stop=117689.78
2026-02-12 08:56:33.179 | INFO     | aivc_trade.strategy.sizing:compute_qty:66 - Sizing: qty=0.0903, notional=10727.82, risk=0.89%, equity=11292.46
2026-02-12 08:56:33.221 | DEBUG    | aivc_trade.execution.position_manager:update_stop:40 - Trail updated: BTCUSDC trail=118172.84 (close=119327.10)
2026-02-12 08:56:33.231 | DEBUG    | aivc_trade.execution.position_manager:update_stop:40 - Trail updated: BTCUSDC trail=118697.38 (close=120011.99)
2026-02-12 08:56:33.236 | DEBUG    | aivc_trade.execution.position_manager:update_stop:40 - Trail updated: BTCUSDC trail=120100.48 (close=121892.01)
2026-02-12 08:56:33.236 | INFO     | aivc_trade.execution.position_manager:check_exit:94 - EXIT REGIME: BTCUSDC regime=CHAOS
2026-02-12 08:56:33.252 | DEBUG    | aivc_trade.strategy.signal:generate_signals:140 - BTCUSDC in cooldown until 2025-08-11 08:00:00+00:00
2026-02-12 08:56:33.257 | DEBUG    | aivc_trade.strategy.signal:generate_signals:140 - BTCUSDC in cooldown until 2025-08-11 08:00:00+00:00
2026-02-12 08:56:33.261 | DEBUG    | aivc_trade.strategy.signal:generate_signals:140 - BTCUSDC in cooldown until 2025-08-11 08:00:00+00:00
2026-02-12 08:56:33.527 | INFO     | aivc_trade.strategy.signal:generate_signals:179 - Signal: BTCUSDC score=-0.3145 entry=121796.00 stop=120270.80
2026-02-12 08:56:33.528 | INFO     | aivc_trade.strategy.sizing:compute_qty:66 - Sizing: qty=0.09000000000000001, notional=10961.80, risk=1.19%, equity=11538.89
2026-02-12 08:56:33.533 | INFO     | aivc_trade.execution.position_manager:check_exit:94 - EXIT REGIME: BTCUSDC regime=CHAOS
2026-02-12 08:56:33.547 | DEBUG    | aivc_trade.strategy.signal:generate_signals:140 - BTCUSDC in cooldown until 2025-08-13 20:00:00+00:00
2026-02-12 08:56:33.552 | DEBUG    | aivc_trade.strategy.signal:generate_signals:140 - BTCUSDC in cooldown until 2025-08-13 20:00:00+00:00
2026-02-12 08:56:37.954 | INFO     | aivc_trade.strategy.signal:generate_signals:179 - Signal: BTCUSDC score=0.0395 entry=113232.00 stop=111882.33
2026-02-12 08:56:37.955 | INFO     | aivc_trade.strategy.sizing:compute_qty:66 - Sizing: qty=0.09588, notional=10856.88, risk=1.13%, equity=11428.38
2026-02-12 08:56:37.965 | INFO     | aivc_trade.execution.position_manager:check_exit:71 - EXIT STOP_LOSS: BTCUSDC close=110578.00 stop=111882.33
2026-02-12 08:56:38.287 | INFO     | aivc_trade.strategy.signal:generate_signals:179 - Signal: BTCUSDC score=0.2289 entry=112096.00 stop=111187.87
2026-02-12 08:56:38.288 | INFO     | aivc_trade.strategy.sizing:compute_qty:66 - Sizing: qty=0.09442, notional=10584.36, risk=0.77%, equity=11141.53
2026-02-12 08:56:38.311 | DEBUG    | aivc_trade.execution.position_manager:update_stop:40 - Trail updated: BTCUSDC trail=111504.42 (close=112649.92)
2026-02-12 08:56:38.317 | DEBUG    | aivc_trade.execution.position_manager:update_stop:40 - Trail updated: BTCUSDC trail=111518.58 (close=112650.01)
2026-02-12 08:56:38.364 | INFO     | aivc_trade.execution.position_manager:check_exit:71 - EXIT TRAILING_STOP: BTCUSDC close=111388.62 stop=111518.58
2026-02-12 08:56:38.531 | INFO     | aivc_trade.strategy.signal:generate_signals:179 - Signal: BTCUSDC score=0.0309 entry=113431.69 stop=112289.50
2026-02-12 08:56:38.532 | INFO     | aivc_trade.strategy.sizing:compute_qty:66 - Sizing: qty=0.09248, notional=10490.16, risk=0.96%, equity=11042.84
2026-02-12 08:56:38.537 | DEBUG    | aivc_trade.execution.position_manager:update_stop:40 - Trail updated: BTCUSDC trail=112539.79 (close=113980.00)
2026-02-12 08:56:38.587 | DEBUG    | aivc_trade.execution.position_manager:update_stop:40 - Trail updated: BTCUSDC trail=112939.76 (close=114007.00)
2026-02-12 08:56:38.608 | DEBUG    | aivc_trade.execution.position_manager:update_stop:40 - Trail updated: BTCUSDC trail=113402.14 (close=114441.09)
2026-02-12 08:56:38.696 | DEBUG    | aivc_trade.execution.position_manager:update_stop:40 - Trail updated: BTCUSDC trail=113464.47 (close=114529.99)
2026-02-12 08:56:38.701 | DEBUG    | aivc_trade.execution.position_manager:update_stop:40 - Trail updated: BTCUSDC trail=113942.49 (close=115143.57)
2026-02-12 08:56:38.707 | DEBUG    | aivc_trade.execution.position_manager:update_stop:40 - Trail updated: BTCUSDC trail=114364.97 (close=115541.71)
2026-02-12 08:56:38.714 | DEBUG    | aivc_trade.execution.position_manager:update_stop:40 - Trail updated: BTCUSDC trail=114575.69 (close=115899.91)
2026-02-12 08:56:38.798 | DEBUG    | aivc_trade.execution.position_manager:update_stop:40 - Trail updated: BTCUSDC trail=114783.18 (close=115885.01)
2026-02-12 08:56:38.804 | DEBUG    | aivc_trade.execution.position_manager:update_stop:40 - Trail updated: BTCUSDC trail=115358.44 (close=116561.57)
2026-02-12 08:56:38.809 | DEBUG    | aivc_trade.execution.position_manager:update_stop:40 - Trail updated: BTCUSDC trail=115545.97 (close=116756.16)
2026-02-12 08:56:38.912 | INFO     | aivc_trade.execution.position_manager:check_exit:71 - EXIT TRAILING_STOP: BTCUSDC close=115411.86 stop=115545.97
2026-02-12 08:56:40.773 | INFO     | aivc_trade.strategy.signal:generate_signals:179 - Signal: BTCUSDC score=0.0513 entry=113298.48 stop=112163.16
2026-02-12 08:56:40.773 | INFO     | aivc_trade.strategy.sizing:compute_qty:66 - Sizing: qty=0.09386000000000001, notional=10634.20, risk=0.95%, equity=11194.22
2026-02-12 08:56:40.779 | DEBUG    | aivc_trade.execution.position_manager:update_stop:40 - Trail updated: BTCUSDC trail=112649.69 (close=114115.99)
2026-02-12 08:56:40.795 | DEBUG    | aivc_trade.execution.position_manager:update_stop:40 - Trail updated: BTCUSDC trail=112699.58 (close=114136.99)
2026-02-12 08:56:40.800 | DEBUG    | aivc_trade.execution.position_manager:update_stop:40 - Trail updated: BTCUSDC trail=112762.58 (close=114101.00)
2026-02-12 08:56:40.806 | DEBUG    | aivc_trade.execution.position_manager:update_stop:40 - Trail updated: BTCUSDC trail=113006.12 (close=114344.76)
2026-02-12 08:56:40.812 | DEBUG    | aivc_trade.execution.position_manager:update_stop:40 - Trail updated: BTCUSDC trail=113079.72 (close=114337.27)
2026-02-12 08:56:40.818 | DEBUG    | aivc_trade.execution.position_manager:update_stop:40 - Trail updated: BTCUSDC trail=113082.67 (close=114259.60)
2026-02-12 08:56:40.824 | DEBUG    | aivc_trade.execution.position_manager:update_stop:40 - Trail updated: BTCUSDC trail=113184.88 (close=114273.50)
2026-02-12 08:56:40.829 | DEBUG    | aivc_trade.execution.position_manager:update_stop:40 - Trail updated: BTCUSDC trail=113386.11 (close=114400.55)
2026-02-12 08:56:40.835 | DEBUG    | aivc_trade.execution.position_manager:update_stop:40 - Trail updated: BTCUSDC trail=113493.27 (close=114615.01)
2026-02-12 08:56:40.881 | INFO     | aivc_trade.execution.position_manager:check_exit:71 - EXIT TRAILING_STOP: BTCUSDC close=112863.51 stop=113493.27
2026-02-12 08:56:41.134 | INFO     | aivc_trade.strategy.signal:generate_signals:179 - Signal: BTCUSDC score=0.2126 entry=119713.04 stop=118601.56
2026-02-12 08:56:41.136 | INFO     | aivc_trade.strategy.sizing:compute_qty:66 - Sizing: qty=0.08825000000000001, notional=10564.68, risk=0.88%, equity=11121.55
2026-02-12 08:56:41.161 | DEBUG    | aivc_trade.execution.position_manager:update_stop:40 - Trail updated: BTCUSDC trail=118857.63 (close=120599.01)
2026-02-12 08:56:41.167 | DEBUG    | aivc_trade.execution.position_manager:update_stop:40 - Trail updated: BTCUSDC trail=119230.73 (close=120937.04)
2026-02-12 08:56:41.243 | DEBUG    | aivc_trade.execution.position_manager:update_stop:40 - Trail updated: BTCUSDC trail=119431.91 (close=120545.24)
2026-02-12 08:56:41.253 | DEBUG    | aivc_trade.execution.position_manager:update_stop:40 - Trail updated: BTCUSDC trail=119441.00 (close=120480.01)
2026-02-12 08:56:41.263 | DEBUG    | aivc_trade.execution.position_manager:update_stop:40 - Trail updated: BTCUSDC trail=119707.16 (close=121033.01)
2026-02-12 08:56:41.268 | DEBUG    | aivc_trade.execution.position_manager:update_stop:40 - Trail updated: BTCUSDC trail=120649.09 (close=122374.02)
2026-02-12 08:56:41.279 | INFO     | aivc_trade.execution.position_manager:check_exit:94 - EXIT REGIME: BTCUSDC regime=CHAOS
2026-02-12 08:56:41.295 | DEBUG    | aivc_trade.strategy.signal:generate_signals:140 - BTCUSDC in cooldown until 2025-10-03 23:00:00+00:00
2026-02-12 08:56:41.301 | DEBUG    | aivc_trade.strategy.signal:generate_signals:140 - BTCUSDC in cooldown until 2025-10-03 23:00:00+00:00
2026-02-12 08:56:41.306 | DEBUG    | aivc_trade.strategy.signal:generate_signals:140 - BTCUSDC in cooldown until 2025-10-03 23:00:00+00:00
2026-02-12 08:56:41.461 | INFO     | aivc_trade.strategy.signal:generate_signals:179 - Signal: BTCUSDC score=0.0008 entry=124100.59 stop=122914.82
2026-02-12 08:56:41.461 | INFO     | aivc_trade.strategy.sizing:compute_qty:66 - Sizing: qty=0.08655, notional=10740.91, risk=0.91%, equity=11306.53
2026-02-12 08:56:41.471 | DEBUG    | aivc_trade.execution.position_manager:update_stop:40 - Trail updated: BTCUSDC trail=123337.60 (close=125238.70)
2026-02-12 08:56:41.497 | INFO     | aivc_trade.execution.position_manager:check_exit:71 - EXIT TRAILING_STOP: BTCUSDC close=123065.12 stop=123337.60
2026-02-12 08:56:41.498 | DEBUG    | aivc_trade.strategy.signal:generate_signals:140 - BTCUSDC in cooldown until 2025-10-05 15:00:00+00:00
2026-02-12 08:56:41.504 | DEBUG    | aivc_trade.strategy.signal:generate_signals:140 - BTCUSDC in cooldown until 2025-10-05 15:00:00+00:00
2026-02-12 08:56:41.509 | DEBUG    | aivc_trade.strategy.signal:generate_signals:140 - BTCUSDC in cooldown until 2025-10-05 15:00:00+00:00
2026-02-12 08:56:41.515 | DEBUG    | aivc_trade.strategy.signal:generate_signals:140 - BTCUSDC in cooldown until 2025-10-05 15:00:00+00:00
2026-02-12 08:56:41.634 | INFO     | aivc_trade.strategy.signal:generate_signals:179 - Signal: BTCUSDC score=0.0476 entry=124613.81 stop=123402.13
2026-02-12 08:56:41.635 | INFO     | aivc_trade.strategy.sizing:compute_qty:66 - Sizing: qty=0.08526, notional=10624.57, risk=0.92%, equity=11184.82
2026-02-12 08:56:41.656 | DEBUG    | aivc_trade.execution.position_manager:update_stop:40 - Trail updated: BTCUSDC trail=123870.47 (close=125549.00)
2026-02-12 08:56:41.666 | DEBUG    | aivc_trade.execution.position_manager:update_stop:40 - Trail updated: BTCUSDC trail=124249.66 (close=126103.99)
2026-02-12 08:56:41.726 | INFO     | aivc_trade.execution.position_manager:check_exit:71 - EXIT TRAILING_STOP: BTCUSDC close=123979.08 stop=124249.66
2026-02-12 08:56:41.755 | INFO     | aivc_trade.strategy.signal:generate_signals:179 - Signal: ETHUSDC score=0.2763 entry=4752.00 stop=4680.00
2026-02-12 08:56:41.756 | INFO     | aivc_trade.strategy.sizing:compute_qty:66 - Sizing: qty=2.2188000000000003, notional=10543.74, risk=1.44%, equity=11098.91
2026-02-12 08:56:41.766 | INFO     | aivc_trade.execution.position_manager:check_exit:71 - EXIT STOP_LOSS: ETHUSDC close=4597.69 stop=4680.00
2026-02-12 08:56:44.112 | INFO     | aivc_trade.strategy.signal:generate_signals:179 - Signal: BTCUSDC score=0.3506 entry=115568.20 stop=114325.71
2026-02-12 08:56:44.113 | INFO     | aivc_trade.strategy.sizing:compute_qty:66 - Sizing: qty=0.08816, notional=10188.49, risk=1.02%, equity=10725.43
2026-02-12 08:56:44.193 | INFO     | aivc_trade.execution.position_manager:check_exit:71 - EXIT STOP_LOSS: BTCUSDC close=114323.99 stop=114325.71
2026-02-12 08:56:50.941 | INFO     | aivc_trade.strategy.signal:generate_signals:179 - Signal: ETHUSDC score=0.1708 entry=3022.00 stop=2968.43
2026-02-12 08:56:50.942 | INFO     | aivc_trade.strategy.sizing:compute_qty:66 - Sizing: qty=3.3277, notional=10056.04, risk=1.68%, equity=10585.34
2026-02-12 08:56:51.000 | DEBUG    | aivc_trade.execution.position_manager:update_stop:40 - Trail updated: ETHUSDC trail=2994.71 (close=3048.65)
2026-02-12 08:56:51.007 | DEBUG    | aivc_trade.execution.position_manager:update_stop:40 - Trail updated: ETHUSDC trail=2999.76 (close=3057.72)
2026-02-12 08:56:51.012 | DEBUG    | aivc_trade.execution.position_manager:update_stop:40 - Trail updated: ETHUSDC trail=3000.91 (close=3056.65)
2026-02-12 08:56:51.044 | INFO     | aivc_trade.execution.position_manager:check_exit:71 - EXIT TRAILING_STOP: ETHUSDC close=2980.09 stop=3000.91
2026-02-12 08:56:52.080 | INFO     | aivc_trade.backtest.simulator:run:243 - Backtest done: 80 trades, final equity=10416.19
2026-02-12 08:56:52.103 | INFO     | __main__:main:171 - Trades saved → data/backtest_results/trades.parquet
2026-02-12 08:56:52.114 | INFO     | __main__:main:175 - Equity curve saved → data/backtest_results/equity_curve.parquet
2026-02-12 08:56:57.628 | DEBUG    | aivc_trade.data.candles_store:load:37 - Loaded 24594 rows ← data/candles/BTCUSDC/1h.parquet
2026-02-12 08:56:57.697 | DEBUG    | aivc_trade.data.candles_store:load:37 - Loaded 295107 rows ← data/candles/BTCUSDC/5m.parquet
2026-02-12 08:56:57.718 | DEBUG    | aivc_trade.data.candles_store:load:37 - Loaded 24594 rows ← data/candles/ETHUSDC/1h.parquet
2026-02-12 08:56:57.771 | DEBUG    | aivc_trade.data.candles_store:load:37 - Loaded 295107 rows ← data/candles/ETHUSDC/5m.parquet
2026-02-12 08:57:19.371 | DEBUG    | aivc_trade.data.candles_store:load:37 - Loaded 24594 rows ← data/candles/BTCUSDC/1h.parquet
2026-02-12 08:57:19.440 | DEBUG    | aivc_trade.data.candles_store:load:37 - Loaded 295107 rows ← data/candles/BTCUSDC/5m.parquet
2026-02-12 08:57:19.461 | DEBUG    | aivc_trade.data.candles_store:load:37 - Loaded 24594 rows ← data/candles/ETHUSDC/1h.parquet
2026-02-12 08:57:19.515 | DEBUG    | aivc_trade.data.candles_store:load:37 - Loaded 295107 rows ← data/candles/ETHUSDC/5m.parquet
2026-02-12 08:57:24.981 | INFO     | __main__:main:114 - ==================================================
2026-02-12 08:57:24.983 | INFO     | __main__:main:115 - AIVC Trade – Phase A Backtest
2026-02-12 08:57:24.983 | INFO     | __main__:main:116 - Period: 2023-03-13 → 2025-12-31
2026-02-12 08:57:24.983 | INFO     | __main__:main:117 - Initial equity: 10000.0
2026-02-12 08:57:24.984 | INFO     | __main__:main:118 - ==================================================
2026-02-12 08:57:25.008 | DEBUG    | aivc_trade.data.candles_store:load:37 - Loaded 24594 rows ← data/candles/BTCUSDC/1h.parquet
2026-02-12 08:57:25.013 | INFO     | __main__:_ensure_data:55 - Using cached 1h data for BTCUSDC (24594 rows)
2026-02-12 08:57:25.078 | DEBUG    | aivc_trade.data.candles_store:load:37 - Loaded 295107 rows ← data/candles/BTCUSDC/5m.parquet
2026-02-12 08:57:25.084 | INFO     | __main__:_ensure_data:78 - Using cached 5m data for BTCUSDC (295107 rows)
2026-02-12 08:57:25.115 | DEBUG    | aivc_trade.data.candles_store:load:37 - Loaded 24594 rows ← data/candles/ETHUSDC/1h.parquet
2026-02-12 08:57:25.118 | INFO     | __main__:_ensure_data:55 - Using cached 1h data for ETHUSDC (24594 rows)
2026-02-12 08:57:25.170 | DEBUG    | aivc_trade.data.candles_store:load:37 - Loaded 295107 rows ← data/candles/ETHUSDC/5m.parquet
2026-02-12 08:57:25.183 | INFO     | __main__:_ensure_data:78 - Using cached 5m data for ETHUSDC (295107 rows)
2026-02-12 08:57:26.548 | INFO     | aivc_trade.strategy.signal:generate_signals:179 - Signal: BTCUSDC score=0.1363 entry=28456.81 stop=28163.86
2026-02-12 08:57:26.550 | INFO     | aivc_trade.strategy.sizing:compute_qty:66 - Sizing: qty=0.33366, notional=9499.96, risk=1.03%, equity=10000.00
2026-02-12 08:57:26.586 | DEBUG    | aivc_trade.execution.position_manager:update_stop:40 - Trail updated: BTCUSDC trail=28538.34 (close=29053.98)
2026-02-12 08:57:26.588 | DEBUG    | aivc_trade.execution.position_manager:update_stop:40 - Trail updated: BTCUSDC trail=28635.23 (close=29173.78)
2026-02-12 08:57:26.591 | DEBUG    | aivc_trade.execution.position_manager:update_stop:40 - Trail updated: BTCUSDC trail=28758.90 (close=29282.07)
2026-02-12 08:57:26.599 | DEBUG    | aivc_trade.execution.position_manager:update_stop:40 - Trail updated: BTCUSDC trail=28992.39 (close=29613.76)
2026-02-12 08:57:26.602 | DEBUG    | aivc_trade.execution.position_manager:update_stop:40 - Trail updated: BTCUSDC trail=29062.64 (close=29657.37)
2026-02-12 08:57:26.604 | DEBUG    | aivc_trade.execution.position_manager:update_stop:40 - Trail updated: BTCUSDC trail=29303.60 (close=29951.34)
2026-02-12 08:57:26.607 | DEBUG    | aivc_trade.execution.position_manager:update_stop:40 - Trail updated: BTCUSDC trail=29471.46 (close=30217.61)
2026-02-12 08:57:26.607 | INFO     | aivc_trade.execution.position_manager:check_exit:94 - EXIT REGIME: BTCUSDC regime=CHAOS
2026-02-12 08:57:26.614 | DEBUG    | aivc_trade.strategy.signal:generate_signals:140 - BTCUSDC in cooldown until 2023-04-11 07:00:00+00:00
2026-02-12 08:57:26.617 | DEBUG    | aivc_trade.strategy.signal:generate_signals:140 - BTCUSDC in cooldown until 2023-04-11 07:00:00+00:00
2026-02-12 08:57:26.619 | DEBUG    | aivc_trade.strategy.signal:generate_signals:140 - BTCUSDC in cooldown until 2023-04-11 07:00:00+00:00
2026-02-12 08:57:26.732 | INFO     | aivc_trade.strategy.signal:generate_signals:179 - Signal: BTCUSDC score=-0.0146 entry=30469.16 stop=30088.92
2026-02-12 08:57:26.733 | INFO     | aivc_trade.strategy.sizing:compute_qty:66 - Sizing: qty=0.32905, notional=10026.77, risk=1.19%, equity=10554.60
2026-02-12 08:57:26.754 | DEBUG    | aivc_trade.execution.position_manager:update_stop:40 - Trail updated: BTCUSDC trail=30301.78 (close=30772.51)
2026-02-12 08:57:26.757 | DEBUG    | aivc_trade.execution.position_manager:update_stop:40 - Trail updated: BTCUSDC trail=30321.82 (close=30804.33)
2026-02-12 08:57:26.765 | DEBUG    | aivc_trade.execution.position_manager:update_stop:40 - Trail updated: BTCUSDC trail=30382.70 (close=30828.07)
2026-02-12 08:57:26.767 | DEBUG    | aivc_trade.execution.position_manager:update_stop:40 - Trail updated: BTCUSDC trail=30489.84 (close=30975.80)
2026-02-12 08:57:26.785 | INFO     | aivc_trade.execution.position_manager:check_exit:71 - EXIT TRAILING_STOP: BTCUSDC close=30266.69 stop=30489.84
2026-02-12 08:57:27.788 | INFO     | aivc_trade.strategy.signal:generate_signals:179 - Signal: BTCUSDC score=0.0189 entry=29704.54 stop=29236.67
2026-02-12 08:57:27.789 | INFO     | aivc_trade.strategy.sizing:compute_qty:66 - Sizing: qty=0.33440000000000003, notional=9932.06, risk=1.49%, equity=10455.11
2026-02-12 08:57:27.813 | INFO     | aivc_trade.execution.position_manager:check_exit:71 - EXIT STOP_LOSS: BTCUSDC close=29128.63 stop=29236.67
2026-02-12 08:57:28.245 | INFO     | aivc_trade.strategy.signal:generate_signals:179 - Signal: BTCUSDC score=0.2305 entry=27343.97 stop=27020.69
2026-02-12 08:57:28.247 | INFO     | aivc_trade.strategy.sizing:compute_qty:66 - Sizing: qty=0.35538000000000003, notional=9719.58, risk=1.14%, equity=10231.37
2026-02-12 08:57:28.273 | DEBUG    | aivc_trade.execution.position_manager:update_stop:40 - Trail updated: BTCUSDC trail=27118.29 (close=27512.41)
2026-02-12 08:57:28.286 | INFO     | aivc_trade.execution.position_manager:check_exit:94 - EXIT REGIME: BTCUSDC regime=CHAOS
2026-02-12 08:57:28.634 | INFO     | aivc_trade.strategy.signal:generate_signals:179 - Signal: ETHUSDC score=-0.0433 entry=1834.25 stop=1814.01
2026-02-12 08:57:28.635 | INFO     | aivc_trade.strategy.sizing:compute_qty:66 - Sizing: qty=5.248200000000001, notional=9630.97, risk=1.09%, equity=10137.96
2026-02-12 08:57:28.640 | DEBUG    | aivc_trade.execution.position_manager:update_stop:40 - Trail updated: ETHUSDC trail=1834.77 (close=1866.27)
2026-02-12 08:57:28.666 | DEBUG    | aivc_trade.execution.position_manager:update_stop:40 - Trail updated: ETHUSDC trail=1836.38 (close=1857.36)
2026-02-12 08:57:28.690 | INFO     | aivc_trade.execution.position_manager:check_exit:71 - EXIT TRAILING_STOP: ETHUSDC close=1822.17 stop=1836.38
2026-02-12 08:57:28.880 | INFO     | aivc_trade.strategy.signal:generate_signals:179 - Signal: BTCUSDC score=0.0540 entry=27081.97 stop=26828.62
2026-02-12 08:57:28.880 | INFO     | aivc_trade.strategy.signal:generate_signals:179 - Signal: ETHUSDC score=0.0051 entry=1850.18 stop=1831.89
2026-02-12 08:57:28.882 | INFO     | aivc_trade.strategy.sizing:compute_qty:66 - Sizing: qty=0.3522, notional=9539.28, risk=0.90%, equity=10041.57
2026-02-12 08:57:28.897 | DEBUG    | aivc_trade.execution.position_manager:update_stop:40 - Trail updated: BTCUSDC trail=27003.05 (close=27229.87)
2026-02-12 08:57:28.904 | DEBUG    | aivc_trade.execution.position_manager:update_stop:40 - Trail updated: BTCUSDC trail=27004.81 (close=27212.30)
2026-02-12 08:57:28.915 | DEBUG    | aivc_trade.execution.position_manager:update_stop:40 - Trail updated: BTCUSDC trail=27046.34 (close=27274.04)
2026-02-12 08:57:28.919 | DEBUG    | aivc_trade.execution.position_manager:update_stop:40 - Trail updated: BTCUSDC trail=27080.47 (close=27352.87)
2026-02-12 08:57:28.921 | DEBUG    | aivc_trade.execution.position_manager:update_stop:40 - Trail updated: BTCUSDC trail=27219.13 (close=27598.74)
2026-02-12 08:57:28.928 | DEBUG    | aivc_trade.execution.position_manager:update_stop:40 - Trail updated: BTCUSDC trail=27394.27 (close=27843.01)
2026-02-12 08:57:28.930 | DEBUG    | aivc_trade.execution.position_manager:update_stop:40 - Trail updated: BTCUSDC trail=27584.81 (close=28092.05)
2026-02-12 08:57:28.931 | INFO     | aivc_trade.execution.position_manager:check_exit:94 - EXIT REGIME: BTCUSDC regime=CHAOS
2026-02-12 08:57:30.384 | INFO     | aivc_trade.strategy.signal:generate_signals:179 - Signal: ETHUSDC score=-0.0005 entry=1920.92 stop=1892.64
2026-02-12 08:57:30.386 | INFO     | aivc_trade.strategy.sizing:compute_qty:66 - Sizing: qty=5.125900000000001, notional=9849.21, risk=1.42%, equity=10367.66
2026-02-12 08:57:30.409 | INFO     | aivc_trade.execution.position_manager:check_exit:71 - EXIT STOP_LOSS: ETHUSDC close=1890.09 stop=1892.64
2026-02-12 08:57:30.410 | DEBUG    | aivc_trade.strategy.signal:generate_signals:140 - ETHUSDC in cooldown until 2023-06-25 20:00:00+00:00
2026-02-12 08:57:30.861 | INFO     | aivc_trade.strategy.signal:generate_signals:179 - Signal: BTCUSDC score=0.0956 entry=31215.95 stop=30838.77
2026-02-12 08:57:30.862 | INFO     | aivc_trade.strategy.sizing:compute_qty:66 - Sizing: qty=0.3098, notional=9667.47, risk=1.12%, equity=10176.53
2026-02-12 08:57:30.918 | INFO     | aivc_trade.execution.position_manager:check_exit:71 - EXIT STOP_LOSS: BTCUSDC close=30708.03 stop=30838.77
2026-02-12 08:57:31.235 | INFO     | aivc_trade.strategy.signal:generate_signals:179 - Signal: BTCUSDC score=0.0544 entry=30521.10 stop=30215.38
2026-02-12 08:57:31.237 | INFO     | aivc_trade.strategy.sizing:compute_qty:66 - Sizing: qty=0.31087000000000004, notional=9492.51, risk=1.00%, equity=9992.38
2026-02-12 08:57:31.240 | DEBUG    | aivc_trade.execution.position_manager:update_stop:40 - Trail updated: BTCUSDC trail=30419.71 (close=30835.43)
2026-02-12 08:57:31.245 | INFO     | aivc_trade.execution.position_manager:check_exit:71 - EXIT TRAILING_STOP: BTCUSDC close=30302.92 stop=30419.71
2026-02-12 08:57:31.246 | DEBUG    | aivc_trade.strategy.signal:generate_signals:140 - BTCUSDC in cooldown until 2023-07-11 03:00:00+00:00
2026-02-12 08:57:31.249 | DEBUG    | aivc_trade.strategy.signal:generate_signals:140 - BTCUSDC in cooldown until 2023-07-11 03:00:00+00:00
2026-02-12 08:57:31.252 | DEBUG    | aivc_trade.strategy.signal:generate_signals:140 - BTCUSDC in cooldown until 2023-07-11 03:00:00+00:00
2026-02-12 08:57:31.254 | DEBUG    | aivc_trade.strategy.signal:generate_signals:140 - BTCUSDC in cooldown until 2023-07-11 03:00:00+00:00
2026-02-12 08:57:31.257 | DEBUG    | aivc_trade.strategy.signal:generate_signals:140 - BTCUSDC in cooldown until 2023-07-11 03:00:00+00:00
2026-02-12 08:57:31.399 | INFO     | aivc_trade.strategy.signal:generate_signals:179 - Signal: BTCUSDC score=-0.2017 entry=30917.60 stop=30487.85
2026-02-12 08:57:31.401 | INFO     | aivc_trade.strategy.sizing:compute_qty:66 - Sizing: qty=0.3037, notional=9391.94, risk=1.34%, equity=9886.45
2026-02-12 08:57:31.408 | DEBUG    | aivc_trade.execution.position_manager:update_stop:40 - Trail updated: BTCUSDC trail=30616.62 (close=31280.82)
2026-02-12 08:57:31.408 | INFO     | aivc_trade.execution.position_manager:check_exit:94 - EXIT REGIME: BTCUSDC regime=CHAOS
2026-02-12 08:57:32.834 | INFO     | aivc_trade.strategy.signal:generate_signals:179 - Signal: BTCUSDC score=0.0713 entry=29401.89 stop=29186.31
2026-02-12 08:57:32.835 | INFO     | aivc_trade.strategy.sizing:compute_qty:66 - Sizing: qty=0.32187000000000004, notional=9463.59, risk=0.70%, equity=9961.77
2026-02-12 08:57:32.838 | DEBUG    | aivc_trade.execution.position_manager:update_stop:40 - Trail updated: BTCUSDC trail=29257.75 (close=29550.26)
2026-02-12 08:57:32.848 | DEBUG    | aivc_trade.execution.position_manager:update_stop:40 - Trail updated: BTCUSDC trail=29306.84 (close=29732.52)
2026-02-12 08:57:32.851 | DEBUG    | aivc_trade.execution.position_manager:update_stop:40 - Trail updated: BTCUSDC trail=29357.96 (close=29786.81)
2026-02-12 08:57:32.854 | DEBUG    | aivc_trade.execution.position_manager:update_stop:40 - Trail updated: BTCUSDC trail=29398.24 (close=29831.68)
2026-02-12 08:57:32.857 | DEBUG    | aivc_trade.execution.position_manager:update_stop:40 - Trail updated: BTCUSDC trail=29454.82 (close=29867.22)
2026-02-12 08:57:32.860 | DEBUG    | aivc_trade.execution.position_manager:update_stop:40 - Trail updated: BTCUSDC trail=29561.46 (close=29976.10)
2026-02-12 08:57:32.863 | INFO     | aivc_trade.execution.position_manager:check_exit:94 - EXIT REGIME: BTCUSDC regime=CHAOS
2026-02-12 08:57:32.869 | DEBUG    | aivc_trade.strategy.signal:generate_signals:140 - BTCUSDC in cooldown until 2023-08-09 03:00:00+00:00
2026-02-12 08:57:32.871 | DEBUG    | aivc_trade.strategy.signal:generate_signals:140 - BTCUSDC in cooldown until 2023-08-09 03:00:00+00:00
2026-02-12 08:57:32.875 | DEBUG    | aivc_trade.strategy.signal:generate_signals:140 - BTCUSDC in cooldown until 2023-08-09 03:00:00+00:00
2026-02-12 08:57:32.877 | DEBUG    | aivc_trade.strategy.signal:generate_signals:140 - BTCUSDC in cooldown until 2023-08-09 03:00:00+00:00
2026-02-12 08:57:33.729 | INFO     | aivc_trade.strategy.signal:generate_signals:179 - Signal: BTCUSDC score=-0.0052 entry=26389.18 stop=26023.19
2026-02-12 08:57:33.731 | INFO     | aivc_trade.strategy.sizing:compute_qty:66 - Sizing: qty=0.36281, notional=9573.75, risk=1.31%, equity=10077.73
2026-02-12 08:57:33.738 | DEBUG    | aivc_trade.execution.position_manager:update_stop:40 - Trail updated: BTCUSDC trail=26139.28 (close=26628.02)
2026-02-12 08:57:33.786 | INFO     | aivc_trade.execution.position_manager:check_exit:71 - EXIT TRAILING_STOP: BTCUSDC close=26106.31 stop=26139.28
2026-02-12 08:57:34.614 | INFO     | aivc_trade.strategy.signal:generate_signals:179 - Signal: BTCUSDC score=0.0806 entry=25988.39 stop=25731.76
2026-02-12 08:57:34.615 | INFO     | aivc_trade.strategy.sizing:compute_qty:66 - Sizing: qty=0.36310000000000003, notional=9444.08, risk=1.01%, equity=9941.38
2026-02-12 08:57:34.618 | DEBUG    | aivc_trade.execution.position_manager:update_stop:40 - Trail updated: BTCUSDC trail=25731.15 (close=26137.59)
2026-02-12 08:57:34.621 | DEBUG    | aivc_trade.execution.position_manager:update_stop:40 - Trail updated: BTCUSDC trail=25872.32 (close=26318.25)
2026-02-12 08:57:34.627 | DEBUG    | aivc_trade.execution.position_manager:update_stop:40 - Trail updated: BTCUSDC trail=25882.51 (close=26354.26)
2026-02-12 08:57:34.638 | DEBUG    | aivc_trade.execution.position_manager:update_stop:40 - Trail updated: BTCUSDC trail=25951.87 (close=26333.92)
2026-02-12 08:57:34.653 | INFO     | aivc_trade.execution.position_manager:check_exit:71 - EXIT TRAILING_STOP: BTCUSDC close=25820.30 stop=25951.87
2026-02-12 08:57:34.983 | INFO     | aivc_trade.strategy.signal:generate_signals:179 - Signal: BTCUSDC score=-0.0654 entry=26518.41 stop=26163.03
2026-02-12 08:57:34.985 | INFO     | aivc_trade.strategy.sizing:compute_qty:66 - Sizing: qty=0.35266000000000003, notional=9351.56, risk=1.27%, equity=9843.93
2026-02-12 08:57:35.025 | DEBUG    | aivc_trade.execution.position_manager:update_stop:40 - Trail updated: BTCUSDC trail=26314.11 (close=26732.33)
2026-02-12 08:57:35.081 | INFO     | aivc_trade.execution.position_manager:check_exit:94 - EXIT REGIME: BTCUSDC regime=CHAOS
2026-02-12 08:57:35.252 | INFO     | aivc_trade.strategy.signal:generate_signals:179 - Signal: BTCUSDC score=0.1675 entry=26881.76 stop=26629.85
2026-02-12 08:57:35.253 | INFO     | aivc_trade.strategy.signal:generate_signals:179 - Signal: ETHUSDC score=0.1684 entry=1638.36 stop=1621.49
2026-02-12 08:57:35.254 | INFO     | aivc_trade.strategy.sizing:compute_qty:66 - Sizing: qty=5.660200000000001, notional=9273.95, risk=0.98%, equity=9762.20
2026-02-12 08:57:35.257 | DEBUG    | aivc_trade.execution.position_manager:update_stop:40 - Trail updated: ETHUSDC trail=1627.07 (close=1648.33)
2026-02-12 08:57:35.260 | DEBUG    | aivc_trade.execution.position_manager:update_stop:40 - Trail updated: ETHUSDC trail=1633.41 (close=1655.04)
2026-02-12 08:57:35.263 | DEBUG    | aivc_trade.execution.position_manager:update_stop:40 - Trail updated: ETHUSDC trail=1640.69 (close=1665.64)
2026-02-12 08:57:35.276 | INFO     | aivc_trade.execution.position_manager:check_exit:71 - EXIT TRAILING_STOP: ETHUSDC close=1638.56 stop=1640.69
2026-02-12 08:57:35.278 | DEBUG    | aivc_trade.strategy.signal:generate_signals:140 - ETHUSDC in cooldown until 2023-09-18 23:00:00+00:00
2026-02-12 08:57:35.281 | DEBUG    | aivc_trade.strategy.signal:generate_signals:140 - ETHUSDC in cooldown until 2023-09-18 23:00:00+00:00
2026-02-12 08:57:35.284 | DEBUG    | aivc_trade.strategy.signal:generate_signals:140 - ETHUSDC in cooldown until 2023-09-18 23:00:00+00:00
2026-02-12 08:57:35.866 | INFO     | aivc_trade.strategy.signal:generate_signals:179 - Signal: ETHUSDC score=-0.1351 entry=1630.29 stop=1611.54
2026-02-12 08:57:35.868 | INFO     | aivc_trade.strategy.sizing:compute_qty:66 - Sizing: qty=5.6729, notional=9247.68, risk=1.08%, equity=9734.49
2026-02-12 08:57:35.878 | DEBUG    | aivc_trade.execution.position_manager:update_stop:40 - Trail updated: ETHUSDC trail=1612.79 (close=1638.83)
2026-02-12 08:57:35.881 | DEBUG    | aivc_trade.execution.position_manager:update_stop:40 - Trail updated: ETHUSDC trail=1622.08 (close=1650.49)
2026-02-12 08:57:35.884 | DEBUG    | aivc_trade.execution.position_manager:update_stop:40 - Trail updated: ETHUSDC trail=1623.03 (close=1654.49)
2026-02-12 08:57:35.884 | INFO     | aivc_trade.execution.position_manager:check_exit:94 - EXIT REGIME: ETHUSDC regime=CHAOS
2026-02-12 08:57:36.312 | INFO     | aivc_trade.strategy.signal:generate_signals:179 - Signal: BTCUSDC score=0.1319 entry=28005.47 stop=27724.64
2026-02-12 08:57:36.314 | INFO     | aivc_trade.strategy.sizing:compute_qty:66 - Sizing: qty=0.33422, notional=9359.58, risk=0.95%, equity=9852.43
2026-02-12 08:57:36.320 | INFO     | aivc_trade.execution.position_manager:check_exit:71 - EXIT STOP_LOSS: BTCUSDC close=27563.90 stop=27724.64
2026-02-12 08:57:36.931 | INFO     | aivc_trade.strategy.signal:generate_signals:179 - Signal: BTCUSDC score=0.1978 entry=27206.29 stop=27021.12
2026-02-12 08:57:36.932 | INFO     | aivc_trade.strategy.sizing:compute_qty:66 - Sizing: qty=0.33790000000000003, notional=9192.63, risk=0.64%, equity=9676.70
2026-02-12 08:57:36.956 | DEBUG    | aivc_trade.execution.position_manager:update_stop:40 - Trail updated: BTCUSDC trail=27456.56 (close=27916.60)
2026-02-12 08:57:36.956 | INFO     | aivc_trade.execution.position_manager:check_exit:94 - EXIT REGIME: BTCUSDC regime=CHAOS
2026-02-12 08:57:36.966 | DEBUG    | aivc_trade.strategy.signal:generate_signals:140 - BTCUSDC in cooldown until 2023-10-16 11:00:00+00:00
2026-02-12 08:57:36.969 | DEBUG    | aivc_trade.strategy.signal:generate_signals:140 - BTCUSDC in cooldown until 2023-10-16 11:00:00+00:00
2026-02-12 08:57:36.973 | DEBUG    | aivc_trade.strategy.signal:generate_signals:140 - BTCUSDC in cooldown until 2023-10-16 11:00:00+00:00
2026-02-12 08:57:37.081 | INFO     | aivc_trade.strategy.signal:generate_signals:179 - Signal: BTCUSDC score=-0.0612 entry=28724.15 stop=28314.20
2026-02-12 08:57:37.082 | INFO     | aivc_trade.strategy.sizing:compute_qty:66 - Sizing: qty=0.32673, notional=9397.04, risk=1.48%, equity=9891.65
2026-02-12 08:57:37.097 | INFO     | aivc_trade.execution.position_manager:check_exit:71 - EXIT STOP_LOSS: BTCUSDC close=28271.09 stop=28314.20
2026-02-12 08:57:37.098 | DEBUG    | aivc_trade.strategy.signal:generate_signals:140 - BTCUSDC in cooldown until 2023-10-18 15:00:00+00:00
2026-02-12 08:57:37.300 | INFO     | aivc_trade.strategy.signal:generate_signals:179 - Signal: BTCUSDC score=0.2744 entry=29899.47 stop=29633.87
2026-02-12 08:57:37.302 | INFO     | aivc_trade.strategy.sizing:compute_qty:66 - Sizing: qty=0.30849000000000004, notional=9220.62, risk=0.81%, equity=9705.92
2026-02-12 08:57:37.310 | DEBUG    | aivc_trade.execution.position_manager:update_stop:40 - Trail updated: BTCUSDC trail=29777.64 (close=30161.35)
2026-02-12 08:57:37.381 | INFO     | aivc_trade.execution.position_manager:check_exit:71 - EXIT TRAILING_STOP: BTCUSDC close=29771.56 stop=29777.64
2026-02-12 08:57:37.393 | DEBUG    | aivc_trade.strategy.signal:generate_signals:140 - BTCUSDC in cooldown until 2023-10-23 03:00:00+00:00
2026-02-12 08:57:37.396 | DEBUG    | aivc_trade.strategy.signal:generate_signals:140 - BTCUSDC in cooldown until 2023-10-23 03:00:00+00:00
2026-02-12 08:57:37.551 | INFO     | aivc_trade.strategy.signal:generate_signals:179 - Signal: BTCUSDC score=-0.0149 entry=34495.81 stop=33746.14
2026-02-12 08:57:37.552 | INFO     | aivc_trade.strategy.sizing:compute_qty:66 - Sizing: qty=0.26548000000000005, notional=9157.38, risk=2.06%, equity=9639.61
2026-02-12 08:57:37.558 | DEBUG    | aivc_trade.execution.position_manager:update_stop:40 - Trail updated: BTCUSDC trail=33950.58 (close=34852.47)
2026-02-12 08:57:37.624 | INFO     | aivc_trade.execution.position_manager:check_exit:71 - EXIT TRAILING_STOP: BTCUSDC close=33767.74 stop=33950.58
2026-02-12 08:57:39.973 | INFO     | aivc_trade.strategy.signal:generate_signals:179 - Signal: BTCUSDC score=0.2389 entry=35281.50 stop=34919.27
2026-02-12 08:57:39.975 | INFO     | aivc_trade.strategy.sizing:compute_qty:66 - Sizing: qty=0.25338, notional=8946.25, risk=1.04%, equity=9417.40
2026-02-12 08:57:40.002 | INFO     | aivc_trade.execution.position_manager:check_exit:71 - EXIT STOP_LOSS: BTCUSDC close=34857.90 stop=34919.27
2026-02-12 08:57:40.204 | INFO     | aivc_trade.strategy.signal:generate_signals:179 - Signal: BTCUSDC score=0.1053 entry=35594.76 stop=35159.22
2026-02-12 08:57:40.206 | INFO     | aivc_trade.strategy.sizing:compute_qty:66 - Sizing: qty=0.24752000000000002, notional=8811.41, risk=1.17%, equity=9275.31
2026-02-12 08:57:40.221 | DEBUG    | aivc_trade.execution.position_manager:update_stop:40 - Trail updated: BTCUSDC trail=35097.38 (close=35863.46)
2026-02-12 08:57:40.225 | DEBUG    | aivc_trade.execution.position_manager:update_stop:40 - Trail updated: BTCUSDC trail=35165.80 (close=35935.31)
2026-02-12 08:57:40.227 | DEBUG    | aivc_trade.execution.position_manager:update_stop:40 - Trail updated: BTCUSDC trail=35443.39 (close=36363.46)
2026-02-12 08:57:40.228 | INFO     | aivc_trade.execution.position_manager:check_exit:94 - EXIT REGIME: BTCUSDC regime=CHAOS
2026-02-12 08:57:40.237 | DEBUG    | aivc_trade.strategy.signal:generate_signals:140 - BTCUSDC in cooldown until 2023-11-09 08:00:00+00:00
2026-02-12 08:57:40.240 | DEBUG    | aivc_trade.strategy.signal:generate_signals:140 - BTCUSDC in cooldown until 2023-11-09 08:00:00+00:00
2026-02-12 08:57:40.243 | DEBUG    | aivc_trade.strategy.signal:generate_signals:140 - BTCUSDC in cooldown until 2023-11-09 08:00:00+00:00
2026-02-12 08:57:40.329 | INFO     | aivc_trade.strategy.signal:generate_signals:179 - Signal: BTCUSDC score=-0.1270 entry=37388.10 stop=36719.36
2026-02-12 08:57:40.331 | INFO     | aivc_trade.strategy.sizing:compute_qty:66 - Sizing: qty=0.23988, notional=8968.62, risk=1.70%, equity=9440.98
2026-02-12 08:57:40.457 | INFO     | aivc_trade.execution.position_manager:check_exit:86 - EXIT TIMEOUT: BTCUSDC held 48.0h, MFE=0.00
2026-02-12 08:57:40.941 | INFO     | aivc_trade.strategy.signal:generate_signals:179 - Signal: ETHUSDC score=0.2674 entry=2019.95 stop=1990.33
2026-02-12 08:57:40.943 | INFO     | aivc_trade.strategy.sizing:compute_qty:66 - Sizing: qty=4.3991, notional=8884.77, risk=1.38%, equity=9352.59
2026-02-12 08:57:40.949 | DEBUG    | aivc_trade.execution.position_manager:update_stop:40 - Trail updated: ETHUSDC trail=2001.25 (close=2037.80)
2026-02-12 08:57:40.952 | DEBUG    | aivc_trade.execution.position_manager:update_stop:40 - Trail updated: ETHUSDC trail=2002.66 (close=2037.97)
2026-02-12 08:57:40.973 | INFO     | aivc_trade.execution.position_manager:check_exit:94 - EXIT REGIME: ETHUSDC regime=CHAOS
2026-02-12 08:57:40.977 | DEBUG    | aivc_trade.strategy.signal:generate_signals:140 - ETHUSDC in cooldown until 2023-11-21 00:00:00+00:00
2026-02-12 08:57:40.980 | DEBUG    | aivc_trade.strategy.signal:generate_signals:140 - ETHUSDC in cooldown until 2023-11-21 00:00:00+00:00
2026-02-12 08:57:40.984 | DEBUG    | aivc_trade.strategy.signal:generate_signals:140 - ETHUSDC in cooldown until 2023-11-21 00:00:00+00:00
2026-02-12 08:57:40.987 | DEBUG    | aivc_trade.strategy.signal:generate_signals:140 - ETHUSDC in cooldown until 2023-11-21 00:00:00+00:00
2026-02-12 08:57:40.990 | DEBUG    | aivc_trade.strategy.signal:generate_signals:140 - ETHUSDC in cooldown until 2023-11-21 00:00:00+00:00
2026-02-12 08:57:41.090 | INFO     | aivc_trade.strategy.signal:generate_signals:179 - Signal: ETHUSDC score=0.0672 entry=2030.49 stop=1993.04
2026-02-12 08:57:41.092 | INFO     | aivc_trade.strategy.sizing:compute_qty:66 - Sizing: qty=4.4141, notional=8969.32, risk=1.82%, equity=9441.59
2026-02-12 08:57:41.110 | DEBUG    | aivc_trade.execution.position_manager:update_stop:40 - Trail updated: ETHUSDC trail=2013.90 (close=2062.19)
2026-02-12 08:57:41.114 | DEBUG    | aivc_trade.execution.position_manager:update_stop:40 - Trail updated: ETHUSDC trail=2027.09 (close=2077.12)
2026-02-12 08:57:41.118 | DEBUG    | aivc_trade.execution.position_manager:update_stop:40 - Trail updated: ETHUSDC trail=2029.33 (close=2075.59)
2026-02-12 08:57:41.121 | DEBUG    | aivc_trade.execution.position_manager:update_stop:40 - Trail updated: ETHUSDC trail=2034.48 (close=2081.70)
2026-02-12 08:57:41.150 | DEBUG    | aivc_trade.execution.position_manager:update_stop:40 - Trail updated: ETHUSDC trail=2036.06 (close=2066.19)
2026-02-12 08:57:41.153 | DEBUG    | aivc_trade.execution.position_manager:update_stop:40 - Trail updated: ETHUSDC trail=2049.26 (close=2081.72)
2026-02-12 08:57:41.156 | DEBUG    | aivc_trade.execution.position_manager:update_stop:40 - Trail updated: ETHUSDC trail=2055.83 (close=2088.10)
2026-02-12 08:57:41.167 | INFO     | aivc_trade.execution.position_manager:check_exit:71 - EXIT TRAILING_STOP: ETHUSDC close=2054.01 stop=2055.83
2026-02-12 08:57:41.169 | DEBUG    | aivc_trade.strategy.signal:generate_signals:140 - ETHUSDC in cooldown until 2023-11-23 19:00:00+00:00
2026-02-12 08:57:41.172 | DEBUG    | aivc_trade.strategy.signal:generate_signals:140 - ETHUSDC in cooldown until 2023-11-23 19:00:00+00:00
2026-02-12 08:57:41.869 | INFO     | aivc_trade.strategy.signal:generate_signals:179 - Signal: ETHUSDC score=0.3278 entry=2183.98 stop=2159.48
2026-02-12 08:57:41.871 | INFO     | aivc_trade.strategy.sizing:compute_qty:66 - Sizing: qty=4.133500000000001, notional=9029.26, risk=1.08%, equity=9504.64
2026-02-12 08:57:41.874 | DEBUG    | aivc_trade.execution.position_manager:update_stop:40 - Trail updated: ETHUSDC trail=2169.76 (close=2205.61)
2026-02-12 08:57:41.883 | DEBUG    | aivc_trade.execution.position_manager:update_stop:40 - Trail updated: ETHUSDC trail=2171.84 (close=2214.88)
2026-02-12 08:57:41.886 | DEBUG    | aivc_trade.execution.position_manager:update_stop:40 - Trail updated: ETHUSDC trail=2172.45 (close=2213.34)
2026-02-12 08:57:41.889 | DEBUG    | aivc_trade.execution.position_manager:update_stop:40 - Trail updated: ETHUSDC trail=2173.03 (close=2211.25)
2026-02-12 08:57:41.893 | DEBUG    | aivc_trade.execution.position_manager:update_stop:40 - Trail updated: ETHUSDC trail=2186.83 (close=2225.07)
2026-02-12 08:57:41.896 | DEBUG    | aivc_trade.execution.position_manager:update_stop:40 - Trail updated: ETHUSDC trail=2202.64 (close=2246.61)
2026-02-12 08:57:41.906 | DEBUG    | aivc_trade.execution.position_manager:update_stop:40 - Trail updated: ETHUSDC trail=2211.16 (close=2256.15)
2026-02-12 08:57:41.912 | INFO     | aivc_trade.execution.position_manager:check_exit:94 - EXIT REGIME: ETHUSDC regime=CHAOS
2026-02-12 08:57:43.490 | INFO     | aivc_trade.strategy.signal:generate_signals:179 - Signal: BTCUSDC score=-0.0312 entry=43484.71 stop=42846.46
2026-02-12 08:57:43.491 | INFO     | aivc_trade.strategy.sizing:compute_qty:66 - Sizing: qty=0.21402000000000002, notional=9304.31, risk=1.37%, equity=9794.24
2026-02-12 08:57:43.525 | INFO     | aivc_trade.execution.position_manager:check_exit:94 - EXIT REGIME: BTCUSDC regime=CHAOS
2026-02-12 08:57:45.754 | INFO     | aivc_trade.strategy.signal:generate_signals:179 - Signal: BTCUSDC score=0.1601 entry=43440.49 stop=42827.47
2026-02-12 08:57:45.755 | INFO     | aivc_trade.strategy.sizing:compute_qty:66 - Sizing: qty=0.21109000000000003, notional=9169.85, risk=1.34%, equity=9652.82
2026-02-12 08:57:45.820 | INFO     | aivc_trade.execution.position_manager:check_exit:94 - EXIT REGIME: BTCUSDC regime=CHAOS
2026-02-12 08:57:46.235 | INFO     | aivc_trade.strategy.signal:generate_signals:179 - Signal: BTCUSDC score=0.1962 entry=43394.98 stop=42916.23
2026-02-12 08:57:46.237 | INFO     | aivc_trade.strategy.sizing:compute_qty:66 - Sizing: qty=0.20837000000000003, notional=9044.36, risk=1.07%, equity=9520.69
2026-02-12 08:57:46.243 | INFO     | aivc_trade.execution.position_manager:check_exit:71 - EXIT STOP_LOSS: BTCUSDC close=42595.43 stop=42916.23
2026-02-12 08:57:46.244 | DEBUG    | aivc_trade.strategy.signal:generate_signals:140 - BTCUSDC in cooldown until 2024-02-05 21:00:00+00:00
2026-02-12 08:57:46.248 | DEBUG    | aivc_trade.strategy.signal:generate_signals:140 - BTCUSDC in cooldown until 2024-02-05 21:00:00+00:00
2026-02-12 08:57:46.602 | INFO     | aivc_trade.strategy.signal:generate_signals:179 - Signal: BTCUSDC score=0.1872 entry=47545.76 stop=47051.30
2026-02-12 08:57:46.604 | INFO     | aivc_trade.strategy.sizing:compute_qty:66 - Sizing: qty=0.18632, notional=8858.69, risk=0.99%, equity=9325.17
2026-02-12 08:57:46.607 | DEBUG    | aivc_trade.execution.position_manager:update_stop:40 - Trail updated: BTCUSDC trail=47162.32 (close=47883.45)
2026-02-12 08:57:46.610 | DEBUG    | aivc_trade.execution.position_manager:update_stop:40 - Trail updated: BTCUSDC trail=47196.01 (close=47943.14)
2026-02-12 08:57:46.629 | DEBUG    | aivc_trade.execution.position_manager:update_stop:40 - Trail updated: BTCUSDC trail=47721.12 (close=48531.14)
2026-02-12 08:57:46.653 | DEBUG    | aivc_trade.execution.position_manager:update_stop:40 - Trail updated: BTCUSDC trail=47764.47 (close=48429.82)
2026-02-12 08:57:46.691 | DEBUG    | aivc_trade.execution.position_manager:update_stop:40 - Trail updated: BTCUSDC trail=47879.65 (close=48617.82)
2026-02-12 08:57:46.722 | INFO     | aivc_trade.execution.position_manager:check_exit:71 - EXIT TRAILING_STOP: BTCUSDC close=47875.20 stop=47879.65
2026-02-12 08:57:46.954 | INFO     | aivc_trade.strategy.signal:generate_signals:179 - Signal: BTCUSDC score=0.0667 entry=52650.20 stop=51757.36
2026-02-12 08:57:46.956 | INFO     | aivc_trade.strategy.sizing:compute_qty:66 - Sizing: qty=0.16890000000000002, notional=8891.57, risk=1.60%, equity=9359.93
2026-02-12 08:57:46.974 | INFO     | aivc_trade.execution.position_manager:check_exit:71 - EXIT STOP_LOSS: BTCUSDC close=51738.08 stop=51757.36
2026-02-12 08:57:47.717 | INFO     | aivc_trade.strategy.signal:generate_signals:179 - Signal: ETHUSDC score=0.3319 entry=3081.64 stop=3032.05
2026-02-12 08:57:47.718 | INFO     | aivc_trade.strategy.sizing:compute_qty:66 - Sizing: qty=2.8298, notional=8720.26, risk=1.53%, equity=9179.49
2026-02-12 08:57:47.725 | DEBUG    | aivc_trade.execution.position_manager:update_stop:40 - Trail updated: ETHUSDC trail=3046.36 (close=3109.32)
2026-02-12 08:57:47.731 | DEBUG    | aivc_trade.execution.position_manager:update_stop:40 - Trail updated: ETHUSDC trail=3055.08 (close=3112.60)
2026-02-12 08:57:47.751 | DEBUG    | aivc_trade.execution.position_manager:update_stop:40 - Trail updated: ETHUSDC trail=3055.47 (close=3106.89)
2026-02-12 08:57:47.754 | DEBUG    | aivc_trade.execution.position_manager:update_stop:40 - Trail updated: ETHUSDC trail=3063.23 (close=3113.13)
2026-02-12 08:57:47.764 | INFO     | aivc_trade.execution.position_manager:check_exit:71 - EXIT TRAILING_STOP: ETHUSDC close=3041.23 stop=3063.23
2026-02-12 08:57:48.240 | INFO     | aivc_trade.strategy.signal:generate_signals:179 - Signal: BTCUSDC score=0.1165 entry=63457.95 stop=62149.56
2026-02-12 08:57:48.241 | INFO     | aivc_trade.strategy.sizing:compute_qty:66 - Sizing: qty=0.13525, notional=8586.14, risk=2.00%, equity=9038.13
2026-02-12 08:57:48.262 | DEBUG    | aivc_trade.execution.position_manager:update_stop:40 - Trail updated: BTCUSDC trail=62693.89 (close=64106.00)
2026-02-12 08:57:48.266 | DEBUG    | aivc_trade.execution.position_manager:update_stop:40 - Trail updated: BTCUSDC trail=63549.25 (close=65279.99)
2026-02-12 08:57:48.275 | DEBUG    | aivc_trade.execution.position_manager:update_stop:40 - Trail updated: BTCUSDC trail=63610.54 (close=65273.67)
2026-02-12 08:57:48.285 | DEBUG    | aivc_trade.execution.position_manager:update_stop:40 - Trail updated: BTCUSDC trail=64291.17 (close=66248.01)
2026-02-12 08:57:48.289 | DEBUG    | aivc_trade.execution.position_manager:update_stop:40 - Trail updated: BTCUSDC trail=64563.87 (close=66511.77)
2026-02-12 08:57:48.293 | DEBUG    | aivc_trade.execution.position_manager:update_stop:40 - Trail updated: BTCUSDC trail=64658.18 (close=66597.97)
2026-02-12 08:57:48.296 | DEBUG    | aivc_trade.execution.position_manager:update_stop:40 - Trail updated: BTCUSDC trail=64792.98 (close=66925.46)
2026-02-12 08:57:48.303 | DEBUG    | aivc_trade.execution.position_manager:update_stop:40 - Trail updated: BTCUSDC trail=65197.96 (close=67468.01)
2026-02-12 08:57:48.306 | DEBUG    | aivc_trade.execution.position_manager:update_stop:40 - Trail updated: BTCUSDC trail=65334.75 (close=67539.49)
2026-02-12 08:57:48.312 | DEBUG    | aivc_trade.execution.position_manager:update_stop:40 - Trail updated: BTCUSDC trail=65857.73 (close=68006.13)
2026-02-12 08:57:48.316 | DEBUG    | aivc_trade.execution.position_manager:update_stop:40 - Trail updated: BTCUSDC trail=66110.09 (close=68336.87)
2026-02-12 08:57:48.322 | DEBUG    | aivc_trade.execution.position_manager:update_stop:40 - Trail updated: BTCUSDC trail=66515.19 (close=68634.00)
2026-02-12 08:57:48.341 | INFO     | aivc_trade.execution.position_manager:check_exit:71 - EXIT TRAILING_STOP: BTCUSDC close=66204.00 stop=66515.19
2026-02-12 08:57:48.342 | DEBUG    | aivc_trade.strategy.signal:generate_signals:140 - BTCUSDC in cooldown until 2024-03-05 13:00:00+00:00
2026-02-12 08:57:48.345 | DEBUG    | aivc_trade.strategy.signal:generate_signals:140 - BTCUSDC in cooldown until 2024-03-05 13:00:00+00:00
2026-02-12 08:57:52.420 | INFO     | aivc_trade.strategy.signal:generate_signals:179 - Signal: ETHUSDC score=0.3141 entry=3342.69 stop=3287.92
2026-02-12 08:57:52.421 | INFO     | aivc_trade.strategy.sizing:compute_qty:66 - Sizing: qty=2.6652, notional=8909.44, risk=1.56%, equity=9378.36
2026-02-12 08:57:52.438 | INFO     | aivc_trade.execution.position_manager:check_exit:71 - EXIT STOP_LOSS: ETHUSDC close=3262.60 stop=3287.92
2026-02-12 08:57:52.439 | DEBUG    | aivc_trade.strategy.signal:generate_signals:140 - ETHUSDC in cooldown until 2024-04-29 05:00:00+00:00
2026-02-12 08:57:53.735 | INFO     | aivc_trade.strategy.signal:generate_signals:179 - Signal: BTCUSDC score=0.2346 entry=62650.00 stop=61818.38
2026-02-12 08:57:53.736 | INFO     | aivc_trade.strategy.sizing:compute_qty:66 - Sizing: qty=0.13854000000000002, notional=8679.53, risk=1.26%, equity=9136.96
2026-02-12 08:57:53.746 | DEBUG    | aivc_trade.execution.position_manager:update_stop:40 - Trail updated: BTCUSDC trail=62230.40 (close=63753.73)
2026-02-12 08:57:53.750 | DEBUG    | aivc_trade.execution.position_manager:update_stop:40 - Trail updated: BTCUSDC trail=62452.97 (close=64147.99)
2026-02-12 08:57:53.750 | INFO     | aivc_trade.execution.position_manager:check_exit:94 - EXIT REGIME: BTCUSDC regime=CHAOS
2026-02-12 08:57:53.755 | DEBUG    | aivc_trade.strategy.signal:generate_signals:140 - BTCUSDC in cooldown until 2024-05-15 19:00:00+00:00
2026-02-12 08:57:53.759 | DEBUG    | aivc_trade.strategy.signal:generate_signals:140 - BTCUSDC in cooldown until 2024-05-15 19:00:00+00:00
2026-02-12 08:57:53.762 | DEBUG    | aivc_trade.strategy.signal:generate_signals:140 - BTCUSDC in cooldown until 2024-05-15 19:00:00+00:00
2026-02-12 08:57:53.766 | DEBUG    | aivc_trade.strategy.signal:generate_signals:140 - BTCUSDC in cooldown until 2024-05-15 19:00:00+00:00
2026-02-12 08:57:53.769 | DEBUG    | aivc_trade.strategy.signal:generate_signals:140 - BTCUSDC in cooldown until 2024-05-15 19:00:00+00:00
2026-02-12 08:57:54.360 | INFO     | aivc_trade.strategy.signal:generate_signals:179 - Signal: ETHUSDC score=0.0408 entry=3811.80 stop=3729.05
2026-02-12 08:57:54.362 | INFO     | aivc_trade.strategy.sizing:compute_qty:66 - Sizing: qty=2.3225000000000002, notional=8853.16, risk=2.06%, equity=9319.25
2026-02-12 08:57:54.376 | DEBUG    | aivc_trade.execution.position_manager:update_stop:40 - Trail updated: ETHUSDC trail=3801.46 (close=3916.85)
2026-02-12 08:57:54.384 | INFO     | aivc_trade.execution.position_manager:check_exit:71 - EXIT TRAILING_STOP: ETHUSDC close=3781.60 stop=3801.46
2026-02-12 08:57:55.247 | INFO     | aivc_trade.strategy.signal:generate_signals:179 - Signal: BTCUSDC score=0.0450 entry=68999.99 stop=68182.43
2026-02-12 08:57:55.249 | INFO     | aivc_trade.strategy.sizing:compute_qty:66 - Sizing: qty=0.12688000000000002, notional=8754.72, risk=1.13%, equity=9215.97
2026-02-12 08:57:55.269 | DEBUG    | aivc_trade.execution.position_manager:update_stop:40 - Trail updated: BTCUSDC trail=68708.52 (close=69734.01)
2026-02-12 08:57:55.281 | INFO     | aivc_trade.execution.position_manager:check_exit:94 - EXIT REGIME: BTCUSDC regime=CHAOS
2026-02-12 08:57:55.291 | DEBUG    | aivc_trade.strategy.signal:generate_signals:140 - BTCUSDC in cooldown until 2024-06-03 21:00:00+00:00
2026-02-12 08:57:55.295 | DEBUG    | aivc_trade.strategy.signal:generate_signals:140 - BTCUSDC in cooldown until 2024-06-03 21:00:00+00:00
2026-02-12 08:57:55.299 | DEBUG    | aivc_trade.strategy.signal:generate_signals:140 - BTCUSDC in cooldown until 2024-06-03 21:00:00+00:00
2026-02-12 08:57:56.348 | INFO     | aivc_trade.strategy.signal:generate_signals:179 - Signal: ETHUSDC score=0.2137 entry=3626.40 stop=3578.22
2026-02-12 08:57:56.349 | INFO     | aivc_trade.strategy.sizing:compute_qty:66 - Sizing: qty=2.4273000000000002, notional=8802.36, risk=1.26%, equity=9265.90
2026-02-12 08:57:56.373 | INFO     | aivc_trade.execution.position_manager:check_exit:71 - EXIT STOP_LOSS: ETHUSDC close=3571.30 stop=3578.22
2026-02-12 08:57:56.631 | INFO     | aivc_trade.strategy.signal:generate_signals:179 - Signal: ETHUSDC score=0.2459 entry=3605.77 stop=3550.22
2026-02-12 08:57:56.632 | INFO     | aivc_trade.strategy.sizing:compute_qty:66 - Sizing: qty=2.3999, notional=8655.46, risk=1.48%, equity=9111.04
2026-02-12 08:57:56.653 | INFO     | aivc_trade.execution.position_manager:check_exit:71 - EXIT STOP_LOSS: ETHUSDC close=3530.60 stop=3550.22
2026-02-12 08:57:57.478 | INFO     | aivc_trade.strategy.signal:generate_signals:179 - Signal: BTCUSDC score=0.2665 entry=61963.96 stop=61396.40
2026-02-12 08:57:57.479 | INFO     | aivc_trade.strategy.sizing:compute_qty:66 - Sizing: qty=0.1365, notional=8457.54, risk=0.86%, equity=8902.76
2026-02-12 08:57:57.495 | DEBUG    | aivc_trade.execution.position_manager:update_stop:40 - Trail updated: BTCUSDC trail=61892.13 (close=62806.01)
2026-02-12 08:57:57.502 | DEBUG    | aivc_trade.execution.position_manager:update_stop:40 - Trail updated: BTCUSDC trail=61957.96 (close=62850.01)
2026-02-12 08:57:57.505 | DEBUG    | aivc_trade.execution.position_manager:update_stop:40 - Trail updated: BTCUSDC trail=62506.91 (close=63558.00)
2026-02-12 08:57:57.523 | DEBUG    | aivc_trade.execution.position_manager:update_stop:40 - Trail updated: BTCUSDC trail=62520.52 (close=63353.97)
2026-02-12 08:57:57.561 | DEBUG    | aivc_trade.execution.position_manager:update_stop:40 - Trail updated: BTCUSDC trail=62675.42 (close=63627.99)
2026-02-12 08:57:57.610 | INFO     | aivc_trade.execution.position_manager:check_exit:71 - EXIT TRAILING_STOP: BTCUSDC close=62549.68 stop=62675.42
2026-02-12 08:58:03.433 | INFO     | aivc_trade.strategy.signal:generate_signals:179 - Signal: BTCUSDC score=0.1992 entry=55692.32 stop=54841.68
2026-02-12 08:58:03.434 | INFO     | aivc_trade.strategy.sizing:compute_qty:66 - Sizing: qty=0.15280000000000002, notional=8509.44, risk=1.45%, equity=8957.76
2026-02-12 08:58:03.438 | INFO     | aivc_trade.execution.position_manager:check_exit:71 - EXIT STOP_LOSS: BTCUSDC close=54838.01 stop=54841.68
2026-02-12 08:58:03.440 | DEBUG    | aivc_trade.strategy.signal:generate_signals:140 - BTCUSDC in cooldown until 2024-09-09 20:00:00+00:00
2026-02-12 08:58:03.443 | DEBUG    | aivc_trade.strategy.signal:generate_signals:140 - BTCUSDC in cooldown until 2024-09-09 20:00:00+00:00
2026-02-12 08:58:03.448 | DEBUG    | aivc_trade.strategy.signal:generate_signals:140 - BTCUSDC in cooldown until 2024-09-09 20:00:00+00:00
2026-02-12 08:58:03.452 | DEBUG    | aivc_trade.strategy.signal:generate_signals:140 - BTCUSDC in cooldown until 2024-09-09 20:00:00+00:00
2026-02-12 08:58:03.456 | DEBUG    | aivc_trade.strategy.signal:generate_signals:140 - BTCUSDC in cooldown until 2024-09-09 20:00:00+00:00
2026-02-12 08:58:03.460 | DEBUG    | aivc_trade.strategy.signal:generate_signals:140 - BTCUSDC in cooldown until 2024-09-09 20:00:00+00:00
2026-02-12 08:58:04.923 | INFO     | aivc_trade.strategy.signal:generate_signals:179 - Signal: BTCUSDC score=0.1811 entry=64393.99 stop=63618.47
2026-02-12 08:58:04.924 | INFO     | aivc_trade.strategy.sizing:compute_qty:66 - Sizing: qty=0.12985000000000002, notional=8361.82, risk=1.15%, equity=8802.24
2026-02-12 08:58:04.944 | DEBUG    | aivc_trade.execution.position_manager:update_stop:40 - Trail updated: BTCUSDC trail=63931.92 (close=65246.63)
2026-02-12 08:58:04.948 | DEBUG    | aivc_trade.execution.position_manager:update_stop:40 - Trail updated: BTCUSDC trail=64054.53 (close=65352.85)
2026-02-12 08:58:04.978 | DEBUG    | aivc_trade.execution.position_manager:update_stop:40 - Trail updated: BTCUSDC trail=64143.67 (close=65266.00)
2026-02-12 08:58:04.989 | DEBUG    | aivc_trade.execution.position_manager:update_stop:40 - Trail updated: BTCUSDC trail=64243.77 (close=65370.01)
2026-02-12 08:58:04.994 | DEBUG    | aivc_trade.execution.position_manager:update_stop:40 - Trail updated: BTCUSDC trail=64278.26 (close=65316.00)
2026-02-12 08:58:04.998 | DEBUG    | aivc_trade.execution.position_manager:update_stop:40 - Trail updated: BTCUSDC trail=64372.02 (close=65366.00)
2026-02-12 08:58:05.002 | DEBUG    | aivc_trade.execution.position_manager:update_stop:40 - Trail updated: BTCUSDC trail=64394.88 (close=65354.57)
2026-02-12 08:58:05.006 | DEBUG    | aivc_trade.execution.position_manager:update_stop:40 - Trail updated: BTCUSDC trail=64560.80 (close=65492.02)
2026-02-12 08:58:05.010 | DEBUG    | aivc_trade.execution.position_manager:update_stop:40 - Trail updated: BTCUSDC trail=64825.57 (close=65753.96)
2026-02-12 08:58:05.014 | DEBUG    | aivc_trade.execution.position_manager:update_stop:40 - Trail updated: BTCUSDC trail=64851.93 (close=65763.16)
2026-02-12 08:58:05.035 | DEBUG    | aivc_trade.execution.position_manager:update_stop:40 - Trail updated: BTCUSDC trail=65133.71 (close=66272.88)
2026-02-12 08:58:05.042 | DEBUG    | aivc_trade.execution.position_manager:update_stop:40 - Trail updated: BTCUSDC trail=65185.57 (close=66322.94)
2026-02-12 08:58:05.077 | DEBUG    | aivc_trade.execution.position_manager:update_stop:40 - Trail updated: BTCUSDC trail=65222.31 (close=66003.29)
2026-02-12 08:58:05.081 | DEBUG    | aivc_trade.execution.position_manager:update_stop:40 - Trail updated: BTCUSDC trail=65409.10 (close=66182.01)
2026-02-12 08:58:05.233 | DEBUG    | aivc_trade.execution.position_manager:update_stop:40 - Trail updated: BTCUSDC trail=65539.70 (close=65974.00)
2026-02-12 08:58:05.251 | INFO     | aivc_trade.execution.position_manager:check_exit:71 - EXIT TRAILING_STOP: BTCUSDC close=65476.02 stop=65539.70
2026-02-12 08:58:05.670 | INFO     | aivc_trade.strategy.signal:generate_signals:179 - Signal: BTCUSDC score=-0.1259 entry=62245.09 stop=61142.99
2026-02-12 08:58:05.672 | INFO     | aivc_trade.strategy.sizing:compute_qty:66 - Sizing: qty=0.13609000000000002, notional=8471.10, risk=1.68%, equity=8917.44
2026-02-12 08:58:05.852 | INFO     | aivc_trade.execution.position_manager:check_exit:86 - EXIT TIMEOUT: BTCUSDC held 48.0h, MFE=466.71
2026-02-12 08:58:06.328 | INFO     | aivc_trade.strategy.signal:generate_signals:179 - Signal: ETHUSDC score=0.2151 entry=2459.79 stop=2422.23
2026-02-12 08:58:06.329 | INFO     | aivc_trade.strategy.sizing:compute_qty:66 - Sizing: qty=3.4528000000000003, notional=8493.06, risk=1.45%, equity=8940.09
2026-02-12 08:58:06.425 | DEBUG    | aivc_trade.execution.position_manager:update_stop:40 - Trail updated: ETHUSDC trail=2451.87 (close=2479.34)
2026-02-12 08:58:06.430 | DEBUG    | aivc_trade.execution.position_manager:update_stop:40 - Trail updated: ETHUSDC trail=2459.37 (close=2488.00)
2026-02-12 08:58:06.449 | INFO     | aivc_trade.execution.position_manager:check_exit:71 - EXIT TRAILING_STOP: ETHUSDC close=2457.70 stop=2459.37
2026-02-12 08:58:06.752 | INFO     | aivc_trade.strategy.signal:generate_signals:179 - Signal: BTCUSDC score=-0.0145 entry=67887.63 stop=66777.67
2026-02-12 08:58:06.753 | INFO     | aivc_trade.strategy.sizing:compute_qty:66 - Sizing: qty=0.12464000000000001, notional=8461.52, risk=1.55%, equity=8907.09
2026-02-12 08:58:06.931 | INFO     | aivc_trade.execution.position_manager:check_exit:86 - EXIT TIMEOUT: BTCUSDC held 48.0h, MFE=202.34
2026-02-12 08:58:06.932 | DEBUG    | aivc_trade.strategy.signal:generate_signals:140 - BTCUSDC in cooldown until 2024-10-18 17:00:00+00:00
2026-02-12 08:58:06.940 | DEBUG    | aivc_trade.strategy.signal:generate_signals:140 - BTCUSDC in cooldown until 2024-10-18 17:00:00+00:00
2026-02-12 08:58:06.944 | DEBUG    | aivc_trade.strategy.signal:generate_signals:140 - BTCUSDC in cooldown until 2024-10-18 17:00:00+00:00
2026-02-12 08:58:06.948 | DEBUG    | aivc_trade.strategy.signal:generate_signals:140 - BTCUSDC in cooldown until 2024-10-18 17:00:00+00:00
2026-02-12 08:58:06.953 | DEBUG    | aivc_trade.strategy.signal:generate_signals:140 - BTCUSDC in cooldown until 2024-10-18 17:00:00+00:00
2026-02-12 08:58:06.961 | INFO     | aivc_trade.strategy.signal:generate_signals:179 - Signal: ETHUSDC score=-0.0025 entry=2663.78 stop=2616.79
2026-02-12 08:58:06.962 | INFO     | aivc_trade.strategy.sizing:compute_qty:66 - Sizing: qty=3.1579, notional=8413.28, risk=1.69%, equity=8856.31
2026-02-12 08:58:07.123 | DEBUG    | aivc_trade.execution.position_manager:update_stop:40 - Trail updated: ETHUSDC trail=2669.98 (close=2710.19)
2026-02-12 08:58:07.147 | DEBUG    | aivc_trade.execution.position_manager:update_stop:40 - Trail updated: ETHUSDC trail=2670.95 (close=2711.33)
2026-02-12 08:58:07.151 | DEBUG    | aivc_trade.execution.position_manager:update_stop:40 - Trail updated: ETHUSDC trail=2675.23 (close=2714.99)
2026-02-12 08:58:07.155 | DEBUG    | aivc_trade.execution.position_manager:update_stop:40 - Trail updated: ETHUSDC trail=2697.57 (close=2746.92)
2026-02-12 08:58:07.160 | DEBUG    | aivc_trade.execution.position_manager:update_stop:40 - Trail updated: ETHUSDC trail=2699.01 (close=2746.29)
2026-02-12 08:58:07.208 | INFO     | aivc_trade.execution.position_manager:check_exit:71 - EXIT TRAILING_STOP: ETHUSDC close=2696.89 stop=2699.01
2026-02-12 08:58:07.482 | INFO     | aivc_trade.strategy.signal:generate_signals:179 - Signal: BTCUSDC score=0.0410 entry=67851.98 stop=67030.29
2026-02-12 08:58:07.483 | INFO     | aivc_trade.strategy.sizing:compute_qty:66 - Sizing: qty=0.12506, notional=8485.57, risk=1.15%, equity=8932.83
2026-02-12 08:58:07.506 | DEBUG    | aivc_trade.execution.position_manager:update_stop:40 - Trail updated: BTCUSDC trail=67245.23 (close=68284.73)
2026-02-12 08:58:07.572 | DEBUG    | aivc_trade.execution.position_manager:update_stop:40 - Trail updated: BTCUSDC trail=67335.67 (close=68298.18)
2026-02-12 08:58:07.588 | INFO     | aivc_trade.execution.position_manager:check_exit:71 - EXIT TRAILING_STOP: BTCUSDC close=66786.02 stop=67335.67
2026-02-12 08:58:07.829 | INFO     | aivc_trade.strategy.signal:generate_signals:179 - Signal: BTCUSDC score=0.2151 entry=68332.02 stop=67651.39
2026-02-12 08:58:07.830 | INFO     | aivc_trade.strategy.sizing:compute_qty:66 - Sizing: qty=0.12197000000000001, notional=8334.94, risk=0.95%, equity=8774.26
2026-02-12 08:58:07.846 | DEBUG    | aivc_trade.execution.position_manager:update_stop:40 - Trail updated: BTCUSDC trail=67899.87 (close=68684.08)
2026-02-12 08:58:07.851 | DEBUG    | aivc_trade.execution.position_manager:update_stop:40 - Trail updated: BTCUSDC trail=67999.37 (close=68836.02)
2026-02-12 08:58:07.874 | DEBUG    | aivc_trade.execution.position_manager:update_stop:40 - Trail updated: BTCUSDC trail=68090.14 (close=69172.01)
2026-02-12 08:58:07.878 | DEBUG    | aivc_trade.execution.position_manager:update_stop:40 - Trail updated: BTCUSDC trail=68409.51 (close=69609.79)
2026-02-12 08:58:07.883 | DEBUG    | aivc_trade.execution.position_manager:update_stop:40 - Trail updated: BTCUSDC trail=68496.60 (close=69636.85)
2026-02-12 08:58:07.887 | DEBUG    | aivc_trade.execution.position_manager:update_stop:40 - Trail updated: BTCUSDC trail=68686.54 (close=69775.10)
2026-02-12 08:58:07.892 | DEBUG    | aivc_trade.execution.position_manager:update_stop:40 - Trail updated: BTCUSDC trail=68817.71 (close=69926.52)
2026-02-12 08:58:07.896 | DEBUG    | aivc_trade.execution.position_manager:update_stop:40 - Trail updated: BTCUSDC trail=68826.71 (close=69926.54)
2026-02-12 08:58:07.900 | DEBUG    | aivc_trade.execution.position_manager:update_stop:40 - Trail updated: BTCUSDC trail=68879.30 (close=69918.22)
2026-02-12 08:58:07.905 | DEBUG    | aivc_trade.execution.position_manager:update_stop:40 - Trail updated: BTCUSDC trail=69180.94 (close=70258.01)
2026-02-12 08:58:07.909 | DEBUG    | aivc_trade.execution.position_manager:update_stop:40 - Trail updated: BTCUSDC trail=69757.52 (close=71141.02)
2026-02-12 08:58:07.920 | DEBUG    | aivc_trade.execution.position_manager:update_stop:40 - Trail updated: BTCUSDC trail=69784.79 (close=70971.46)
2026-02-12 08:58:07.925 | DEBUG    | aivc_trade.execution.position_manager:update_stop:40 - Trail updated: BTCUSDC trail=70046.06 (close=71197.08)
2026-02-12 08:58:07.937 | DEBUG    | aivc_trade.execution.position_manager:update_stop:40 - Trail updated: BTCUSDC trail=70237.03 (close=71249.33)
2026-02-12 08:58:07.946 | DEBUG    | aivc_trade.execution.position_manager:update_stop:40 - Trail updated: BTCUSDC trail=70430.17 (close=71421.55)
2026-02-12 08:58:07.954 | DEBUG    | aivc_trade.execution.position_manager:update_stop:40 - Trail updated: BTCUSDC trail=70610.07 (close=71776.00)
2026-02-12 08:58:07.962 | DEBUG    | aivc_trade.execution.position_manager:update_stop:40 - Trail updated: BTCUSDC trail=71059.29 (close=72386.01)
2026-02-12 08:58:07.966 | DEBUG    | aivc_trade.execution.position_manager:update_stop:40 - Trail updated: BTCUSDC trail=71352.27 (close=72721.10)
2026-02-12 08:58:07.971 | DEBUG    | aivc_trade.execution.position_manager:update_stop:40 - Trail updated: BTCUSDC trail=71352.99 (close=72700.30)
2026-02-12 08:58:07.975 | DEBUG    | aivc_trade.execution.position_manager:update_stop:40 - Trail updated: BTCUSDC trail=71789.46 (close=73172.11)
2026-02-12 08:58:08.138 | INFO     | aivc_trade.execution.position_manager:check_exit:71 - EXIT TRAILING_STOP: BTCUSDC close=71293.59 stop=71789.46
2026-02-12 08:58:08.873 | INFO     | aivc_trade.strategy.signal:generate_signals:179 - Signal: BTCUSDC score=0.1596 entry=76896.02 stop=75620.86
2026-02-12 08:58:08.874 | INFO     | aivc_trade.strategy.sizing:compute_qty:66 - Sizing: qty=0.11256000000000001, notional=8653.62, risk=1.56%, equity=9109.45
2026-02-12 08:58:09.003 | DEBUG    | aivc_trade.execution.position_manager:update_stop:40 - Trail updated: BTCUSDC trail=77530.01 (close=79143.91)
2026-02-12 08:58:09.020 | DEBUG    | aivc_trade.execution.position_manager:update_stop:40 - Trail updated: BTCUSDC trail=77654.87 (close=79159.20)
2026-02-12 08:58:09.024 | DEBUG    | aivc_trade.execution.position_manager:update_stop:40 - Trail updated: BTCUSDC trail=77974.68 (close=79410.11)
2026-02-12 08:58:09.029 | DEBUG    | aivc_trade.execution.position_manager:update_stop:40 - Trail updated: BTCUSDC trail=78187.37 (close=79592.03)
2026-02-12 08:58:09.033 | DEBUG    | aivc_trade.execution.position_manager:update_stop:40 - Trail updated: BTCUSDC trail=78498.63 (close=79883.99)
2026-02-12 08:58:09.052 | DEBUG    | aivc_trade.execution.position_manager:update_stop:40 - Trail updated: BTCUSDC trail=78503.50 (close=79839.44)
2026-02-12 08:58:09.056 | DEBUG    | aivc_trade.execution.position_manager:update_stop:40 - Trail updated: BTCUSDC trail=78909.92 (close=80431.68)
2026-02-12 08:58:09.061 | DEBUG    | aivc_trade.execution.position_manager:update_stop:40 - Trail updated: BTCUSDC trail=79069.34 (close=80626.19)
2026-02-12 08:58:09.069 | INFO     | aivc_trade.execution.position_manager:check_exit:71 - EXIT TRAILING_STOP: BTCUSDC close=78989.23 stop=79069.34
2026-02-12 08:58:09.070 | DEBUG    | aivc_trade.strategy.signal:generate_signals:140 - BTCUSDC in cooldown until 2024-11-11 02:00:00+00:00
2026-02-12 08:58:09.074 | DEBUG    | aivc_trade.strategy.signal:generate_signals:140 - BTCUSDC in cooldown until 2024-11-11 02:00:00+00:00
2026-02-12 08:58:09.079 | DEBUG    | aivc_trade.strategy.signal:generate_signals:140 - BTCUSDC in cooldown until 2024-11-11 02:00:00+00:00
2026-02-12 08:58:09.083 | DEBUG    | aivc_trade.strategy.signal:generate_signals:140 - BTCUSDC in cooldown until 2024-11-11 02:00:00+00:00
2026-02-12 08:58:09.087 | DEBUG    | aivc_trade.strategy.signal:generate_signals:140 - BTCUSDC in cooldown until 2024-11-11 02:00:00+00:00
2026-02-12 08:58:09.091 | DEBUG    | aivc_trade.strategy.signal:generate_signals:140 - BTCUSDC in cooldown until 2024-11-11 02:00:00+00:00
2026-02-12 08:58:14.236 | INFO     | aivc_trade.strategy.signal:generate_signals:179 - Signal: BTCUSDC score=0.2716 entry=108278.51 stop=106743.31
2026-02-12 08:58:14.237 | INFO     | aivc_trade.strategy.sizing:compute_qty:66 - Sizing: qty=0.08178, notional=8854.28, risk=1.34%, equity=9320.63
2026-02-12 08:58:14.242 | INFO     | aivc_trade.execution.position_manager:check_exit:71 - EXIT STOP_LOSS: BTCUSDC close=106481.68 stop=106743.31
2026-02-12 08:58:14.243 | DEBUG    | aivc_trade.strategy.signal:generate_signals:140 - BTCUSDC in cooldown until 2024-12-17 21:00:00+00:00
2026-02-12 08:58:14.247 | DEBUG    | aivc_trade.strategy.signal:generate_signals:140 - BTCUSDC in cooldown until 2024-12-17 21:00:00+00:00
2026-02-12 08:58:14.252 | DEBUG    | aivc_trade.strategy.signal:generate_signals:140 - BTCUSDC in cooldown until 2024-12-17 21:00:00+00:00
2026-02-12 08:58:14.256 | DEBUG    | aivc_trade.strategy.signal:generate_signals:140 - BTCUSDC in cooldown until 2024-12-17 21:00:00+00:00
2026-02-12 08:58:14.261 | DEBUG    | aivc_trade.strategy.signal:generate_signals:140 - BTCUSDC in cooldown until 2024-12-17 21:00:00+00:00
2026-02-12 08:58:15.711 | INFO     | aivc_trade.strategy.signal:generate_signals:179 - Signal: BTCUSDC score=0.1378 entry=95516.21 stop=94185.88
2026-02-12 08:58:15.711 | INFO     | aivc_trade.strategy.signal:generate_signals:179 - Signal: ETHUSDC score=0.2343 entry=3411.54 stop=3358.33
2026-02-12 08:58:15.712 | INFO     | aivc_trade.strategy.sizing:compute_qty:66 - Sizing: qty=2.547, notional=8690.70, risk=1.50%, equity=9148.20
2026-02-12 08:58:15.732 | DEBUG    | aivc_trade.execution.position_manager:update_stop:40 - Trail updated: ETHUSDC trail=3404.49 (close=3464.04)
2026-02-12 08:58:15.737 | DEBUG    | aivc_trade.execution.position_manager:update_stop:40 - Trail updated: ETHUSDC trail=3406.63 (close=3464.41)
2026-02-12 08:58:15.741 | DEBUG    | aivc_trade.execution.position_manager:update_stop:40 - Trail updated: ETHUSDC trail=3409.66 (close=3467.28)
2026-02-12 08:58:15.745 | DEBUG    | aivc_trade.execution.position_manager:update_stop:40 - Trail updated: ETHUSDC trail=3421.79 (close=3476.72)
2026-02-12 08:58:15.842 | DEBUG    | aivc_trade.execution.position_manager:update_stop:40 - Trail updated: ETHUSDC trail=3425.60 (close=3479.40)
2026-02-12 08:58:15.846 | DEBUG    | aivc_trade.execution.position_manager:update_stop:40 - Trail updated: ETHUSDC trail=3459.53 (close=3524.66)
2026-02-12 08:58:15.851 | DEBUG    | aivc_trade.execution.position_manager:update_stop:40 - Trail updated: ETHUSDC trail=3487.18 (close=3562.00)
2026-02-12 08:58:15.855 | DEBUG    | aivc_trade.execution.position_manager:update_stop:40 - Trail updated: ETHUSDC trail=3505.15 (close=3581.45)
2026-02-12 08:58:15.863 | DEBUG    | aivc_trade.execution.position_manager:update_stop:40 - Trail updated: ETHUSDC trail=3525.42 (close=3603.22)
2026-02-12 08:58:15.868 | DEBUG    | aivc_trade.execution.position_manager:update_stop:40 - Trail updated: ETHUSDC trail=3544.09 (close=3620.95)
2026-02-12 08:58:15.909 | DEBUG    | aivc_trade.execution.position_manager:update_stop:40 - Trail updated: ETHUSDC trail=3545.93 (close=3595.45)
2026-02-12 08:58:15.913 | DEBUG    | aivc_trade.execution.position_manager:update_stop:40 - Trail updated: ETHUSDC trail=3552.05 (close=3599.01)
2026-02-12 08:58:15.933 | DEBUG    | aivc_trade.execution.position_manager:update_stop:40 - Trail updated: ETHUSDC trail=3555.92 (close=3601.29)
2026-02-12 08:58:15.938 | DEBUG    | aivc_trade.execution.position_manager:update_stop:40 - Trail updated: ETHUSDC trail=3580.61 (close=3634.44)
2026-02-12 08:58:15.942 | DEBUG    | aivc_trade.execution.position_manager:update_stop:40 - Trail updated: ETHUSDC trail=3589.60 (close=3643.69)
2026-02-12 08:58:15.970 | DEBUG    | aivc_trade.execution.position_manager:update_stop:40 - Trail updated: ETHUSDC trail=3595.18 (close=3660.20)
2026-02-12 08:58:15.974 | DEBUG    | aivc_trade.execution.position_manager:update_stop:40 - Trail updated: ETHUSDC trail=3596.01 (close=3657.73)
2026-02-12 08:58:15.979 | DEBUG    | aivc_trade.execution.position_manager:update_stop:40 - Trail updated: ETHUSDC trail=3600.92 (close=3659.80)
2026-02-12 08:58:16.097 | DEBUG    | aivc_trade.execution.position_manager:update_stop:40 - Trail updated: ETHUSDC trail=3610.51 (close=3671.42)
2026-02-12 08:58:16.102 | DEBUG    | aivc_trade.execution.position_manager:update_stop:40 - Trail updated: ETHUSDC trail=3616.84 (close=3679.92)
2026-02-12 08:58:16.142 | DEBUG    | aivc_trade.execution.position_manager:update_stop:40 - Trail updated: ETHUSDC trail=3634.69 (close=3714.60)
2026-02-12 08:58:16.225 | INFO     | aivc_trade.execution.position_manager:check_exit:71 - EXIT TRAILING_STOP: ETHUSDC close=3633.60 stop=3634.69
2026-02-12 08:58:20.565 | INFO     | aivc_trade.strategy.signal:generate_signals:179 - Signal: BTCUSDC score=0.0817 entry=98330.85 stop=97180.84
2026-02-12 08:58:20.566 | INFO     | aivc_trade.strategy.sizing:compute_qty:66 - Sizing: qty=0.09359, notional=9202.20, risk=1.11%, equity=9686.89
2026-02-12 08:58:20.638 | DEBUG    | aivc_trade.execution.position_manager:update_stop:40 - Trail updated: BTCUSDC trail=97994.09 (close=98938.97)
2026-02-12 08:58:20.642 | DEBUG    | aivc_trade.execution.position_manager:update_stop:40 - Trail updated: BTCUSDC trail=98229.98 (close=99374.03)
2026-02-12 08:58:20.652 | INFO     | aivc_trade.execution.position_manager:check_exit:71 - EXIT TRAILING_STOP: BTCUSDC close=98132.50 stop=98229.98
2026-02-12 08:58:20.653 | DEBUG    | aivc_trade.strategy.signal:generate_signals:140 - BTCUSDC in cooldown until 2025-02-21 21:00:00+00:00
2026-02-12 08:58:24.588 | INFO     | aivc_trade.strategy.signal:generate_signals:179 - Signal: BTCUSDC score=0.0865 entry=84107.50 stop=82997.99
2026-02-12 08:58:24.589 | INFO     | aivc_trade.strategy.sizing:compute_qty:66 - Sizing: qty=0.10890000000000001, notional=9159.31, risk=1.25%, equity=9642.17
2026-02-12 08:58:24.619 | DEBUG    | aivc_trade.execution.position_manager:update_stop:40 - Trail updated: BTCUSDC trail=83432.53 (close=85277.99)
2026-02-12 08:58:24.619 | INFO     | aivc_trade.execution.position_manager:check_exit:94 - EXIT REGIME: BTCUSDC regime=CHAOS
2026-02-12 08:58:24.629 | DEBUG    | aivc_trade.strategy.signal:generate_signals:140 - BTCUSDC in cooldown until 2025-04-01 21:00:00+00:00
2026-02-12 08:58:24.633 | DEBUG    | aivc_trade.strategy.signal:generate_signals:140 - BTCUSDC in cooldown until 2025-04-01 21:00:00+00:00
2026-02-12 08:58:24.638 | DEBUG    | aivc_trade.strategy.signal:generate_signals:140 - BTCUSDC in cooldown until 2025-04-01 21:00:00+00:00
2026-02-12 08:58:24.643 | DEBUG    | aivc_trade.strategy.signal:generate_signals:140 - BTCUSDC in cooldown until 2025-04-01 21:00:00+00:00
2026-02-12 08:58:26.760 | INFO     | aivc_trade.strategy.signal:generate_signals:179 - Signal: BTCUSDC score=0.1172 entry=89003.98 stop=87947.67
2026-02-12 08:58:26.761 | INFO     | aivc_trade.strategy.sizing:compute_qty:66 - Sizing: qty=0.10398, notional=9254.63, risk=1.13%, equity=9741.96
2026-02-12 08:58:26.766 | DEBUG    | aivc_trade.execution.position_manager:update_stop:40 - Trail updated: BTCUSDC trail=88709.04 (close=90266.01)
2026-02-12 08:58:26.771 | DEBUG    | aivc_trade.execution.position_manager:update_stop:40 - Trail updated: BTCUSDC trail=89174.22 (close=90832.00)
2026-02-12 08:58:26.775 | DEBUG    | aivc_trade.execution.position_manager:update_stop:40 - Trail updated: BTCUSDC trail=89218.50 (close=90998.00)
2026-02-12 08:58:26.784 | DEBUG    | aivc_trade.execution.position_manager:update_stop:40 - Trail updated: BTCUSDC trail=89734.80 (close=91470.00)
2026-02-12 08:58:26.789 | DEBUG    | aivc_trade.execution.position_manager:update_stop:40 - Trail updated: BTCUSDC trail=89888.95 (close=91565.79)
2026-02-12 08:58:26.802 | DEBUG    | aivc_trade.execution.position_manager:update_stop:40 - Trail updated: BTCUSDC trail=90705.63 (close=93067.56)
2026-02-12 08:58:26.802 | INFO     | aivc_trade.execution.position_manager:check_exit:94 - EXIT REGIME: BTCUSDC regime=CHAOS
2026-02-12 08:58:28.381 | INFO     | aivc_trade.strategy.signal:generate_signals:179 - Signal: BTCUSDC score=-0.3367 entry=97823.25 stop=96466.11
2026-02-12 08:58:28.382 | INFO     | aivc_trade.strategy.sizing:compute_qty:66 - Sizing: qty=0.09843, notional=9628.74, risk=1.32%, equity=10136.10
2026-02-12 08:58:28.387 | DEBUG    | aivc_trade.execution.position_manager:update_stop:40 - Trail updated: BTCUSDC trail=97011.17 (close=98689.99)
2026-02-12 08:58:28.392 | DEBUG    | aivc_trade.execution.position_manager:update_stop:40 - Trail updated: BTCUSDC trail=97483.16 (close=99162.00)
2026-02-12 08:58:28.405 | DEBUG    | aivc_trade.execution.position_manager:update_stop:40 - Trail updated: BTCUSDC trail=97605.65 (close=99036.01)
2026-02-12 08:58:28.410 | DEBUG    | aivc_trade.execution.position_manager:update_stop:40 - Trail updated: BTCUSDC trail=97911.54 (close=99263.04)
2026-02-12 08:58:28.415 | DEBUG    | aivc_trade.execution.position_manager:update_stop:40 - Trail updated: BTCUSDC trail=98311.69 (close=99671.04)
2026-02-12 08:58:28.421 | DEBUG    | aivc_trade.execution.position_manager:update_stop:40 - Trail updated: BTCUSDC trail=98535.53 (close=99800.01)
2026-02-12 08:58:28.426 | DEBUG    | aivc_trade.execution.position_manager:update_stop:40 - Trail updated: BTCUSDC trail=98624.86 (close=99792.02)
2026-02-12 08:58:28.449 | DEBUG    | aivc_trade.execution.position_manager:update_stop:40 - Trail updated: BTCUSDC trail=99009.04 (close=100773.98)
2026-02-12 08:58:28.453 | DEBUG    | aivc_trade.execution.position_manager:update_stop:40 - Trail updated: BTCUSDC trail=99514.97 (close=101299.99)
2026-02-12 08:58:28.458 | INFO     | aivc_trade.execution.position_manager:check_exit:94 - EXIT REGIME: BTCUSDC regime=CHAOS
2026-02-12 08:58:28.463 | DEBUG    | aivc_trade.strategy.signal:generate_signals:140 - BTCUSDC in cooldown until 2025-05-08 23:00:00+00:00
2026-02-12 08:58:28.468 | DEBUG    | aivc_trade.strategy.signal:generate_signals:140 - BTCUSDC in cooldown until 2025-05-08 23:00:00+00:00
2026-02-12 08:58:28.700 | INFO     | aivc_trade.strategy.signal:generate_signals:179 - Signal: BTCUSDC score=0.1159 entry=104824.01 stop=103711.64
2026-02-12 08:58:28.701 | INFO     | aivc_trade.strategy.sizing:compute_qty:66 - Sizing: qty=0.09445, notional=9900.63, risk=1.01%, equity=10422.75
2026-02-12 08:58:28.741 | INFO     | aivc_trade.execution.position_manager:check_exit:71 - EXIT STOP_LOSS: BTCUSDC close=103402.00 stop=103711.64
2026-02-12 08:58:28.758 | DEBUG    | aivc_trade.strategy.signal:generate_signals:140 - BTCUSDC in cooldown until 2025-05-11 13:00:00+00:00
2026-02-12 08:58:28.763 | DEBUG    | aivc_trade.strategy.signal:generate_signals:140 - BTCUSDC in cooldown until 2025-05-11 13:00:00+00:00
2026-02-12 08:58:29.788 | INFO     | aivc_trade.strategy.signal:generate_signals:179 - Signal: BTCUSDC score=-0.1105 entry=107816.00 stop=106191.54
2026-02-12 08:58:29.789 | INFO     | aivc_trade.strategy.sizing:compute_qty:66 - Sizing: qty=0.09039000000000001, notional=9745.49, risk=1.43%, equity=10258.94
2026-02-12 08:58:29.825 | DEBUG    | aivc_trade.execution.position_manager:update_stop:40 - Trail updated: BTCUSDC trail=106825.11 (close=109068.01)
2026-02-12 08:58:29.841 | INFO     | aivc_trade.execution.position_manager:check_exit:71 - EXIT TRAILING_STOP: BTCUSDC close=106659.79 stop=106825.11
2026-02-12 08:58:31.867 | INFO     | aivc_trade.strategy.signal:generate_signals:179 - Signal: ETHUSDC score=0.0259 entry=2559.80 stop=2510.07
2026-02-12 08:58:31.868 | INFO     | aivc_trade.strategy.sizing:compute_qty:66 - Sizing: qty=3.7576, notional=9619.04, risk=1.85%, equity=10125.35
2026-02-12 08:58:31.878 | DEBUG    | aivc_trade.execution.position_manager:update_stop:40 - Trail updated: ETHUSDC trail=2531.33 (close=2585.72)
2026-02-12 08:58:31.888 | DEBUG    | aivc_trade.execution.position_manager:update_stop:40 - Trail updated: ETHUSDC trail=2539.30 (close=2590.90)
2026-02-12 08:58:31.893 | DEBUG    | aivc_trade.execution.position_manager:update_stop:40 - Trail updated: ETHUSDC trail=2579.97 (close=2644.85)
2026-02-12 08:58:31.897 | DEBUG    | aivc_trade.execution.position_manager:update_stop:40 - Trail updated: ETHUSDC trail=2601.82 (close=2667.46)
2026-02-12 08:58:31.902 | DEBUG    | aivc_trade.execution.position_manager:update_stop:40 - Trail updated: ETHUSDC trail=2612.31 (close=2681.38)
2026-02-12 08:58:31.907 | DEBUG    | aivc_trade.execution.position_manager:update_stop:40 - Trail updated: ETHUSDC trail=2623.67 (close=2700.17)
2026-02-12 08:58:31.912 | DEBUG    | aivc_trade.execution.position_manager:update_stop:40 - Trail updated: ETHUSDC trail=2637.08 (close=2709.51)
2026-02-12 08:58:31.953 | DEBUG    | aivc_trade.execution.position_manager:update_stop:40 - Trail updated: ETHUSDC trail=2639.96 (close=2696.52)
2026-02-12 08:58:31.958 | DEBUG    | aivc_trade.execution.position_manager:update_stop:40 - Trail updated: ETHUSDC trail=2688.94 (close=2774.74)
2026-02-12 08:58:31.976 | INFO     | aivc_trade.execution.position_manager:check_exit:94 - EXIT REGIME: ETHUSDC regime=CHAOS
2026-02-12 08:58:31.981 | DEBUG    | aivc_trade.strategy.signal:generate_signals:140 - ETHUSDC in cooldown until 2025-06-10 21:00:00+00:00
2026-02-12 08:58:31.986 | DEBUG    | aivc_trade.strategy.signal:generate_signals:140 - ETHUSDC in cooldown until 2025-06-10 21:00:00+00:00
2026-02-12 08:58:31.990 | DEBUG    | aivc_trade.strategy.signal:generate_signals:140 - ETHUSDC in cooldown until 2025-06-10 21:00:00+00:00
2026-02-12 08:58:31.995 | DEBUG    | aivc_trade.strategy.signal:generate_signals:140 - ETHUSDC in cooldown until 2025-06-10 21:00:00+00:00
2026-02-12 08:58:32.000 | DEBUG    | aivc_trade.strategy.signal:generate_signals:140 - ETHUSDC in cooldown until 2025-06-10 21:00:00+00:00
2026-02-12 08:58:32.675 | INFO     | aivc_trade.strategy.signal:generate_signals:179 - Signal: BTCUSDC score=0.0847 entry=108702.07 stop=107531.84
2026-02-12 08:58:32.676 | INFO     | aivc_trade.strategy.sizing:compute_qty:66 - Sizing: qty=0.09394000000000001, notional=10211.47, risk=1.02%, equity=10749.93
2026-02-12 08:58:32.694 | INFO     | aivc_trade.execution.position_manager:check_exit:71 - EXIT STOP_LOSS: BTCUSDC close=106849.84 stop=107531.84
2026-02-12 08:58:32.695 | DEBUG    | aivc_trade.strategy.signal:generate_signals:140 - BTCUSDC in cooldown until 2025-06-17 05:00:00+00:00
2026-02-12 08:58:32.700 | DEBUG    | aivc_trade.strategy.signal:generate_signals:140 - BTCUSDC in cooldown until 2025-06-17 05:00:00+00:00
2026-02-12 08:58:32.705 | DEBUG    | aivc_trade.strategy.signal:generate_signals:140 - BTCUSDC in cooldown until 2025-06-17 05:00:00+00:00
2026-02-12 08:58:33.521 | INFO     | aivc_trade.strategy.signal:generate_signals:179 - Signal: BTCUSDC score=0.0658 entry=106273.97 stop=104811.82
2026-02-12 08:58:33.522 | INFO     | aivc_trade.strategy.sizing:compute_qty:66 - Sizing: qty=0.09426000000000001, notional=10017.39, risk=1.31%, equity=10545.56
2026-02-12 08:58:33.604 | DEBUG    | aivc_trade.execution.position_manager:update_stop:40 - Trail updated: BTCUSDC trail=106017.32 (close=107184.25)
2026-02-12 08:58:33.608 | DEBUG    | aivc_trade.execution.position_manager:update_stop:40 - Trail updated: BTCUSDC trail=106109.53 (close=107238.01)
2026-02-12 08:58:33.613 | DEBUG    | aivc_trade.execution.position_manager:update_stop:40 - Trail updated: BTCUSDC trail=106191.99 (close=107290.01)
2026-02-12 08:58:33.618 | DEBUG    | aivc_trade.execution.position_manager:update_stop:40 - Trail updated: BTCUSDC trail=106717.28 (close=107996.01)
2026-02-12 08:58:33.693 | DEBUG    | aivc_trade.execution.position_manager:update_stop:40 - Trail updated: BTCUSDC trail=106726.19 (close=107801.45)
2026-02-12 08:58:33.699 | DEBUG    | aivc_trade.execution.position_manager:update_stop:40 - Trail updated: BTCUSDC trail=106828.10 (close=107873.99)
2026-02-12 08:58:33.780 | INFO     | aivc_trade.execution.position_manager:check_exit:71 - EXIT TRAILING_STOP: BTCUSDC close=106735.20 stop=106828.10
2026-02-12 08:58:34.503 | INFO     | aivc_trade.strategy.signal:generate_signals:179 - Signal: BTCUSDC score=0.0243 entry=109979.97 stop=108955.00
2026-02-12 08:58:34.504 | INFO     | aivc_trade.strategy.sizing:compute_qty:66 - Sizing: qty=0.0912, notional=10030.17, risk=0.89%, equity=10558.92
2026-02-12 08:58:34.527 | INFO     | aivc_trade.execution.position_manager:check_exit:94 - EXIT REGIME: BTCUSDC regime=CHAOS
2026-02-12 08:58:34.543 | DEBUG    | aivc_trade.strategy.signal:generate_signals:140 - BTCUSDC in cooldown until 2025-07-03 20:00:00+00:00
2026-02-12 08:58:34.548 | DEBUG    | aivc_trade.strategy.signal:generate_signals:140 - BTCUSDC in cooldown until 2025-07-03 20:00:00+00:00
2026-02-12 08:58:34.554 | DEBUG    | aivc_trade.strategy.signal:generate_signals:140 - BTCUSDC in cooldown until 2025-07-03 20:00:00+00:00
2026-02-12 08:58:34.891 | INFO     | aivc_trade.strategy.signal:generate_signals:179 - Signal: BTCUSDC score=-0.0409 entry=109239.99 stop=108306.64
2026-02-12 08:58:34.892 | INFO     | aivc_trade.strategy.sizing:compute_qty:66 - Sizing: qty=0.09140000000000001, notional=9984.54, risk=0.81%, equity=10510.53
2026-02-12 08:58:34.968 | INFO     | aivc_trade.execution.position_manager:check_exit:71 - EXIT STOP_LOSS: BTCUSDC close=108242.01 stop=108306.64
2026-02-12 08:58:35.073 | INFO     | aivc_trade.strategy.signal:generate_signals:179 - Signal: BTCUSDC score=0.1599 entry=109052.41 stop=108252.62
2026-02-12 08:58:35.074 | INFO     | aivc_trade.strategy.signal:generate_signals:179 - Signal: ETHUSDC score=0.1878 entry=2588.43 stop=2549.58
2026-02-12 08:58:35.074 | INFO     | aivc_trade.strategy.sizing:compute_qty:66 - Sizing: qty=3.8131000000000004, notional=9869.90, risk=1.43%, equity=10389.50
2026-02-12 08:58:35.093 | DEBUG    | aivc_trade.execution.position_manager:update_stop:40 - Trail updated: ETHUSDC trail=2558.10 (close=2616.76)
2026-02-12 08:58:35.098 | DEBUG    | aivc_trade.execution.position_manager:update_stop:40 - Trail updated: ETHUSDC trail=2569.75 (close=2625.48)
2026-02-12 08:58:35.121 | DEBUG    | aivc_trade.execution.position_manager:update_stop:40 - Trail updated: ETHUSDC trail=2570.08 (close=2616.00)
2026-02-12 08:58:35.148 | DEBUG    | aivc_trade.execution.position_manager:update_stop:40 - Trail updated: ETHUSDC trail=2576.65 (close=2628.51)
2026-02-12 08:58:35.154 | DEBUG    | aivc_trade.execution.position_manager:update_stop:40 - Trail updated: ETHUSDC trail=2581.46 (close=2631.60)
2026-02-12 08:58:35.177 | DEBUG    | aivc_trade.execution.position_manager:update_stop:40 - Trail updated: ETHUSDC trail=2584.52 (close=2626.65)
2026-02-12 08:58:35.183 | DEBUG    | aivc_trade.execution.position_manager:update_stop:40 - Trail updated: ETHUSDC trail=2609.53 (close=2660.30)
2026-02-12 08:58:35.201 | DEBUG    | aivc_trade.execution.position_manager:update_stop:40 - Trail updated: ETHUSDC trail=2612.55 (close=2666.50)
2026-02-12 08:58:35.211 | DEBUG    | aivc_trade.execution.position_manager:update_stop:40 - Trail updated: ETHUSDC trail=2652.96 (close=2718.90)
2026-02-12 08:58:35.216 | DEBUG    | aivc_trade.execution.position_manager:update_stop:40 - Trail updated: ETHUSDC trail=2682.13 (close=2765.70)
2026-02-12 08:58:35.217 | INFO     | aivc_trade.execution.position_manager:check_exit:94 - EXIT REGIME: ETHUSDC regime=CHAOS
2026-02-12 08:58:35.237 | DEBUG    | aivc_trade.strategy.signal:generate_signals:140 - ETHUSDC in cooldown until 2025-07-10 01:00:00+00:00
2026-02-12 08:58:35.242 | DEBUG    | aivc_trade.strategy.signal:generate_signals:140 - ETHUSDC in cooldown until 2025-07-10 01:00:00+00:00
2026-02-12 08:58:35.316 | INFO     | aivc_trade.strategy.signal:generate_signals:179 - Signal: BTCUSDC score=-0.1825 entry=112718.00 stop=111525.34
2026-02-12 08:58:35.317 | INFO     | aivc_trade.strategy.sizing:compute_qty:66 - Sizing: qty=0.09300000000000001, notional=10482.77, risk=1.01%, equity=11034.79
2026-02-12 08:58:35.322 | DEBUG    | aivc_trade.execution.position_manager:update_stop:40 - Trail updated: BTCUSDC trail=112210.00 (close=113795.01)
2026-02-12 08:58:35.340 | DEBUG    | aivc_trade.execution.position_manager:update_stop:40 - Trail updated: BTCUSDC trail=114101.28 (close=116511.99)
2026-02-12 08:58:35.340 | INFO     | aivc_trade.execution.position_manager:check_exit:94 - EXIT REGIME: BTCUSDC regime=CHAOS
2026-02-12 08:58:35.699 | INFO     | aivc_trade.strategy.signal:generate_signals:179 - Signal: BTCUSDC score=-0.0534 entry=119696.18 stop=118416.40
2026-02-12 08:58:35.700 | INFO     | aivc_trade.strategy.sizing:compute_qty:66 - Sizing: qty=0.09012, notional=10787.02, risk=1.02%, equity=11355.65
2026-02-12 08:58:35.705 | DEBUG    | aivc_trade.execution.position_manager:update_stop:40 - Trail updated: BTCUSDC trail=118922.27 (close=120803.99)
2026-02-12 08:58:35.710 | DEBUG    | aivc_trade.execution.position_manager:update_stop:40 - Trail updated: BTCUSDC trail=119513.42 (close=121436.60)
2026-02-12 08:58:35.716 | DEBUG    | aivc_trade.execution.position_manager:update_stop:40 - Trail updated: BTCUSDC trail=120312.59 (close=122502.00)
2026-02-12 08:58:35.716 | INFO     | aivc_trade.execution.position_manager:check_exit:94 - EXIT REGIME: BTCUSDC regime=CHAOS
2026-02-12 08:58:35.721 | DEBUG    | aivc_trade.strategy.signal:generate_signals:140 - BTCUSDC in cooldown until 2025-07-14 11:00:00+00:00
2026-02-12 08:58:35.726 | DEBUG    | aivc_trade.strategy.signal:generate_signals:140 - BTCUSDC in cooldown until 2025-07-14 11:00:00+00:00
2026-02-12 08:58:35.731 | DEBUG    | aivc_trade.strategy.signal:generate_signals:140 - BTCUSDC in cooldown until 2025-07-14 11:00:00+00:00
2026-02-12 08:58:35.736 | DEBUG    | aivc_trade.strategy.signal:generate_signals:140 - BTCUSDC in cooldown until 2025-07-14 11:00:00+00:00
2026-02-12 08:58:35.741 | DEBUG    | aivc_trade.strategy.signal:generate_signals:140 - BTCUSDC in cooldown until 2025-07-14 11:00:00+00:00
2026-02-12 08:58:36.498 | INFO     | aivc_trade.strategy.signal:generate_signals:179 - Signal: BTCUSDC score=0.1436 entry=119226.05 stop=117914.67
2026-02-12 08:58:36.499 | INFO     | aivc_trade.strategy.sizing:compute_qty:66 - Sizing: qty=0.09224, notional=10997.41, risk=1.04%, equity=11576.31
2026-02-12 08:58:36.544 | INFO     | aivc_trade.execution.position_manager:check_exit:71 - EXIT STOP_LOSS: BTCUSDC close=117803.54 stop=117914.67
2026-02-12 08:58:38.473 | INFO     | aivc_trade.strategy.signal:generate_signals:179 - Signal: BTCUSDC score=-0.0428 entry=117529.98 stop=116164.17
2026-02-12 08:58:38.474 | INFO     | aivc_trade.strategy.sizing:compute_qty:66 - Sizing: qty=0.09225000000000001, notional=10841.59, risk=1.10%, equity=11412.30
2026-02-12 08:58:38.699 | INFO     | aivc_trade.execution.position_manager:check_exit:86 - EXIT TIMEOUT: BTCUSDC held 48.0h, MFE=89.01
2026-02-12 08:58:38.794 | INFO     | aivc_trade.strategy.signal:generate_signals:179 - Signal: BTCUSDC score=0.0106 entry=118802.00 stop=117689.78
2026-02-12 08:58:38.795 | INFO     | aivc_trade.strategy.sizing:compute_qty:66 - Sizing: qty=0.0903, notional=10727.82, risk=0.89%, equity=11292.46
2026-02-12 08:58:38.839 | DEBUG    | aivc_trade.execution.position_manager:update_stop:40 - Trail updated: BTCUSDC trail=118172.84 (close=119327.10)
2026-02-12 08:58:38.849 | DEBUG    | aivc_trade.execution.position_manager:update_stop:40 - Trail updated: BTCUSDC trail=118697.38 (close=120011.99)
2026-02-12 08:58:38.853 | DEBUG    | aivc_trade.execution.position_manager:update_stop:40 - Trail updated: BTCUSDC trail=120100.48 (close=121892.01)
2026-02-12 08:58:38.854 | INFO     | aivc_trade.execution.position_manager:check_exit:94 - EXIT REGIME: BTCUSDC regime=CHAOS
2026-02-12 08:58:38.869 | DEBUG    | aivc_trade.strategy.signal:generate_signals:140 - BTCUSDC in cooldown until 2025-08-11 08:00:00+00:00
2026-02-12 08:58:38.874 | DEBUG    | aivc_trade.strategy.signal:generate_signals:140 - BTCUSDC in cooldown until 2025-08-11 08:00:00+00:00
2026-02-12 08:58:38.879 | DEBUG    | aivc_trade.strategy.signal:generate_signals:140 - BTCUSDC in cooldown until 2025-08-11 08:00:00+00:00
2026-02-12 08:58:39.151 | INFO     | aivc_trade.strategy.signal:generate_signals:179 - Signal: BTCUSDC score=-0.3145 entry=121796.00 stop=120270.80
2026-02-12 08:58:39.152 | INFO     | aivc_trade.strategy.sizing:compute_qty:66 - Sizing: qty=0.09000000000000001, notional=10961.80, risk=1.19%, equity=11538.89
2026-02-12 08:58:39.157 | INFO     | aivc_trade.execution.position_manager:check_exit:94 - EXIT REGIME: BTCUSDC regime=CHAOS
2026-02-12 08:58:39.172 | DEBUG    | aivc_trade.strategy.signal:generate_signals:140 - BTCUSDC in cooldown until 2025-08-13 20:00:00+00:00
2026-02-12 08:58:39.176 | DEBUG    | aivc_trade.strategy.signal:generate_signals:140 - BTCUSDC in cooldown until 2025-08-13 20:00:00+00:00
2026-02-12 08:58:43.601 | INFO     | aivc_trade.strategy.signal:generate_signals:179 - Signal: BTCUSDC score=0.0395 entry=113232.00 stop=111882.33
2026-02-12 08:58:43.602 | INFO     | aivc_trade.strategy.sizing:compute_qty:66 - Sizing: qty=0.09588, notional=10856.88, risk=1.13%, equity=11428.38
2026-02-12 08:58:43.611 | INFO     | aivc_trade.execution.position_manager:check_exit:71 - EXIT STOP_LOSS: BTCUSDC close=110578.00 stop=111882.33
2026-02-12 08:58:43.941 | INFO     | aivc_trade.strategy.signal:generate_signals:179 - Signal: BTCUSDC score=0.2289 entry=112096.00 stop=111187.87
2026-02-12 08:58:43.941 | INFO     | aivc_trade.strategy.sizing:compute_qty:66 - Sizing: qty=0.09442, notional=10584.36, risk=0.77%, equity=11141.53
2026-02-12 08:58:43.966 | DEBUG    | aivc_trade.execution.position_manager:update_stop:40 - Trail updated: BTCUSDC trail=111504.42 (close=112649.92)
2026-02-12 08:58:43.971 | DEBUG    | aivc_trade.execution.position_manager:update_stop:40 - Trail updated: BTCUSDC trail=111518.58 (close=112650.01)
2026-02-12 08:58:44.024 | INFO     | aivc_trade.execution.position_manager:check_exit:71 - EXIT TRAILING_STOP: BTCUSDC close=111388.62 stop=111518.58
2026-02-12 08:58:44.195 | INFO     | aivc_trade.strategy.signal:generate_signals:179 - Signal: BTCUSDC score=0.0309 entry=113431.69 stop=112289.50
2026-02-12 08:58:44.196 | INFO     | aivc_trade.strategy.sizing:compute_qty:66 - Sizing: qty=0.09248, notional=10490.16, risk=0.96%, equity=11042.84
2026-02-12 08:58:44.201 | DEBUG    | aivc_trade.execution.position_manager:update_stop:40 - Trail updated: BTCUSDC trail=112539.79 (close=113980.00)
2026-02-12 08:58:44.250 | DEBUG    | aivc_trade.execution.position_manager:update_stop:40 - Trail updated: BTCUSDC trail=112939.76 (close=114007.00)
2026-02-12 08:58:44.270 | DEBUG    | aivc_trade.execution.position_manager:update_stop:40 - Trail updated: BTCUSDC trail=113402.14 (close=114441.09)
2026-02-12 08:58:44.356 | DEBUG    | aivc_trade.execution.position_manager:update_stop:40 - Trail updated: BTCUSDC trail=113464.47 (close=114529.99)
2026-02-12 08:58:44.361 | DEBUG    | aivc_trade.execution.position_manager:update_stop:40 - Trail updated: BTCUSDC trail=113942.49 (close=115143.57)
2026-02-12 08:58:44.366 | DEBUG    | aivc_trade.execution.position_manager:update_stop:40 - Trail updated: BTCUSDC trail=114364.97 (close=115541.71)
2026-02-12 08:58:44.372 | DEBUG    | aivc_trade.execution.position_manager:update_stop:40 - Trail updated: BTCUSDC trail=114575.69 (close=115899.91)
2026-02-12 08:58:44.452 | DEBUG    | aivc_trade.execution.position_manager:update_stop:40 - Trail updated: BTCUSDC trail=114783.18 (close=115885.01)
2026-02-12 08:58:44.458 | DEBUG    | aivc_trade.execution.position_manager:update_stop:40 - Trail updated: BTCUSDC trail=115358.44 (close=116561.57)
2026-02-12 08:58:44.463 | DEBUG    | aivc_trade.execution.position_manager:update_stop:40 - Trail updated: BTCUSDC trail=115545.97 (close=116756.16)
2026-02-12 08:58:44.565 | INFO     | aivc_trade.execution.position_manager:check_exit:71 - EXIT TRAILING_STOP: BTCUSDC close=115411.86 stop=115545.97
2026-02-12 08:58:46.410 | INFO     | aivc_trade.strategy.signal:generate_signals:179 - Signal: BTCUSDC score=0.0513 entry=113298.48 stop=112163.16
2026-02-12 08:58:46.411 | INFO     | aivc_trade.strategy.sizing:compute_qty:66 - Sizing: qty=0.09386000000000001, notional=10634.20, risk=0.95%, equity=11194.22
2026-02-12 08:58:46.417 | DEBUG    | aivc_trade.execution.position_manager:update_stop:40 - Trail updated: BTCUSDC trail=112649.69 (close=114115.99)
2026-02-12 08:58:46.433 | DEBUG    | aivc_trade.execution.position_manager:update_stop:40 - Trail updated: BTCUSDC trail=112699.58 (close=114136.99)
2026-02-12 08:58:46.438 | DEBUG    | aivc_trade.execution.position_manager:update_stop:40 - Trail updated: BTCUSDC trail=112762.58 (close=114101.00)
2026-02-12 08:58:46.443 | DEBUG    | aivc_trade.execution.position_manager:update_stop:40 - Trail updated: BTCUSDC trail=113006.12 (close=114344.76)
2026-02-12 08:58:46.449 | DEBUG    | aivc_trade.execution.position_manager:update_stop:40 - Trail updated: BTCUSDC trail=113079.72 (close=114337.27)
2026-02-12 08:58:46.454 | DEBUG    | aivc_trade.execution.position_manager:update_stop:40 - Trail updated: BTCUSDC trail=113082.67 (close=114259.60)
2026-02-12 08:58:46.459 | DEBUG    | aivc_trade.execution.position_manager:update_stop:40 - Trail updated: BTCUSDC trail=113184.88 (close=114273.50)
2026-02-12 08:58:46.464 | DEBUG    | aivc_trade.execution.position_manager:update_stop:40 - Trail updated: BTCUSDC trail=113386.11 (close=114400.55)
2026-02-12 08:58:46.469 | DEBUG    | aivc_trade.execution.position_manager:update_stop:40 - Trail updated: BTCUSDC trail=113493.27 (close=114615.01)
2026-02-12 08:58:46.515 | INFO     | aivc_trade.execution.position_manager:check_exit:71 - EXIT TRAILING_STOP: BTCUSDC close=112863.51 stop=113493.27
2026-02-12 08:58:46.778 | INFO     | aivc_trade.strategy.signal:generate_signals:179 - Signal: BTCUSDC score=0.2126 entry=119713.04 stop=118601.56
2026-02-12 08:58:46.779 | INFO     | aivc_trade.strategy.sizing:compute_qty:66 - Sizing: qty=0.08825000000000001, notional=10564.68, risk=0.88%, equity=11121.55
2026-02-12 08:58:46.803 | DEBUG    | aivc_trade.execution.position_manager:update_stop:40 - Trail updated: BTCUSDC trail=118857.63 (close=120599.01)
2026-02-12 08:58:46.809 | DEBUG    | aivc_trade.execution.position_manager:update_stop:40 - Trail updated: BTCUSDC trail=119230.73 (close=120937.04)
2026-02-12 08:58:46.882 | DEBUG    | aivc_trade.execution.position_manager:update_stop:40 - Trail updated: BTCUSDC trail=119431.91 (close=120545.24)
2026-02-12 08:58:46.892 | DEBUG    | aivc_trade.execution.position_manager:update_stop:40 - Trail updated: BTCUSDC trail=119441.00 (close=120480.01)
2026-02-12 08:58:46.902 | DEBUG    | aivc_trade.execution.position_manager:update_stop:40 - Trail updated: BTCUSDC trail=119707.16 (close=121033.01)
2026-02-12 08:58:46.909 | DEBUG    | aivc_trade.execution.position_manager:update_stop:40 - Trail updated: BTCUSDC trail=120649.09 (close=122374.02)
2026-02-12 08:58:46.919 | INFO     | aivc_trade.execution.position_manager:check_exit:94 - EXIT REGIME: BTCUSDC regime=CHAOS
2026-02-12 08:58:46.934 | DEBUG    | aivc_trade.strategy.signal:generate_signals:140 - BTCUSDC in cooldown until 2025-10-03 23:00:00+00:00
2026-02-12 08:58:46.939 | DEBUG    | aivc_trade.strategy.signal:generate_signals:140 - BTCUSDC in cooldown until 2025-10-03 23:00:00+00:00
2026-02-12 08:58:46.944 | DEBUG    | aivc_trade.strategy.signal:generate_signals:140 - BTCUSDC in cooldown until 2025-10-03 23:00:00+00:00
2026-02-12 08:58:47.078 | INFO     | aivc_trade.strategy.signal:generate_signals:179 - Signal: BTCUSDC score=0.0008 entry=124100.59 stop=122914.82
2026-02-12 08:58:47.079 | INFO     | aivc_trade.strategy.sizing:compute_qty:66 - Sizing: qty=0.08655, notional=10740.91, risk=0.91%, equity=11306.53
2026-02-12 08:58:47.093 | DEBUG    | aivc_trade.execution.position_manager:update_stop:40 - Trail updated: BTCUSDC trail=123337.60 (close=125238.70)
2026-02-12 08:58:47.118 | INFO     | aivc_trade.execution.position_manager:check_exit:71 - EXIT TRAILING_STOP: BTCUSDC close=123065.12 stop=123337.60
2026-02-12 08:58:47.119 | DEBUG    | aivc_trade.strategy.signal:generate_signals:140 - BTCUSDC in cooldown until 2025-10-05 15:00:00+00:00
2026-02-12 08:58:47.124 | DEBUG    | aivc_trade.strategy.signal:generate_signals:140 - BTCUSDC in cooldown until 2025-10-05 15:00:00+00:00
2026-02-12 08:58:47.129 | DEBUG    | aivc_trade.strategy.signal:generate_signals:140 - BTCUSDC in cooldown until 2025-10-05 15:00:00+00:00
2026-02-12 08:58:47.134 | DEBUG    | aivc_trade.strategy.signal:generate_signals:140 - BTCUSDC in cooldown until 2025-10-05 15:00:00+00:00
2026-02-12 08:58:47.260 | INFO     | aivc_trade.strategy.signal:generate_signals:179 - Signal: BTCUSDC score=0.0476 entry=124613.81 stop=123402.13
2026-02-12 08:58:47.261 | INFO     | aivc_trade.strategy.sizing:compute_qty:66 - Sizing: qty=0.08526, notional=10624.57, risk=0.92%, equity=11184.82
2026-02-12 08:58:47.281 | DEBUG    | aivc_trade.execution.position_manager:update_stop:40 - Trail updated: BTCUSDC trail=123870.47 (close=125549.00)
2026-02-12 08:58:47.292 | DEBUG    | aivc_trade.execution.position_manager:update_stop:40 - Trail updated: BTCUSDC trail=124249.66 (close=126103.99)
2026-02-12 08:58:47.351 | INFO     | aivc_trade.execution.position_manager:check_exit:71 - EXIT TRAILING_STOP: BTCUSDC close=123979.08 stop=124249.66
2026-02-12 08:58:47.382 | INFO     | aivc_trade.strategy.signal:generate_signals:179 - Signal: ETHUSDC score=0.2763 entry=4752.00 stop=4680.00
2026-02-12 08:58:47.383 | INFO     | aivc_trade.strategy.sizing:compute_qty:66 - Sizing: qty=2.2188000000000003, notional=10543.74, risk=1.44%, equity=11098.91
2026-02-12 08:58:47.393 | INFO     | aivc_trade.execution.position_manager:check_exit:71 - EXIT STOP_LOSS: ETHUSDC close=4597.69 stop=4680.00
2026-02-12 08:58:49.833 | INFO     | aivc_trade.strategy.signal:generate_signals:179 - Signal: BTCUSDC score=0.3506 entry=115568.20 stop=114325.71
2026-02-12 08:58:49.834 | INFO     | aivc_trade.strategy.sizing:compute_qty:66 - Sizing: qty=0.08816, notional=10188.49, risk=1.02%, equity=10725.43
2026-02-12 08:58:49.910 | INFO     | aivc_trade.execution.position_manager:check_exit:71 - EXIT STOP_LOSS: BTCUSDC close=114323.99 stop=114325.71
2026-02-12 08:58:56.682 | INFO     | aivc_trade.strategy.signal:generate_signals:179 - Signal: ETHUSDC score=0.1708 entry=3022.00 stop=2968.43
2026-02-12 08:58:56.683 | INFO     | aivc_trade.strategy.sizing:compute_qty:66 - Sizing: qty=3.3277, notional=10056.04, risk=1.68%, equity=10585.34
2026-02-12 08:58:56.738 | DEBUG    | aivc_trade.execution.position_manager:update_stop:40 - Trail updated: ETHUSDC trail=2994.71 (close=3048.65)
2026-02-12 08:58:56.744 | DEBUG    | aivc_trade.execution.position_manager:update_stop:40 - Trail updated: ETHUSDC trail=2999.76 (close=3057.72)
2026-02-12 08:58:56.750 | DEBUG    | aivc_trade.execution.position_manager:update_stop:40 - Trail updated: ETHUSDC trail=3000.91 (close=3056.65)
2026-02-12 08:58:56.782 | INFO     | aivc_trade.execution.position_manager:check_exit:71 - EXIT TRAILING_STOP: ETHUSDC close=2980.09 stop=3000.91
2026-02-12 08:58:57.823 | INFO     | aivc_trade.backtest.simulator:run:243 - Backtest done: 80 trades, final equity=10416.19
2026-02-12 08:58:57.841 | INFO     | __main__:main:171 - Trades saved → data/backtest_results/trades.parquet
2026-02-12 08:58:57.853 | INFO     | __main__:main:175 - Equity curve saved → data/backtest_results/equity_curve.parquet
2026-02-12 09:39:45.501 | INFO     | aivc_trade.strategy.sizing:compute_qty:66 - Sizing: qty=0.19, notional=9500.00, risk=3.80%, equity=10000.00
2026-02-12 09:39:45.510 | INFO     | aivc_trade.strategy.sizing:compute_qty:66 - Sizing: qty=0.19, notional=9500.00, risk=0.02%, equity=10000.00
2026-02-12 09:39:45.518 | WARNING  | aivc_trade.strategy.sizing:compute_qty:47 - stop_dist <= 0 – cannot size
2026-02-12 09:39:45.543 | INFO     | aivc_trade.execution.position_manager:check_exit:86 - EXIT STOP_LOSS: BTCUSDC close=47500.00 stop=48000.00
2026-02-12 09:39:45.652 | INFO     | aivc_trade.execution.position_manager:check_exit:109 - EXIT REGIME: BTCUSDC regime=CHAOS
2026-02-12 09:39:45.660 | INFO     | aivc_trade.execution.position_manager:check_exit:101 - EXIT TIMEOUT: BTCUSDC held 49.0h, MFE=500.00
2026-02-12 09:39:45.681 | WARNING  | aivc_trade.strategy.risk:check_equity:44 - CIRCUIT BREAKER: 24h loss -16.00% → halt until 2024-01-03 12:00:00+00:00
2026-02-12 09:39:45.697 | ERROR    | aivc_trade.strategy.risk:record_api_error:67 - API error streak = 5 → HALT
2026-02-12 09:39:45.715 | DEBUG    | aivc_trade.ops.persistence:save:29 - State saved → /tmp/tmpo4etc0r6/state.json
2026-02-12 09:39:45.717 | INFO     | aivc_trade.ops.persistence:load:33 - No state file found – starting fresh
2026-02-12 09:39:46.516 | INFO     | aivc_trade.backtest.simulator:run:259 - Backtest done: 0 trades, final equity=10000.00
2026-02-12 09:39:46.555 | DEBUG    | aivc_trade.data.candles_store:save:30 - Saved 50 rows → /tmp/tmptrwtvzer/BTCUSDC/1h.parquet
2026-02-12 09:39:46.579 | DEBUG    | aivc_trade.data.candles_store:load:37 - Loaded 50 rows ← /tmp/tmptrwtvzer/BTCUSDC/1h.parquet
2026-02-12 09:39:46.584 | DEBUG    | aivc_trade.data.candles_store:save:30 - Saved 50 rows → /tmp/tmp5t2mahg1/BTCUSDC/1h.parquet
2026-02-12 09:39:46.586 | DEBUG    | aivc_trade.data.candles_store:load:37 - Loaded 50 rows ← /tmp/tmp5t2mahg1/BTCUSDC/1h.parquet
2026-02-12 09:39:46.587 | DEBUG    | aivc_trade.data.candles_store:save:30 - Saved 50 rows → /tmp/tmp5t2mahg1/BTCUSDC/1h.parquet
2026-02-12 09:39:55.703 | INFO     | aivc_trade.strategy.sizing:compute_qty:66 - Sizing: qty=0.19, notional=9500.00, risk=3.80%, equity=10000.00
2026-02-12 09:39:55.713 | INFO     | aivc_trade.strategy.sizing:compute_qty:66 - Sizing: qty=0.19, notional=9500.00, risk=0.02%, equity=10000.00
2026-02-12 09:39:55.720 | WARNING  | aivc_trade.strategy.sizing:compute_qty:47 - stop_dist <= 0 – cannot size
2026-02-12 09:39:55.744 | INFO     | aivc_trade.execution.position_manager:check_exit:86 - EXIT STOP_LOSS: BTCUSDC close=47500.00 stop=48000.00
2026-02-12 09:39:55.759 | DEBUG    | aivc_trade.execution.position_manager:update_stop:55 - Trail updated: BTCUSDC trail=49500.00 (close=52000.00)
2026-02-12 09:39:55.760 | INFO     | aivc_trade.execution.position_manager:check_exit:86 - EXIT TRAILING_STOP: BTCUSDC close=49499.00 stop=49500.00
2026-02-12 09:39:55.768 | INFO     | aivc_trade.execution.position_manager:check_exit:109 - EXIT REGIME: BTCUSDC regime=CHAOS
2026-02-12 09:39:55.775 | INFO     | aivc_trade.execution.position_manager:check_exit:101 - EXIT TIMEOUT: BTCUSDC held 49.0h, MFE=500.00
2026-02-12 09:39:55.789 | WARNING  | aivc_trade.strategy.risk:check_equity:44 - CIRCUIT BREAKER: 24h loss -16.00% → halt until 2024-01-03 12:00:00+00:00
2026-02-12 09:39:55.805 | ERROR    | aivc_trade.strategy.risk:record_api_error:67 - API error streak = 5 → HALT
2026-02-12 09:39:55.822 | DEBUG    | aivc_trade.ops.persistence:save:29 - State saved → /tmp/tmpl96945he/state.json
2026-02-12 09:39:55.824 | INFO     | aivc_trade.ops.persistence:load:33 - No state file found – starting fresh
2026-02-12 09:39:56.590 | INFO     | aivc_trade.backtest.simulator:run:259 - Backtest done: 0 trades, final equity=10000.00
2026-02-12 09:39:56.605 | DEBUG    | aivc_trade.data.candles_store:save:30 - Saved 50 rows → /tmp/tmp2zfk8i0s/BTCUSDC/1h.parquet
2026-02-12 09:39:56.613 | DEBUG    | aivc_trade.data.candles_store:load:37 - Loaded 50 rows ← /tmp/tmp2zfk8i0s/BTCUSDC/1h.parquet
2026-02-12 09:39:56.617 | DEBUG    | aivc_trade.data.candles_store:save:30 - Saved 50 rows → /tmp/tmpve8heg93/BTCUSDC/1h.parquet
2026-02-12 09:39:56.619 | DEBUG    | aivc_trade.data.candles_store:load:37 - Loaded 50 rows ← /tmp/tmpve8heg93/BTCUSDC/1h.parquet
2026-02-12 09:39:56.621 | DEBUG    | aivc_trade.data.candles_store:save:30 - Saved 50 rows → /tmp/tmpve8heg93/BTCUSDC/1h.parquet
2026-02-12 09:47:23.101 | INFO     | __main__:main:166 - ==================================================
2026-02-12 09:47:23.104 | INFO     | __main__:main:167 - AIVC Trade – Phase A Backtest
2026-02-12 09:47:23.104 | INFO     | __main__:main:168 - Period: 2023-03-13 → 2025-12-31
2026-02-12 09:47:23.104 | INFO     | __main__:main:169 - Initial equity: 10000.0
2026-02-12 09:47:23.104 | INFO     | __main__:main:170 - ==================================================
2026-02-12 09:47:23.178 | DEBUG    | aivc_trade.data.candles_store:load:37 - Loaded 24594 rows ← data/candles/BTCUSDC/1h.parquet
2026-02-12 09:47:23.185 | INFO     | __main__:_ensure_data:55 - Using cached 1h data for BTCUSDC (24594 rows)
2026-02-12 09:47:23.263 | DEBUG    | aivc_trade.data.candles_store:load:37 - Loaded 295107 rows ← data/candles/BTCUSDC/5m.parquet
2026-02-12 09:47:23.270 | INFO     | __main__:_ensure_data:78 - Using cached 5m data for BTCUSDC (295107 rows)
2026-02-12 09:47:23.313 | DEBUG    | aivc_trade.data.candles_store:load:37 - Loaded 24594 rows ← data/candles/ETHUSDC/1h.parquet
2026-02-12 09:47:23.317 | INFO     | __main__:_ensure_data:55 - Using cached 1h data for ETHUSDC (24594 rows)
2026-02-12 09:47:23.378 | DEBUG    | aivc_trade.data.candles_store:load:37 - Loaded 295107 rows ← data/candles/ETHUSDC/5m.parquet
2026-02-12 09:47:23.382 | INFO     | __main__:_ensure_data:78 - Using cached 5m data for ETHUSDC (295107 rows)
2026-02-12 09:47:25.722 | INFO     | aivc_trade.strategy.signal:generate_signals:217 - Signal: BTCUSDC score=-0.0619 entry=30772.51 stop=30358.27
2026-02-12 09:47:25.723 | INFO     | aivc_trade.strategy.sizing:compute_qty:66 - Sizing: qty=0.30871000000000004, notional=9499.78, risk=1.28%, equity=10000.00
2026-02-12 09:47:25.744 | DEBUG    | aivc_trade.execution.position_manager:update_stop:55 - Trail updated: BTCUSDC trail=30489.84 (close=30975.80)
2026-02-12 09:47:25.776 | INFO     | aivc_trade.execution.position_manager:check_exit:86 - EXIT TRAILING_STOP: BTCUSDC close=30266.69 stop=30489.84
2026-02-12 09:47:29.413 | INFO     | aivc_trade.strategy.signal:generate_signals:217 - Signal: BTCUSDC score=0.0189 entry=29704.54 stop=29236.67
2026-02-12 09:47:29.415 | INFO     | aivc_trade.strategy.sizing:compute_qty:66 - Sizing: qty=0.31389, notional=9322.89, risk=1.49%, equity=9813.71
2026-02-12 09:47:29.459 | INFO     | aivc_trade.execution.position_manager:check_exit:86 - EXIT STOP_LOSS: BTCUSDC close=29128.63 stop=29236.67
2026-02-12 09:47:41.121 | INFO     | aivc_trade.strategy.signal:generate_signals:217 - Signal: BTCUSDC score=-0.0654 entry=26518.41 stop=26163.03
2026-02-12 09:47:41.123 | INFO     | aivc_trade.strategy.sizing:compute_qty:66 - Sizing: qty=0.34405, notional=9123.25, risk=1.27%, equity=9603.69
2026-02-12 09:47:41.178 | DEBUG    | aivc_trade.execution.position_manager:update_stop:55 - Trail updated: BTCUSDC trail=26314.11 (close=26732.33)
2026-02-12 09:47:41.274 | INFO     | aivc_trade.execution.position_manager:check_exit:109 - EXIT REGIME: BTCUSDC regime=CHAOS
2026-02-12 09:47:45.202 | INFO     | aivc_trade.strategy.signal:generate_signals:217 - Signal: BTCUSDC score=-0.0149 entry=34495.81 stop=33746.14
2026-02-12 09:47:45.204 | INFO     | aivc_trade.strategy.sizing:compute_qty:66 - Sizing: qty=0.26230000000000003, notional=9047.69, risk=2.06%, equity=9523.95
2026-02-12 09:47:45.212 | DEBUG    | aivc_trade.execution.position_manager:update_stop:55 - Trail updated: BTCUSDC trail=33950.58 (close=34852.47)
2026-02-12 09:47:45.309 | INFO     | aivc_trade.execution.position_manager:check_exit:86 - EXIT TRAILING_STOP: BTCUSDC close=33767.74 stop=33950.58
2026-02-12 09:47:46.782 | INFO     | aivc_trade.strategy.signal:generate_signals:217 - Signal: BTCUSDC score=-0.1270 entry=37388.10 stop=36719.36
2026-02-12 09:47:46.784 | INFO     | aivc_trade.strategy.sizing:compute_qty:66 - Sizing: qty=0.23641, notional=8838.89, risk=1.70%, equity=9304.41
2026-02-12 09:47:46.984 | INFO     | aivc_trade.execution.position_manager:check_exit:101 - EXIT TIMEOUT: BTCUSDC held 48.0h, MFE=0.00
2026-02-12 09:47:48.018 | INFO     | aivc_trade.strategy.signal:generate_signals:217 - Signal: ETHUSDC score=0.0672 entry=2030.49 stop=1993.04
2026-02-12 09:47:48.020 | INFO     | aivc_trade.strategy.sizing:compute_qty:66 - Sizing: qty=4.3093, notional=8756.37, risk=1.82%, equity=9217.30
2026-02-12 09:47:48.044 | DEBUG    | aivc_trade.execution.position_manager:update_stop:55 - Trail updated: ETHUSDC trail=2013.90 (close=2062.19)
2026-02-12 09:47:48.048 | DEBUG    | aivc_trade.execution.position_manager:update_stop:55 - Trail updated: ETHUSDC trail=2027.09 (close=2077.12)
2026-02-12 09:47:48.052 | DEBUG    | aivc_trade.execution.position_manager:update_stop:55 - Trail updated: ETHUSDC trail=2029.33 (close=2075.59)
2026-02-12 09:47:48.057 | DEBUG    | aivc_trade.execution.position_manager:update_stop:55 - Trail updated: ETHUSDC trail=2034.48 (close=2081.70)
2026-02-12 09:47:48.100 | DEBUG    | aivc_trade.execution.position_manager:update_stop:55 - Trail updated: ETHUSDC trail=2036.06 (close=2066.19)
2026-02-12 09:47:48.105 | DEBUG    | aivc_trade.execution.position_manager:update_stop:55 - Trail updated: ETHUSDC trail=2049.26 (close=2081.72)
2026-02-12 09:47:48.110 | DEBUG    | aivc_trade.execution.position_manager:update_stop:55 - Trail updated: ETHUSDC trail=2055.83 (close=2088.10)
2026-02-12 09:47:48.127 | INFO     | aivc_trade.execution.position_manager:check_exit:86 - EXIT TRAILING_STOP: ETHUSDC close=2054.01 stop=2055.83
2026-02-12 09:47:48.129 | DEBUG    | aivc_trade.strategy.signal:generate_signals:176 - ETHUSDC in cooldown until 2023-11-23 19:00:00+00:00
2026-02-12 09:47:48.133 | DEBUG    | aivc_trade.strategy.signal:generate_signals:176 - ETHUSDC in cooldown until 2023-11-23 19:00:00+00:00
2026-02-12 09:47:54.978 | INFO     | aivc_trade.strategy.signal:generate_signals:217 - Signal: BTCUSDC score=0.1601 entry=43440.49 stop=42827.47
2026-02-12 09:47:54.980 | INFO     | aivc_trade.strategy.sizing:compute_qty:66 - Sizing: qty=0.20291, notional=8814.51, risk=1.34%, equity=9278.85
2026-02-12 09:47:55.087 | INFO     | aivc_trade.execution.position_manager:check_exit:109 - EXIT REGIME: BTCUSDC regime=CHAOS
2026-02-12 09:47:56.788 | INFO     | aivc_trade.strategy.signal:generate_signals:217 - Signal: BTCUSDC score=0.0667 entry=52650.20 stop=51757.36
2026-02-12 09:47:56.790 | INFO     | aivc_trade.strategy.sizing:compute_qty:66 - Sizing: qty=0.16515000000000002, notional=8694.16, risk=1.60%, equity=9151.84
2026-02-12 09:47:56.816 | INFO     | aivc_trade.execution.position_manager:check_exit:86 - EXIT STOP_LOSS: BTCUSDC close=51738.08 stop=51757.36
2026-02-12 09:48:09.378 | INFO     | aivc_trade.strategy.signal:generate_signals:217 - Signal: ETHUSDC score=0.0408 entry=3811.80 stop=3729.05
2026-02-12 09:48:09.380 | INFO     | aivc_trade.strategy.sizing:compute_qty:66 - Sizing: qty=2.2368, notional=8526.48, risk=2.06%, equity=8975.41
2026-02-12 09:48:09.399 | DEBUG    | aivc_trade.execution.position_manager:update_stop:55 - Trail updated: ETHUSDC trail=3801.46 (close=3916.85)
2026-02-12 09:48:09.410 | INFO     | aivc_trade.execution.position_manager:check_exit:86 - EXIT TRAILING_STOP: ETHUSDC close=3781.60 stop=3801.46
2026-02-12 09:48:25.436 | INFO     | aivc_trade.strategy.signal:generate_signals:217 - Signal: BTCUSDC score=-0.0306 entry=62377.89 stop=61366.71
2026-02-12 09:48:25.438 | INFO     | aivc_trade.strategy.sizing:compute_qty:66 - Sizing: qty=0.13518000000000002, notional=8432.14, risk=1.54%, equity=8875.95
2026-02-12 09:48:25.684 | INFO     | aivc_trade.execution.position_manager:check_exit:101 - EXIT TIMEOUT: BTCUSDC held 48.0h, MFE=338.90
2026-02-12 09:48:26.888 | INFO     | aivc_trade.strategy.signal:generate_signals:217 - Signal: BTCUSDC score=-0.0145 entry=67887.63 stop=66777.67
2026-02-12 09:48:26.890 | INFO     | aivc_trade.strategy.sizing:compute_qty:66 - Sizing: qty=0.12434, notional=8441.15, risk=1.55%, equity=8885.60
2026-02-12 09:48:27.153 | INFO     | aivc_trade.execution.position_manager:check_exit:101 - EXIT TIMEOUT: BTCUSDC held 48.0h, MFE=202.34
2026-02-12 09:48:27.154 | DEBUG    | aivc_trade.strategy.signal:generate_signals:176 - BTCUSDC in cooldown until 2024-10-18 17:00:00+00:00
2026-02-12 09:48:27.171 | DEBUG    | aivc_trade.strategy.signal:generate_signals:176 - BTCUSDC in cooldown until 2024-10-18 17:00:00+00:00
2026-02-12 09:48:27.177 | DEBUG    | aivc_trade.strategy.signal:generate_signals:176 - BTCUSDC in cooldown until 2024-10-18 17:00:00+00:00
2026-02-12 09:48:27.182 | DEBUG    | aivc_trade.strategy.signal:generate_signals:176 - BTCUSDC in cooldown until 2024-10-18 17:00:00+00:00
2026-02-12 09:48:27.952 | INFO     | aivc_trade.strategy.signal:generate_signals:217 - Signal: BTCUSDC score=-0.0628 entry=68284.73 stop=67369.97
2026-02-12 09:48:27.954 | INFO     | aivc_trade.strategy.sizing:compute_qty:66 - Sizing: qty=0.12291, notional=8392.88, risk=1.27%, equity=8834.95
2026-02-12 09:48:28.066 | INFO     | aivc_trade.execution.position_manager:check_exit:86 - EXIT STOP_LOSS: BTCUSDC close=66786.02 stop=67369.97
2026-02-12 09:48:29.876 | INFO     | aivc_trade.strategy.signal:generate_signals:217 - Signal: BTCUSDC score=0.1596 entry=76896.02 stop=75620.86
2026-02-12 09:48:29.878 | INFO     | aivc_trade.strategy.sizing:compute_qty:66 - Sizing: qty=0.10658000000000001, notional=8193.88, risk=1.56%, equity=8625.84
2026-02-12 09:48:30.064 | DEBUG    | aivc_trade.execution.position_manager:update_stop:55 - Trail updated: BTCUSDC trail=77530.01 (close=79143.91)
2026-02-12 09:48:30.086 | DEBUG    | aivc_trade.execution.position_manager:update_stop:55 - Trail updated: BTCUSDC trail=77654.87 (close=79159.20)
2026-02-12 09:48:30.093 | DEBUG    | aivc_trade.execution.position_manager:update_stop:55 - Trail updated: BTCUSDC trail=77974.68 (close=79410.11)
2026-02-12 09:48:30.098 | DEBUG    | aivc_trade.execution.position_manager:update_stop:55 - Trail updated: BTCUSDC trail=78187.37 (close=79592.03)
2026-02-12 09:48:30.104 | DEBUG    | aivc_trade.execution.position_manager:update_stop:55 - Trail updated: BTCUSDC trail=78498.63 (close=79883.99)
2026-02-12 09:48:30.133 | DEBUG    | aivc_trade.execution.position_manager:update_stop:55 - Trail updated: BTCUSDC trail=78503.50 (close=79839.44)
2026-02-12 09:48:30.139 | DEBUG    | aivc_trade.execution.position_manager:update_stop:55 - Trail updated: BTCUSDC trail=78909.92 (close=80431.68)
2026-02-12 09:48:30.145 | DEBUG    | aivc_trade.execution.position_manager:update_stop:55 - Trail updated: BTCUSDC trail=79069.34 (close=80626.19)
2026-02-12 09:48:30.156 | INFO     | aivc_trade.execution.position_manager:check_exit:86 - EXIT TRAILING_STOP: BTCUSDC close=78989.23 stop=79069.34
2026-02-12 09:48:30.158 | DEBUG    | aivc_trade.strategy.signal:generate_signals:176 - BTCUSDC in cooldown until 2024-11-11 02:00:00+00:00
2026-02-12 09:48:30.164 | DEBUG    | aivc_trade.strategy.signal:generate_signals:176 - BTCUSDC in cooldown until 2024-11-11 02:00:00+00:00
2026-02-12 09:48:30.170 | DEBUG    | aivc_trade.strategy.signal:generate_signals:176 - BTCUSDC in cooldown until 2024-11-11 02:00:00+00:00
2026-02-12 09:48:30.177 | DEBUG    | aivc_trade.strategy.signal:generate_signals:176 - BTCUSDC in cooldown until 2024-11-11 02:00:00+00:00
2026-02-12 09:48:30.183 | DEBUG    | aivc_trade.strategy.signal:generate_signals:176 - BTCUSDC in cooldown until 2024-11-11 02:00:00+00:00
2026-02-12 09:48:30.189 | DEBUG    | aivc_trade.strategy.signal:generate_signals:176 - BTCUSDC in cooldown until 2024-11-11 02:00:00+00:00
2026-02-12 09:48:38.722 | INFO     | aivc_trade.strategy.signal:generate_signals:217 - Signal: BTCUSDC score=0.1378 entry=95516.21 stop=94185.88
2026-02-12 09:48:38.724 | INFO     | aivc_trade.strategy.sizing:compute_qty:66 - Sizing: qty=0.08776, notional=8384.11, risk=1.34%, equity=8825.80
2026-02-12 09:48:38.751 | DEBUG    | aivc_trade.execution.position_manager:update_stop:55 - Trail updated: BTCUSDC trail=95218.24 (close=96625.57)
2026-02-12 09:48:38.757 | DEBUG    | aivc_trade.execution.position_manager:update_stop:55 - Trail updated: BTCUSDC trail=95298.42 (close=96603.97)
2026-02-12 09:48:38.763 | DEBUG    | aivc_trade.execution.position_manager:update_stop:55 - Trail updated: BTCUSDC trail=95359.83 (close=96629.23)
2026-02-12 09:48:38.769 | DEBUG    | aivc_trade.execution.position_manager:update_stop:55 - Trail updated: BTCUSDC trail=95555.52 (close=96754.21)
2026-02-12 09:48:38.780 | DEBUG    | aivc_trade.execution.position_manager:update_stop:55 - Trail updated: BTCUSDC trail=95610.29 (close=97165.36)
2026-02-12 09:48:38.851 | DEBUG    | aivc_trade.execution.position_manager:update_stop:55 - Trail updated: BTCUSDC trail=95648.09 (close=96974.87)
2026-02-12 09:48:38.909 | DEBUG    | aivc_trade.execution.position_manager:update_stop:55 - Trail updated: BTCUSDC trail=95803.55 (close=96950.30)
2026-02-12 09:48:38.915 | DEBUG    | aivc_trade.execution.position_manager:update_stop:55 - Trail updated: BTCUSDC trail=96164.43 (close=97452.00)
2026-02-12 09:48:38.921 | DEBUG    | aivc_trade.execution.position_manager:update_stop:55 - Trail updated: BTCUSDC trail=96342.21 (close=97801.50)
2026-02-12 09:48:38.928 | DEBUG    | aivc_trade.execution.position_manager:update_stop:55 - Trail updated: BTCUSDC trail=96543.29 (close=97966.09)
2026-02-12 09:48:38.933 | DEBUG    | aivc_trade.execution.position_manager:update_stop:55 - Trail updated: BTCUSDC trail=97012.84 (close=98484.02)
2026-02-12 09:48:38.939 | DEBUG    | aivc_trade.execution.position_manager:update_stop:55 - Trail updated: BTCUSDC trail=97116.05 (close=98556.40)
2026-02-12 09:48:38.976 | DEBUG    | aivc_trade.execution.position_manager:update_stop:55 - Trail updated: BTCUSDC trail=97175.04 (close=98267.99)
2026-02-12 09:48:39.206 | DEBUG    | aivc_trade.execution.position_manager:update_stop:55 - Trail updated: BTCUSDC trail=97261.22 (close=98266.12)
2026-02-12 09:48:39.223 | DEBUG    | aivc_trade.execution.position_manager:update_stop:55 - Trail updated: BTCUSDC trail=97326.48 (close=98349.19)
2026-02-12 09:48:39.234 | DEBUG    | aivc_trade.execution.position_manager:update_stop:55 - Trail updated: BTCUSDC trail=97499.83 (close=98728.84)
2026-02-12 09:48:39.239 | DEBUG    | aivc_trade.execution.position_manager:update_stop:55 - Trail updated: BTCUSDC trail=97511.14 (close=98786.99)
2026-02-12 09:48:39.245 | DEBUG    | aivc_trade.execution.position_manager:update_stop:55 - Trail updated: BTCUSDC trail=97740.52 (close=99003.16)
2026-02-12 09:48:39.251 | DEBUG    | aivc_trade.execution.position_manager:update_stop:55 - Trail updated: BTCUSDC trail=98185.02 (close=99430.45)
2026-02-12 09:48:39.257 | DEBUG    | aivc_trade.execution.position_manager:update_stop:55 - Trail updated: BTCUSDC trail=98334.61 (close=99577.76)
2026-02-12 09:48:39.310 | DEBUG    | aivc_trade.execution.position_manager:update_stop:55 - Trail updated: BTCUSDC trail=98740.29 (close=100728.03)
2026-02-12 09:48:39.316 | DEBUG    | aivc_trade.execution.position_manager:update_stop:55 - Trail updated: BTCUSDC trail=99755.93 (close=102147.00)
2026-02-12 09:48:39.322 | DEBUG    | aivc_trade.execution.position_manager:update_stop:55 - Trail updated: BTCUSDC trail=99835.99 (close=102164.00)
2026-02-12 09:48:39.344 | DEBUG    | aivc_trade.execution.position_manager:update_stop:55 - Trail updated: BTCUSDC trail=100242.50 (close=102174.71)
2026-02-12 09:48:39.361 | DEBUG    | aivc_trade.execution.position_manager:update_stop:55 - Trail updated: BTCUSDC trail=100578.80 (close=102282.76)
2026-02-12 09:48:39.399 | DEBUG    | aivc_trade.execution.position_manager:update_stop:55 - Trail updated: BTCUSDC trail=100683.45 (close=101832.23)
2026-02-12 09:48:39.410 | DEBUG    | aivc_trade.execution.position_manager:update_stop:55 - Trail updated: BTCUSDC trail=100796.73 (close=101892.39)
2026-02-12 09:48:39.432 | INFO     | aivc_trade.execution.position_manager:check_exit:86 - EXIT TRAILING_STOP: BTCUSDC close=100759.16 stop=100796.73
2026-02-12 09:48:55.733 | INFO     | aivc_trade.strategy.signal:generate_signals:217 - Signal: BTCUSDC score=-0.3367 entry=97823.25 stop=96466.11
2026-02-12 09:48:55.734 | INFO     | aivc_trade.strategy.sizing:compute_qty:66 - Sizing: qty=0.08991, notional=8795.29, risk=1.32%, equity=9258.47
2026-02-12 09:48:55.746 | DEBUG    | aivc_trade.execution.position_manager:update_stop:55 - Trail updated: BTCUSDC trail=97483.16 (close=99162.00)
2026-02-12 09:48:55.763 | DEBUG    | aivc_trade.execution.position_manager:update_stop:55 - Trail updated: BTCUSDC trail=97605.65 (close=99036.01)
2026-02-12 09:48:55.769 | DEBUG    | aivc_trade.execution.position_manager:update_stop:55 - Trail updated: BTCUSDC trail=97911.54 (close=99263.04)
2026-02-12 09:48:55.776 | DEBUG    | aivc_trade.execution.position_manager:update_stop:55 - Trail updated: BTCUSDC trail=98311.69 (close=99671.04)
2026-02-12 09:48:55.782 | DEBUG    | aivc_trade.execution.position_manager:update_stop:55 - Trail updated: BTCUSDC trail=98535.53 (close=99800.01)
2026-02-12 09:48:55.788 | DEBUG    | aivc_trade.execution.position_manager:update_stop:55 - Trail updated: BTCUSDC trail=98624.86 (close=99792.02)
2026-02-12 09:48:55.817 | DEBUG    | aivc_trade.execution.position_manager:update_stop:55 - Trail updated: BTCUSDC trail=99009.04 (close=100773.98)
2026-02-12 09:48:55.823 | DEBUG    | aivc_trade.execution.position_manager:update_stop:55 - Trail updated: BTCUSDC trail=99514.97 (close=101299.99)
2026-02-12 09:48:55.829 | INFO     | aivc_trade.execution.position_manager:check_exit:109 - EXIT REGIME: BTCUSDC regime=CHAOS
2026-02-12 09:48:55.843 | DEBUG    | aivc_trade.strategy.signal:generate_signals:176 - BTCUSDC in cooldown until 2025-05-09 01:00:00+00:00
2026-02-12 09:48:57.607 | INFO     | aivc_trade.strategy.signal:generate_signals:217 - Signal: BTCUSDC score=-0.1105 entry=107816.00 stop=106191.54
2026-02-12 09:48:57.609 | INFO     | aivc_trade.strategy.sizing:compute_qty:66 - Sizing: qty=0.08388000000000001, notional=9043.61, risk=1.43%, equity=9520.30
2026-02-12 09:48:57.657 | DEBUG    | aivc_trade.execution.position_manager:update_stop:55 - Trail updated: BTCUSDC trail=106825.11 (close=109068.01)
2026-02-12 09:48:57.674 | INFO     | aivc_trade.execution.position_manager:check_exit:86 - EXIT TRAILING_STOP: BTCUSDC close=106659.79 stop=106825.11
2026-02-12 09:49:00.353 | INFO     | aivc_trade.strategy.signal:generate_signals:217 - Signal: ETHUSDC score=0.0259 entry=2559.80 stop=2510.07
2026-02-12 09:49:00.355 | INFO     | aivc_trade.strategy.sizing:compute_qty:66 - Sizing: qty=3.487, notional=8926.34, risk=1.85%, equity=9396.33
2026-02-12 09:49:00.367 | DEBUG    | aivc_trade.execution.position_manager:update_stop:55 - Trail updated: ETHUSDC trail=2531.33 (close=2585.72)
2026-02-12 09:49:00.379 | DEBUG    | aivc_trade.execution.position_manager:update_stop:55 - Trail updated: ETHUSDC trail=2539.30 (close=2590.90)
2026-02-12 09:49:00.386 | DEBUG    | aivc_trade.execution.position_manager:update_stop:55 - Trail updated: ETHUSDC trail=2579.97 (close=2644.85)
2026-02-12 09:49:00.393 | DEBUG    | aivc_trade.execution.position_manager:update_stop:55 - Trail updated: ETHUSDC trail=2601.82 (close=2667.46)
2026-02-12 09:49:00.399 | DEBUG    | aivc_trade.execution.position_manager:update_stop:55 - Trail updated: ETHUSDC trail=2612.31 (close=2681.38)
2026-02-12 09:49:00.406 | DEBUG    | aivc_trade.execution.position_manager:update_stop:55 - Trail updated: ETHUSDC trail=2623.67 (close=2700.17)
2026-02-12 09:49:00.412 | DEBUG    | aivc_trade.execution.position_manager:update_stop:55 - Trail updated: ETHUSDC trail=2637.08 (close=2709.51)
2026-02-12 09:49:00.465 | DEBUG    | aivc_trade.execution.position_manager:update_stop:55 - Trail updated: ETHUSDC trail=2639.96 (close=2696.52)
2026-02-12 09:49:00.472 | DEBUG    | aivc_trade.execution.position_manager:update_stop:55 - Trail updated: ETHUSDC trail=2688.94 (close=2774.74)
2026-02-12 09:49:00.496 | INFO     | aivc_trade.execution.position_manager:check_exit:109 - EXIT REGIME: ETHUSDC regime=CHAOS
2026-02-12 09:49:00.510 | DEBUG    | aivc_trade.strategy.signal:generate_signals:176 - ETHUSDC in cooldown until 2025-06-10 23:00:00+00:00
2026-02-12 09:49:00.517 | DEBUG    | aivc_trade.strategy.signal:generate_signals:176 - ETHUSDC in cooldown until 2025-06-10 23:00:00+00:00
2026-02-12 09:49:00.523 | DEBUG    | aivc_trade.strategy.signal:generate_signals:176 - ETHUSDC in cooldown until 2025-06-10 23:00:00+00:00
2026-02-12 09:49:00.530 | DEBUG    | aivc_trade.strategy.signal:generate_signals:176 - ETHUSDC in cooldown until 2025-06-10 23:00:00+00:00
2026-02-12 09:49:00.536 | DEBUG    | aivc_trade.strategy.signal:generate_signals:176 - ETHUSDC in cooldown until 2025-06-10 23:00:00+00:00
2026-02-12 09:49:00.543 | DEBUG    | aivc_trade.strategy.signal:generate_signals:176 - ETHUSDC in cooldown until 2025-06-10 23:00:00+00:00
2026-02-12 09:49:02.527 | INFO     | aivc_trade.strategy.signal:generate_signals:217 - Signal: BTCUSDC score=0.0658 entry=106273.97 stop=104811.82
2026-02-12 09:49:02.529 | INFO     | aivc_trade.strategy.sizing:compute_qty:66 - Sizing: qty=0.08917000000000001, notional=9476.45, risk=1.31%, equity=9975.94
2026-02-12 09:49:03.461 | DEBUG    | aivc_trade.execution.position_manager:update_stop:55 - Trail updated: BTCUSDC trail=106017.32 (close=107184.25)
2026-02-12 09:49:03.468 | DEBUG    | aivc_trade.execution.position_manager:update_stop:55 - Trail updated: BTCUSDC trail=106109.53 (close=107238.01)
2026-02-12 09:49:03.474 | DEBUG    | aivc_trade.execution.position_manager:update_stop:55 - Trail updated: BTCUSDC trail=106191.99 (close=107290.01)
2026-02-12 09:49:03.480 | DEBUG    | aivc_trade.execution.position_manager:update_stop:55 - Trail updated: BTCUSDC trail=106717.28 (close=107996.01)
2026-02-12 09:49:04.775 | INFO     | aivc_trade.execution.position_manager:check_exit:86 - EXIT TRAILING_STOP: BTCUSDC close=106614.01 stop=106717.28
2026-02-12 09:49:33.573 | INFO     | aivc_trade.backtest.simulator:run:259 - Backtest done: 18 trades, final equity=9977.61
2026-02-12 09:49:35.329 | INFO     | __main__:main:206 - Backtest reports saved → data/backtest_results
2026-02-12 09:49:37.621 | INFO     | __main__:main:213 - Data/safety checks saved → data/backtest_results/data_quality_checks.csv , data/backtest_results/safety_checks.csv
2026-02-12 10:10:02.530 | INFO     | aivc_trade.execution.position_manager:check_exit:86 - EXIT STOP_LOSS: BTCUSDC close=47500.00 stop=48000.00
2026-02-12 10:10:02.549 | DEBUG    | aivc_trade.execution.position_manager:update_stop:55 - Trail updated: BTCUSDC trail=49500.00 (close=52000.00)
2026-02-12 10:10:02.550 | INFO     | aivc_trade.execution.position_manager:check_exit:86 - EXIT TRAILING_STOP: BTCUSDC close=49499.00 stop=49500.00
2026-02-12 10:10:02.558 | INFO     | aivc_trade.execution.position_manager:check_exit:132 - EXIT REGIME: BTCUSDC regime=CHAOS
2026-02-12 10:10:02.567 | INFO     | aivc_trade.execution.position_manager:check_exit:113 - EXIT TIMEOUT: BTCUSDC held 49.0h, MFE=500.00
2026-02-12 10:10:03.264 | INFO     | aivc_trade.backtest.simulator:run:262 - Backtest done: 0 trades, final equity=50000.00
2026-02-12 10:10:08.498 | INFO     | aivc_trade.strategy.sizing:compute_qty:66 - Sizing: qty=0.19, notional=9500.00, risk=3.80%, equity=10000.00
2026-02-12 10:10:08.507 | INFO     | aivc_trade.strategy.sizing:compute_qty:66 - Sizing: qty=0.19, notional=9500.00, risk=0.02%, equity=10000.00
2026-02-12 10:10:08.516 | WARNING  | aivc_trade.strategy.sizing:compute_qty:47 - stop_dist <= 0 – cannot size
2026-02-12 10:10:08.541 | INFO     | aivc_trade.execution.position_manager:check_exit:86 - EXIT STOP_LOSS: BTCUSDC close=47500.00 stop=48000.00
2026-02-12 10:10:08.558 | DEBUG    | aivc_trade.execution.position_manager:update_stop:55 - Trail updated: BTCUSDC trail=49500.00 (close=52000.00)
2026-02-12 10:10:08.558 | INFO     | aivc_trade.execution.position_manager:check_exit:86 - EXIT TRAILING_STOP: BTCUSDC close=49499.00 stop=49500.00
2026-02-12 10:10:08.566 | INFO     | aivc_trade.execution.position_manager:check_exit:132 - EXIT REGIME: BTCUSDC regime=CHAOS
2026-02-12 10:10:08.574 | INFO     | aivc_trade.execution.position_manager:check_exit:113 - EXIT TIMEOUT: BTCUSDC held 49.0h, MFE=500.00
2026-02-12 10:10:08.589 | WARNING  | aivc_trade.strategy.risk:check_equity:44 - CIRCUIT BREAKER: 24h loss -16.00% → halt until 2024-01-03 12:00:00+00:00
2026-02-12 10:10:08.605 | ERROR    | aivc_trade.strategy.risk:record_api_error:67 - API error streak = 5 → HALT
2026-02-12 10:10:08.623 | DEBUG    | aivc_trade.ops.persistence:save:29 - State saved → /tmp/tmpgqrrmv19/state.json
2026-02-12 10:10:08.624 | INFO     | aivc_trade.ops.persistence:load:33 - No state file found – starting fresh
2026-02-12 10:10:09.345 | INFO     | aivc_trade.backtest.simulator:run:262 - Backtest done: 0 trades, final equity=50000.00
2026-02-12 10:10:09.383 | DEBUG    | aivc_trade.data.candles_store:save:30 - Saved 50 rows → /tmp/tmpvcz29rii/BTCUSDC/1h.parquet
2026-02-12 10:10:09.406 | DEBUG    | aivc_trade.data.candles_store:load:37 - Loaded 50 rows ← /tmp/tmpvcz29rii/BTCUSDC/1h.parquet
2026-02-12 10:10:09.410 | DEBUG    | aivc_trade.data.candles_store:save:30 - Saved 50 rows → /tmp/tmp5yoreqqt/BTCUSDC/1h.parquet
2026-02-12 10:10:09.412 | DEBUG    | aivc_trade.data.candles_store:load:37 - Loaded 50 rows ← /tmp/tmp5yoreqqt/BTCUSDC/1h.parquet
2026-02-12 10:10:09.414 | DEBUG    | aivc_trade.data.candles_store:save:30 - Saved 50 rows → /tmp/tmp5yoreqqt/BTCUSDC/1h.parquet
2026-02-12 11:06:11.998 | INFO     | __main__:main:166 - ==================================================
2026-02-12 11:06:12.000 | INFO     | __main__:main:167 - AIVC Trade – Phase A Backtest
2026-02-12 11:06:12.001 | INFO     | __main__:main:168 - Period: 2023-03-13 → 2025-12-31
2026-02-12 11:06:12.001 | INFO     | __main__:main:169 - Initial equity: 50000.0
2026-02-12 11:06:12.001 | INFO     | __main__:main:170 - ==================================================
2026-02-12 11:06:12.088 | DEBUG    | aivc_trade.data.candles_store:load:37 - Loaded 24594 rows ← data/candles/BTCUSDC/1h.parquet
2026-02-12 11:06:12.098 | INFO     | __main__:_ensure_data:55 - Using cached 1h data for BTCUSDC (24594 rows)
2026-02-12 11:06:12.173 | DEBUG    | aivc_trade.data.candles_store:load:37 - Loaded 295107 rows ← data/candles/BTCUSDC/5m.parquet
2026-02-12 11:06:12.180 | INFO     | __main__:_ensure_data:78 - Using cached 5m data for BTCUSDC (295107 rows)
2026-02-12 11:06:12.213 | DEBUG    | aivc_trade.data.candles_store:load:37 - Loaded 24594 rows ← data/candles/ETHUSDC/1h.parquet
2026-02-12 11:06:12.217 | INFO     | __main__:_ensure_data:55 - Using cached 1h data for ETHUSDC (24594 rows)
2026-02-12 11:06:12.278 | DEBUG    | aivc_trade.data.candles_store:load:37 - Loaded 295107 rows ← data/candles/ETHUSDC/5m.parquet
2026-02-12 11:06:12.283 | INFO     | __main__:_ensure_data:78 - Using cached 5m data for ETHUSDC (295107 rows)
2026-02-12 11:06:16.535 | INFO     | aivc_trade.strategy.signal:generate_signals:251 - Signal: BTCUSDC score=0.0189 entry=29704.54 stop=29236.67
2026-02-12 11:06:16.537 | INFO     | aivc_trade.strategy.sizing:compute_qty:66 - Sizing: qty=1.5992600000000001, notional=47499.86, risk=1.49%, equity=50000.00
2026-02-12 11:06:16.590 | INFO     | aivc_trade.execution.position_manager:check_exit:86 - EXIT STOP_LOSS: BTCUSDC close=29128.63 stop=29236.67
2026-02-12 11:06:34.262 | INFO     | aivc_trade.strategy.signal:generate_signals:251 - Signal: BTCUSDC score=-0.0149 entry=34495.81 stop=33746.14
2026-02-12 11:06:34.264 | INFO     | aivc_trade.strategy.sizing:compute_qty:66 - Sizing: qty=1.34759, notional=46483.35, risk=2.06%, equity=48929.98
2026-02-12 11:06:34.363 | INFO     | aivc_trade.execution.position_manager:check_exit:124 - EXIT TIMEOUT: BTCUSDC held 24.0h, close=34175.94 near breakeven
2026-02-12 11:06:35.885 | INFO     | aivc_trade.strategy.signal:generate_signals:251 - Signal: BTCUSDC score=-0.1270 entry=37388.10 stop=36719.36
2026-02-12 11:06:35.887 | INFO     | aivc_trade.strategy.sizing:compute_qty:66 - Sizing: qty=1.2289400000000001, notional=45947.55, risk=1.70%, equity=48366.14
2026-02-12 11:06:35.987 | INFO     | aivc_trade.execution.position_manager:check_exit:113 - EXIT TIMEOUT: BTCUSDC held 24.0h, MFE=0.00
2026-02-12 11:06:37.079 | INFO     | aivc_trade.strategy.signal:generate_signals:251 - Signal: ETHUSDC score=0.0672 entry=2030.49 stop=1993.04
2026-02-12 11:06:37.081 | INFO     | aivc_trade.strategy.sizing:compute_qty:66 - Sizing: qty=22.4134, notional=45543.36, risk=1.82%, equity=47940.42
2026-02-12 11:06:37.103 | DEBUG    | aivc_trade.execution.position_manager:update_stop:55 - Trail updated: ETHUSDC trail=2013.90 (close=2062.19)
2026-02-12 11:06:37.110 | DEBUG    | aivc_trade.execution.position_manager:update_stop:55 - Trail updated: ETHUSDC trail=2027.09 (close=2077.12)
2026-02-12 11:06:37.115 | DEBUG    | aivc_trade.execution.position_manager:update_stop:55 - Trail updated: ETHUSDC trail=2029.33 (close=2075.59)
2026-02-12 11:06:37.119 | DEBUG    | aivc_trade.execution.position_manager:update_stop:55 - Trail updated: ETHUSDC trail=2034.48 (close=2081.70)
2026-02-12 11:06:37.162 | DEBUG    | aivc_trade.execution.position_manager:update_stop:55 - Trail updated: ETHUSDC trail=2036.06 (close=2066.19)
2026-02-12 11:06:37.166 | DEBUG    | aivc_trade.execution.position_manager:update_stop:55 - Trail updated: ETHUSDC trail=2049.26 (close=2081.72)
2026-02-12 11:06:37.171 | DEBUG    | aivc_trade.execution.position_manager:update_stop:55 - Trail updated: ETHUSDC trail=2055.83 (close=2088.10)
2026-02-12 11:06:37.188 | INFO     | aivc_trade.execution.position_manager:check_exit:86 - EXIT TRAILING_STOP: ETHUSDC close=2054.01 stop=2055.83
2026-02-12 11:06:37.189 | DEBUG    | aivc_trade.strategy.signal:generate_signals:208 - ETHUSDC in cooldown until 2023-11-23 19:00:00+00:00
2026-02-12 11:06:37.194 | DEBUG    | aivc_trade.strategy.signal:generate_signals:208 - ETHUSDC in cooldown until 2023-11-23 19:00:00+00:00
2026-02-12 11:06:44.128 | INFO     | aivc_trade.strategy.signal:generate_signals:251 - Signal: BTCUSDC score=0.1601 entry=43440.49 stop=42827.47
2026-02-12 11:06:44.129 | INFO     | aivc_trade.strategy.sizing:compute_qty:66 - Sizing: qty=1.0554100000000002, notional=45847.53, risk=1.34%, equity=48260.56
2026-02-12 11:06:44.224 | INFO     | aivc_trade.execution.position_manager:check_exit:132 - EXIT REGIME: BTCUSDC regime=CHAOS
2026-02-12 11:06:45.991 | INFO     | aivc_trade.strategy.signal:generate_signals:251 - Signal: BTCUSDC score=0.0667 entry=52650.20 stop=51757.36
2026-02-12 11:06:45.993 | INFO     | aivc_trade.strategy.sizing:compute_qty:66 - Sizing: qty=0.8589700000000001, notional=45219.63, risk=1.60%, equity=47599.94
2026-02-12 11:06:46.023 | INFO     | aivc_trade.execution.position_manager:check_exit:86 - EXIT STOP_LOSS: BTCUSDC close=51738.08 stop=51757.36
2026-02-12 11:06:56.776 | INFO     | aivc_trade.strategy.signal:generate_signals:251 - Signal: ETHUSDC score=0.0408 entry=3811.80 stop=3729.05
2026-02-12 11:06:56.778 | INFO     | aivc_trade.strategy.sizing:compute_qty:66 - Sizing: qty=11.6341, notional=44348.14, risk=2.06%, equity=46682.30
2026-02-12 11:06:56.797 | DEBUG    | aivc_trade.execution.position_manager:update_stop:55 - Trail updated: ETHUSDC trail=3801.46 (close=3916.85)
2026-02-12 11:06:56.806 | INFO     | aivc_trade.execution.position_manager:check_exit:86 - EXIT TRAILING_STOP: ETHUSDC close=3781.60 stop=3801.46
2026-02-12 11:07:16.437 | INFO     | aivc_trade.strategy.signal:generate_signals:251 - Signal: BTCUSDC score=-0.0145 entry=67887.63 stop=66777.67
2026-02-12 11:07:16.438 | INFO     | aivc_trade.strategy.sizing:compute_qty:66 - Sizing: qty=0.6460100000000001, notional=43856.09, risk=1.55%, equity=46164.97
2026-02-12 11:07:16.575 | INFO     | aivc_trade.execution.position_manager:check_exit:113 - EXIT TIMEOUT: BTCUSDC held 24.0h, MFE=48.83
2026-02-12 11:07:17.547 | INFO     | aivc_trade.strategy.signal:generate_signals:251 - Signal: BTCUSDC score=-0.0628 entry=68284.73 stop=67369.97
2026-02-12 11:07:17.549 | INFO     | aivc_trade.strategy.sizing:compute_qty:66 - Sizing: qty=0.6311500000000001, notional=43097.91, risk=1.27%, equity=45366.85
2026-02-12 11:07:17.663 | INFO     | aivc_trade.execution.position_manager:check_exit:86 - EXIT STOP_LOSS: BTCUSDC close=66786.02 stop=67369.97
2026-02-12 11:07:19.544 | INFO     | aivc_trade.strategy.signal:generate_signals:251 - Signal: BTCUSDC score=0.1596 entry=76896.02 stop=75620.86
2026-02-12 11:07:19.545 | INFO     | aivc_trade.strategy.sizing:compute_qty:66 - Sizing: qty=0.54732, notional=42077.99, risk=1.56%, equity=44293.06
2026-02-12 11:07:19.679 | INFO     | aivc_trade.execution.position_manager:check_exit:113 - EXIT TIMEOUT: BTCUSDC held 24.0h, MFE=129.94
2026-02-12 11:07:45.574 | INFO     | aivc_trade.strategy.signal:generate_signals:251 - Signal: BTCUSDC score=-0.3367 entry=97823.25 stop=96466.11
2026-02-12 11:07:45.576 | INFO     | aivc_trade.strategy.sizing:compute_qty:66 - Sizing: qty=0.42634000000000005, notional=41705.97, risk=1.32%, equity=43901.09
2026-02-12 11:07:45.588 | DEBUG    | aivc_trade.execution.position_manager:update_stop:55 - Trail updated: BTCUSDC trail=97483.16 (close=99162.00)
2026-02-12 11:07:45.606 | DEBUG    | aivc_trade.execution.position_manager:update_stop:55 - Trail updated: BTCUSDC trail=97605.65 (close=99036.01)
2026-02-12 11:07:45.612 | DEBUG    | aivc_trade.execution.position_manager:update_stop:55 - Trail updated: BTCUSDC trail=97911.54 (close=99263.04)
2026-02-12 11:07:45.619 | DEBUG    | aivc_trade.execution.position_manager:update_stop:55 - Trail updated: BTCUSDC trail=98311.69 (close=99671.04)
2026-02-12 11:07:45.625 | DEBUG    | aivc_trade.execution.position_manager:update_stop:55 - Trail updated: BTCUSDC trail=98535.53 (close=99800.01)
2026-02-12 11:07:45.631 | DEBUG    | aivc_trade.execution.position_manager:update_stop:55 - Trail updated: BTCUSDC trail=98624.86 (close=99792.02)
2026-02-12 11:07:45.660 | DEBUG    | aivc_trade.execution.position_manager:update_stop:55 - Trail updated: BTCUSDC trail=99009.04 (close=100773.98)
2026-02-12 11:07:45.666 | DEBUG    | aivc_trade.execution.position_manager:update_stop:55 - Trail updated: BTCUSDC trail=99514.97 (close=101299.99)
2026-02-12 11:07:45.672 | INFO     | aivc_trade.execution.position_manager:check_exit:132 - EXIT REGIME: BTCUSDC regime=CHAOS
2026-02-12 11:07:45.685 | DEBUG    | aivc_trade.strategy.signal:generate_signals:208 - BTCUSDC in cooldown until 2025-05-09 01:00:00+00:00
2026-02-12 11:07:47.519 | INFO     | aivc_trade.strategy.signal:generate_signals:251 - Signal: BTCUSDC score=-0.1105 entry=107816.00 stop=106191.54
2026-02-12 11:07:47.520 | INFO     | aivc_trade.strategy.sizing:compute_qty:66 - Sizing: qty=0.39776000000000006, notional=42884.90, risk=1.43%, equity=45142.68
2026-02-12 11:07:47.571 | DEBUG    | aivc_trade.execution.position_manager:update_stop:55 - Trail updated: BTCUSDC trail=106825.11 (close=109068.01)
2026-02-12 11:07:47.590 | INFO     | aivc_trade.execution.position_manager:check_exit:86 - EXIT TRAILING_STOP: BTCUSDC close=106659.79 stop=106825.11
2026-02-12 11:08:23.128 | INFO     | aivc_trade.backtest.simulator:run:262 - Backtest done: 12 trades, final equity=44554.81
2026-02-12 11:08:23.919 | INFO     | __main__:main:206 - Backtest reports saved → data/backtest_results
2026-02-12 11:08:25.114 | INFO     | __main__:main:213 - Data/safety checks saved → data/backtest_results/data_quality_checks.csv , data/backtest_results/safety_checks.csv
2026-02-12 11:09:26.474 | INFO     | __main__:main:166 - ==================================================
2026-02-12 11:09:26.476 | INFO     | __main__:main:167 - AIVC Trade – Phase A Backtest
2026-02-12 11:09:26.476 | INFO     | __main__:main:168 - Period: 2023-03-13 → 2025-12-31
2026-02-12 11:09:26.477 | INFO     | __main__:main:169 - Initial equity: 10000.0
2026-02-12 11:09:26.477 | INFO     | __main__:main:170 - ==================================================
2026-02-12 11:09:26.524 | DEBUG    | aivc_trade.data.candles_store:load:37 - Loaded 24594 rows ← data/candles/BTCUSDC/1h.parquet
2026-02-12 11:09:26.530 | INFO     | __main__:_ensure_data:55 - Using cached 1h data for BTCUSDC (24594 rows)
2026-02-12 11:09:26.596 | DEBUG    | aivc_trade.data.candles_store:load:37 - Loaded 295107 rows ← data/candles/BTCUSDC/5m.parquet
2026-02-12 11:09:26.603 | INFO     | __main__:_ensure_data:78 - Using cached 5m data for BTCUSDC (295107 rows)
2026-02-12 11:09:26.633 | DEBUG    | aivc_trade.data.candles_store:load:37 - Loaded 24594 rows ← data/candles/ETHUSDC/1h.parquet
2026-02-12 11:09:26.637 | INFO     | __main__:_ensure_data:55 - Using cached 1h data for ETHUSDC (24594 rows)
2026-02-12 11:09:26.693 | DEBUG    | aivc_trade.data.candles_store:load:37 - Loaded 295107 rows ← data/candles/ETHUSDC/5m.parquet
2026-02-12 11:09:26.698 | INFO     | __main__:_ensure_data:78 - Using cached 5m data for ETHUSDC (295107 rows)
2026-02-12 11:09:31.010 | INFO     | aivc_trade.strategy.signal:generate_signals:251 - Signal: BTCUSDC score=0.0189 entry=29704.54 stop=29236.67
2026-02-12 11:09:31.012 | INFO     | aivc_trade.strategy.sizing:compute_qty:66 - Sizing: qty=0.31985, notional=9499.91, risk=1.49%, equity=10000.00
2026-02-12 11:09:31.058 | INFO     | aivc_trade.execution.position_manager:check_exit:86 - EXIT STOP_LOSS: BTCUSDC close=29128.63 stop=29236.67
2026-02-12 11:09:48.828 | INFO     | aivc_trade.strategy.signal:generate_signals:251 - Signal: BTCUSDC score=-0.0149 entry=34495.81 stop=33746.14
2026-02-12 11:09:48.830 | INFO     | aivc_trade.strategy.sizing:compute_qty:66 - Sizing: qty=0.26951, notional=9296.39, risk=2.06%, equity=9786.00
2026-02-12 11:09:48.934 | INFO     | aivc_trade.execution.position_manager:check_exit:124 - EXIT TIMEOUT: BTCUSDC held 24.0h, close=34175.94 near breakeven
2026-02-12 11:09:50.470 | INFO     | aivc_trade.strategy.signal:generate_signals:251 - Signal: BTCUSDC score=-0.1270 entry=37388.10 stop=36719.36
2026-02-12 11:09:50.472 | INFO     | aivc_trade.strategy.sizing:compute_qty:66 - Sizing: qty=0.24578000000000003, notional=9189.21, risk=1.70%, equity=9673.23
2026-02-12 11:09:50.570 | INFO     | aivc_trade.execution.position_manager:check_exit:113 - EXIT TIMEOUT: BTCUSDC held 24.0h, MFE=0.00
2026-02-12 11:09:51.671 | INFO     | aivc_trade.strategy.signal:generate_signals:251 - Signal: ETHUSDC score=0.0672 entry=2030.49 stop=1993.04
2026-02-12 11:09:51.673 | INFO     | aivc_trade.strategy.sizing:compute_qty:66 - Sizing: qty=4.482600000000001, notional=9108.51, risk=1.82%, equity=9588.09
2026-02-12 11:09:51.700 | DEBUG    | aivc_trade.execution.position_manager:update_stop:55 - Trail updated: ETHUSDC trail=2013.90 (close=2062.19)
2026-02-12 11:09:51.705 | DEBUG    | aivc_trade.execution.position_manager:update_stop:55 - Trail updated: ETHUSDC trail=2027.09 (close=2077.12)
2026-02-12 11:09:51.709 | DEBUG    | aivc_trade.execution.position_manager:update_stop:55 - Trail updated: ETHUSDC trail=2029.33 (close=2075.59)
2026-02-12 11:09:51.714 | DEBUG    | aivc_trade.execution.position_manager:update_stop:55 - Trail updated: ETHUSDC trail=2034.48 (close=2081.70)
2026-02-12 11:09:51.756 | DEBUG    | aivc_trade.execution.position_manager:update_stop:55 - Trail updated: ETHUSDC trail=2036.06 (close=2066.19)
2026-02-12 11:09:51.761 | DEBUG    | aivc_trade.execution.position_manager:update_stop:55 - Trail updated: ETHUSDC trail=2049.26 (close=2081.72)
2026-02-12 11:09:51.765 | DEBUG    | aivc_trade.execution.position_manager:update_stop:55 - Trail updated: ETHUSDC trail=2055.83 (close=2088.10)
2026-02-12 11:09:51.782 | INFO     | aivc_trade.execution.position_manager:check_exit:86 - EXIT TRAILING_STOP: ETHUSDC close=2054.01 stop=2055.83
2026-02-12 11:09:51.784 | DEBUG    | aivc_trade.strategy.signal:generate_signals:208 - ETHUSDC in cooldown until 2023-11-23 19:00:00+00:00
2026-02-12 11:09:51.788 | DEBUG    | aivc_trade.strategy.signal:generate_signals:208 - ETHUSDC in cooldown until 2023-11-23 19:00:00+00:00
2026-02-12 11:09:58.813 | INFO     | aivc_trade.strategy.signal:generate_signals:251 - Signal: BTCUSDC score=0.1601 entry=43440.49 stop=42827.47
2026-02-12 11:09:58.815 | INFO     | aivc_trade.strategy.sizing:compute_qty:66 - Sizing: qty=0.21108000000000002, notional=9169.42, risk=1.34%, equity=9652.12
2026-02-12 11:09:58.912 | INFO     | aivc_trade.execution.position_manager:check_exit:132 - EXIT REGIME: BTCUSDC regime=CHAOS
2026-02-12 11:10:00.643 | INFO     | aivc_trade.strategy.signal:generate_signals:251 - Signal: BTCUSDC score=0.0667 entry=52650.20 stop=51757.36
2026-02-12 11:10:00.645 | INFO     | aivc_trade.strategy.sizing:compute_qty:66 - Sizing: qty=0.17179000000000003, notional=9043.71, risk=1.60%, equity=9520.00
2026-02-12 11:10:00.674 | INFO     | aivc_trade.execution.position_manager:check_exit:86 - EXIT STOP_LOSS: BTCUSDC close=51738.08 stop=51757.36
2026-02-12 11:10:11.543 | INFO     | aivc_trade.strategy.signal:generate_signals:251 - Signal: ETHUSDC score=0.0408 entry=3811.80 stop=3729.05
2026-02-12 11:10:11.545 | INFO     | aivc_trade.strategy.sizing:compute_qty:66 - Sizing: qty=2.3268, notional=8869.55, risk=2.06%, equity=9336.47
2026-02-12 11:10:11.565 | DEBUG    | aivc_trade.execution.position_manager:update_stop:55 - Trail updated: ETHUSDC trail=3801.46 (close=3916.85)
2026-02-12 11:10:11.576 | INFO     | aivc_trade.execution.position_manager:check_exit:86 - EXIT TRAILING_STOP: ETHUSDC close=3781.60 stop=3801.46
2026-02-12 11:10:31.057 | INFO     | aivc_trade.strategy.signal:generate_signals:251 - Signal: BTCUSDC score=-0.0145 entry=67887.63 stop=66777.67
2026-02-12 11:10:31.059 | INFO     | aivc_trade.strategy.sizing:compute_qty:66 - Sizing: qty=0.1292, notional=8771.08, risk=1.55%, equity=9233.01
2026-02-12 11:10:31.184 | INFO     | aivc_trade.execution.position_manager:check_exit:113 - EXIT TIMEOUT: BTCUSDC held 24.0h, MFE=48.83
2026-02-12 11:10:32.145 | INFO     | aivc_trade.strategy.signal:generate_signals:251 - Signal: BTCUSDC score=-0.0628 entry=68284.73 stop=67369.97
2026-02-12 11:10:32.146 | INFO     | aivc_trade.strategy.sizing:compute_qty:66 - Sizing: qty=0.12623, notional=8619.58, risk=1.27%, equity=9073.38
2026-02-12 11:10:32.271 | INFO     | aivc_trade.execution.position_manager:check_exit:86 - EXIT STOP_LOSS: BTCUSDC close=66786.02 stop=67369.97
2026-02-12 11:10:34.107 | INFO     | aivc_trade.strategy.signal:generate_signals:251 - Signal: BTCUSDC score=0.1596 entry=76896.02 stop=75620.86
2026-02-12 11:10:34.109 | INFO     | aivc_trade.strategy.sizing:compute_qty:66 - Sizing: qty=0.10946000000000002, notional=8415.29, risk=1.56%, equity=8858.63
2026-02-12 11:10:34.247 | INFO     | aivc_trade.execution.position_manager:check_exit:113 - EXIT TIMEOUT: BTCUSDC held 24.0h, MFE=129.94
2026-02-12 11:11:00.351 | INFO     | aivc_trade.strategy.signal:generate_signals:251 - Signal: BTCUSDC score=-0.3367 entry=97823.25 stop=96466.11
2026-02-12 11:11:00.352 | INFO     | aivc_trade.strategy.sizing:compute_qty:66 - Sizing: qty=0.08526, notional=8340.41, risk=1.32%, equity=8780.24
2026-02-12 11:11:00.365 | DEBUG    | aivc_trade.execution.position_manager:update_stop:55 - Trail updated: BTCUSDC trail=97483.16 (close=99162.00)
2026-02-12 11:11:00.385 | DEBUG    | aivc_trade.execution.position_manager:update_stop:55 - Trail updated: BTCUSDC trail=97605.65 (close=99036.01)
2026-02-12 11:11:00.392 | DEBUG    | aivc_trade.execution.position_manager:update_stop:55 - Trail updated: BTCUSDC trail=97911.54 (close=99263.04)
2026-02-12 11:11:00.398 | DEBUG    | aivc_trade.execution.position_manager:update_stop:55 - Trail updated: BTCUSDC trail=98311.69 (close=99671.04)
2026-02-12 11:11:00.404 | DEBUG    | aivc_trade.execution.position_manager:update_stop:55 - Trail updated: BTCUSDC trail=98535.53 (close=99800.01)
2026-02-12 11:11:00.410 | DEBUG    | aivc_trade.execution.position_manager:update_stop:55 - Trail updated: BTCUSDC trail=98624.86 (close=99792.02)
2026-02-12 11:11:00.442 | DEBUG    | aivc_trade.execution.position_manager:update_stop:55 - Trail updated: BTCUSDC trail=99009.04 (close=100773.98)
2026-02-12 11:11:00.450 | DEBUG    | aivc_trade.execution.position_manager:update_stop:55 - Trail updated: BTCUSDC trail=99514.97 (close=101299.99)
2026-02-12 11:11:00.456 | INFO     | aivc_trade.execution.position_manager:check_exit:132 - EXIT REGIME: BTCUSDC regime=CHAOS
2026-02-12 11:11:00.469 | DEBUG    | aivc_trade.strategy.signal:generate_signals:208 - BTCUSDC in cooldown until 2025-05-09 01:00:00+00:00
2026-02-12 11:11:02.285 | INFO     | aivc_trade.strategy.signal:generate_signals:251 - Signal: BTCUSDC score=-0.1105 entry=107816.00 stop=106191.54
2026-02-12 11:11:02.287 | INFO     | aivc_trade.strategy.sizing:compute_qty:66 - Sizing: qty=0.07955000000000001, notional=8576.76, risk=1.43%, equity=9028.53
2026-02-12 11:11:02.338 | DEBUG    | aivc_trade.execution.position_manager:update_stop:55 - Trail updated: BTCUSDC trail=106825.11 (close=109068.01)
2026-02-12 11:11:02.360 | INFO     | aivc_trade.execution.position_manager:check_exit:86 - EXIT TRAILING_STOP: BTCUSDC close=106659.79 stop=106825.11
2026-02-12 11:11:38.172 | INFO     | aivc_trade.backtest.simulator:run:262 - Backtest done: 12 trades, final equity=8910.96
2026-02-12 11:11:38.977 | INFO     | __main__:main:206 - Backtest reports saved → data/backtest_results
2026-02-12 11:11:40.212 | INFO     | __main__:main:213 - Data/safety checks saved → data/backtest_results/data_quality_checks.csv , data/backtest_results/safety_checks.csv
2026-02-12 11:26:57.989 | INFO     | aivc_trade.execution.position_manager:check_exit:86 - EXIT STOP_LOSS: BTCUSDC close=47500.00 stop=48000.00
2026-02-12 11:26:58.008 | DEBUG    | aivc_trade.execution.position_manager:update_stop:55 - Trail updated: BTCUSDC trail=49500.00 (close=52000.00)
2026-02-12 11:26:58.009 | INFO     | aivc_trade.execution.position_manager:check_exit:86 - EXIT TRAILING_STOP: BTCUSDC close=49499.00 stop=49500.00
2026-02-12 11:26:58.017 | INFO     | aivc_trade.execution.position_manager:check_exit:109 - EXIT REGIME: BTCUSDC regime=CHAOS
2026-02-12 11:26:58.025 | INFO     | aivc_trade.execution.position_manager:check_exit:101 - EXIT TIMEOUT: BTCUSDC held 49.0h, MFE=500.00
2026-02-12 11:26:58.804 | INFO     | aivc_trade.backtest.simulator:run:259 - Backtest done: 0 trades, final equity=10000.00
2026-02-12 11:27:29.198 | INFO     | __main__:main:166 - ==================================================
2026-02-12 11:27:29.200 | INFO     | __main__:main:167 - AIVC Trade – Phase A Backtest
2026-02-12 11:27:29.200 | INFO     | __main__:main:168 - Period: 2023-03-13 → 2025-12-31
2026-02-12 11:27:29.201 | INFO     | __main__:main:169 - Initial equity: 10000.0
2026-02-12 11:27:29.201 | INFO     | __main__:main:170 - ==================================================
2026-02-12 11:27:29.295 | DEBUG    | aivc_trade.data.candles_store:load:37 - Loaded 24594 rows ← data/candles/BTCUSDC/1h.parquet
2026-02-12 11:27:29.303 | INFO     | __main__:_ensure_data:55 - Using cached 1h data for BTCUSDC (24594 rows)
2026-02-12 11:27:29.383 | DEBUG    | aivc_trade.data.candles_store:load:37 - Loaded 295107 rows ← data/candles/BTCUSDC/5m.parquet
2026-02-12 11:27:29.392 | INFO     | __main__:_ensure_data:78 - Using cached 5m data for BTCUSDC (295107 rows)
2026-02-12 11:27:29.432 | DEBUG    | aivc_trade.data.candles_store:load:37 - Loaded 24594 rows ← data/candles/ETHUSDC/1h.parquet
2026-02-12 11:27:29.437 | INFO     | __main__:_ensure_data:55 - Using cached 1h data for ETHUSDC (24594 rows)
2026-02-12 11:27:29.498 | DEBUG    | aivc_trade.data.candles_store:load:37 - Loaded 295107 rows ← data/candles/ETHUSDC/5m.parquet
2026-02-12 11:27:29.505 | INFO     | __main__:_ensure_data:78 - Using cached 5m data for ETHUSDC (295107 rows)
2026-02-12 11:27:32.099 | INFO     | aivc_trade.strategy.signal:generate_signals:215 - Signal: BTCUSDC score=-0.0619 entry=30772.51 stop=30358.27
2026-02-12 11:27:32.101 | INFO     | aivc_trade.strategy.sizing:compute_qty:66 - Sizing: qty=0.30871000000000004, notional=9499.78, risk=1.28%, equity=10000.00
2026-02-12 11:27:32.127 | DEBUG    | aivc_trade.execution.position_manager:update_stop:55 - Trail updated: BTCUSDC trail=30489.84 (close=30975.80)
2026-02-12 11:27:32.159 | INFO     | aivc_trade.execution.position_manager:check_exit:86 - EXIT TRAILING_STOP: BTCUSDC close=30266.69 stop=30489.84
2026-02-12 11:27:34.158 | INFO     | aivc_trade.strategy.signal:generate_signals:215 - Signal: BTCUSDC score=0.0189 entry=29704.54 stop=29236.67
2026-02-12 11:27:34.160 | INFO     | aivc_trade.strategy.sizing:compute_qty:66 - Sizing: qty=0.31389, notional=9322.89, risk=1.49%, equity=9813.71
2026-02-12 11:27:34.204 | INFO     | aivc_trade.execution.position_manager:check_exit:86 - EXIT STOP_LOSS: BTCUSDC close=29128.63 stop=29236.67
2026-02-12 11:27:49.031 | INFO     | aivc_trade.strategy.signal:generate_signals:215 - Signal: BTCUSDC score=-0.0654 entry=26518.41 stop=26163.03
2026-02-12 11:27:49.034 | INFO     | aivc_trade.strategy.sizing:compute_qty:66 - Sizing: qty=0.34405, notional=9123.25, risk=1.27%, equity=9603.69
2026-02-12 11:27:49.096 | DEBUG    | aivc_trade.execution.position_manager:update_stop:55 - Trail updated: BTCUSDC trail=26314.11 (close=26732.33)
2026-02-12 11:27:49.188 | INFO     | aivc_trade.execution.position_manager:check_exit:109 - EXIT REGIME: BTCUSDC regime=CHAOS
2026-02-12 11:27:53.423 | INFO     | aivc_trade.strategy.signal:generate_signals:215 - Signal: BTCUSDC score=-0.0149 entry=34495.81 stop=33746.14
2026-02-12 11:27:53.425 | INFO     | aivc_trade.strategy.sizing:compute_qty:66 - Sizing: qty=0.26230000000000003, notional=9047.69, risk=2.06%, equity=9523.95
2026-02-12 11:27:53.434 | DEBUG    | aivc_trade.execution.position_manager:update_stop:55 - Trail updated: BTCUSDC trail=33950.58 (close=34852.47)
2026-02-12 11:27:53.551 | INFO     | aivc_trade.execution.position_manager:check_exit:86 - EXIT TRAILING_STOP: BTCUSDC close=33767.74 stop=33950.58
2026-02-12 11:27:55.173 | INFO     | aivc_trade.strategy.signal:generate_signals:215 - Signal: BTCUSDC score=-0.1270 entry=37388.10 stop=36719.36
2026-02-12 11:27:55.175 | INFO     | aivc_trade.strategy.sizing:compute_qty:66 - Sizing: qty=0.23641, notional=8838.89, risk=1.70%, equity=9304.41
2026-02-12 11:27:55.387 | INFO     | aivc_trade.execution.position_manager:check_exit:101 - EXIT TIMEOUT: BTCUSDC held 48.0h, MFE=0.00
2026-02-12 11:27:56.503 | INFO     | aivc_trade.strategy.signal:generate_signals:215 - Signal: ETHUSDC score=0.0672 entry=2030.49 stop=1993.04
2026-02-12 11:27:56.505 | INFO     | aivc_trade.strategy.sizing:compute_qty:66 - Sizing: qty=4.3093, notional=8756.37, risk=1.82%, equity=9217.30
2026-02-12 11:27:56.528 | DEBUG    | aivc_trade.execution.position_manager:update_stop:55 - Trail updated: ETHUSDC trail=2013.90 (close=2062.19)
2026-02-12 11:27:56.533 | DEBUG    | aivc_trade.execution.position_manager:update_stop:55 - Trail updated: ETHUSDC trail=2027.09 (close=2077.12)
2026-02-12 11:27:56.537 | DEBUG    | aivc_trade.execution.position_manager:update_stop:55 - Trail updated: ETHUSDC trail=2029.33 (close=2075.59)
2026-02-12 11:27:56.542 | DEBUG    | aivc_trade.execution.position_manager:update_stop:55 - Trail updated: ETHUSDC trail=2034.48 (close=2081.70)
2026-02-12 11:27:56.587 | DEBUG    | aivc_trade.execution.position_manager:update_stop:55 - Trail updated: ETHUSDC trail=2036.06 (close=2066.19)
2026-02-12 11:27:56.592 | DEBUG    | aivc_trade.execution.position_manager:update_stop:55 - Trail updated: ETHUSDC trail=2049.26 (close=2081.72)
2026-02-12 11:27:56.597 | DEBUG    | aivc_trade.execution.position_manager:update_stop:55 - Trail updated: ETHUSDC trail=2055.83 (close=2088.10)
2026-02-12 11:27:56.615 | INFO     | aivc_trade.execution.position_manager:check_exit:86 - EXIT TRAILING_STOP: ETHUSDC close=2054.01 stop=2055.83
2026-02-12 11:27:56.617 | DEBUG    | aivc_trade.strategy.signal:generate_signals:174 - ETHUSDC in cooldown until 2023-11-23 19:00:00+00:00
2026-02-12 11:27:56.622 | DEBUG    | aivc_trade.strategy.signal:generate_signals:174 - ETHUSDC in cooldown until 2023-11-23 19:00:00+00:00
2026-02-12 11:28:04.324 | INFO     | aivc_trade.strategy.signal:generate_signals:215 - Signal: BTCUSDC score=0.1601 entry=43440.49 stop=42827.47
2026-02-12 11:28:04.326 | INFO     | aivc_trade.strategy.sizing:compute_qty:66 - Sizing: qty=0.20291, notional=8814.51, risk=1.34%, equity=9278.85
2026-02-12 11:28:04.433 | INFO     | aivc_trade.execution.position_manager:check_exit:109 - EXIT REGIME: BTCUSDC regime=CHAOS
2026-02-12 11:28:06.292 | INFO     | aivc_trade.strategy.signal:generate_signals:215 - Signal: BTCUSDC score=0.0667 entry=52650.20 stop=51757.36
2026-02-12 11:28:06.294 | INFO     | aivc_trade.strategy.sizing:compute_qty:66 - Sizing: qty=0.16515000000000002, notional=8694.16, risk=1.60%, equity=9151.84
2026-02-12 11:28:06.330 | INFO     | aivc_trade.execution.position_manager:check_exit:86 - EXIT STOP_LOSS: BTCUSDC close=51738.08 stop=51757.36
2026-02-12 11:28:20.820 | INFO     | aivc_trade.strategy.signal:generate_signals:215 - Signal: ETHUSDC score=0.0408 entry=3811.80 stop=3729.05
2026-02-12 11:28:20.822 | INFO     | aivc_trade.strategy.sizing:compute_qty:66 - Sizing: qty=2.2368, notional=8526.48, risk=2.06%, equity=8975.41
2026-02-12 11:28:20.847 | DEBUG    | aivc_trade.execution.position_manager:update_stop:55 - Trail updated: ETHUSDC trail=3801.46 (close=3916.85)
2026-02-12 11:28:20.862 | INFO     | aivc_trade.execution.position_manager:check_exit:86 - EXIT TRAILING_STOP: ETHUSDC close=3781.60 stop=3801.46
2026-02-12 11:28:39.197 | INFO     | aivc_trade.strategy.signal:generate_signals:215 - Signal: BTCUSDC score=-0.0306 entry=62377.89 stop=61366.71
2026-02-12 11:28:39.198 | INFO     | aivc_trade.strategy.sizing:compute_qty:66 - Sizing: qty=0.13518000000000002, notional=8432.14, risk=1.54%, equity=8875.95
2026-02-12 11:28:39.496 | INFO     | aivc_trade.execution.position_manager:check_exit:101 - EXIT TIMEOUT: BTCUSDC held 48.0h, MFE=338.90
2026-02-12 11:28:40.979 | INFO     | aivc_trade.strategy.signal:generate_signals:215 - Signal: BTCUSDC score=-0.0145 entry=67887.63 stop=66777.67
2026-02-12 11:28:40.981 | INFO     | aivc_trade.strategy.sizing:compute_qty:66 - Sizing: qty=0.12434, notional=8441.15, risk=1.55%, equity=8885.60
2026-02-12 11:28:41.304 | INFO     | aivc_trade.execution.position_manager:check_exit:101 - EXIT TIMEOUT: BTCUSDC held 48.0h, MFE=202.34
2026-02-12 11:28:41.306 | DEBUG    | aivc_trade.strategy.signal:generate_signals:174 - BTCUSDC in cooldown until 2024-10-18 17:00:00+00:00
2026-02-12 11:28:41.328 | DEBUG    | aivc_trade.strategy.signal:generate_signals:174 - BTCUSDC in cooldown until 2024-10-18 17:00:00+00:00
2026-02-12 11:28:41.336 | DEBUG    | aivc_trade.strategy.signal:generate_signals:174 - BTCUSDC in cooldown until 2024-10-18 17:00:00+00:00
2026-02-12 11:28:41.343 | DEBUG    | aivc_trade.strategy.signal:generate_signals:174 - BTCUSDC in cooldown until 2024-10-18 17:00:00+00:00
2026-02-12 11:28:42.299 | INFO     | aivc_trade.strategy.signal:generate_signals:215 - Signal: BTCUSDC score=-0.0628 entry=68284.73 stop=67369.97
2026-02-12 11:28:42.300 | INFO     | aivc_trade.strategy.sizing:compute_qty:66 - Sizing: qty=0.12291, notional=8392.88, risk=1.27%, equity=8834.95
2026-02-12 11:28:42.438 | INFO     | aivc_trade.execution.position_manager:check_exit:86 - EXIT STOP_LOSS: BTCUSDC close=66786.02 stop=67369.97
2026-02-12 11:28:44.545 | INFO     | aivc_trade.strategy.signal:generate_signals:215 - Signal: BTCUSDC score=0.1596 entry=76896.02 stop=75620.86
2026-02-12 11:28:44.547 | INFO     | aivc_trade.strategy.sizing:compute_qty:66 - Sizing: qty=0.10658000000000001, notional=8193.88, risk=1.56%, equity=8625.84
2026-02-12 11:28:44.758 | DEBUG    | aivc_trade.execution.position_manager:update_stop:55 - Trail updated: BTCUSDC trail=77530.01 (close=79143.91)
2026-02-12 11:28:44.783 | DEBUG    | aivc_trade.execution.position_manager:update_stop:55 - Trail updated: BTCUSDC trail=77654.87 (close=79159.20)
2026-02-12 11:28:44.789 | DEBUG    | aivc_trade.execution.position_manager:update_stop:55 - Trail updated: BTCUSDC trail=77974.68 (close=79410.11)
2026-02-12 11:28:44.795 | DEBUG    | aivc_trade.execution.position_manager:update_stop:55 - Trail updated: BTCUSDC trail=78187.37 (close=79592.03)
2026-02-12 11:28:44.801 | DEBUG    | aivc_trade.execution.position_manager:update_stop:55 - Trail updated: BTCUSDC trail=78498.63 (close=79883.99)
2026-02-12 11:28:44.831 | DEBUG    | aivc_trade.execution.position_manager:update_stop:55 - Trail updated: BTCUSDC trail=78503.50 (close=79839.44)
2026-02-12 11:28:44.838 | DEBUG    | aivc_trade.execution.position_manager:update_stop:55 - Trail updated: BTCUSDC trail=78909.92 (close=80431.68)
2026-02-12 11:28:44.845 | DEBUG    | aivc_trade.execution.position_manager:update_stop:55 - Trail updated: BTCUSDC trail=79069.34 (close=80626.19)
2026-02-12 11:28:44.857 | INFO     | aivc_trade.execution.position_manager:check_exit:86 - EXIT TRAILING_STOP: BTCUSDC close=78989.23 stop=79069.34
2026-02-12 11:28:44.859 | DEBUG    | aivc_trade.strategy.signal:generate_signals:174 - BTCUSDC in cooldown until 2024-11-11 02:00:00+00:00
2026-02-12 11:28:44.865 | DEBUG    | aivc_trade.strategy.signal:generate_signals:174 - BTCUSDC in cooldown until 2024-11-11 02:00:00+00:00
2026-02-12 11:28:44.873 | DEBUG    | aivc_trade.strategy.signal:generate_signals:174 - BTCUSDC in cooldown until 2024-11-11 02:00:00+00:00
2026-02-12 11:28:44.879 | DEBUG    | aivc_trade.strategy.signal:generate_signals:174 - BTCUSDC in cooldown until 2024-11-11 02:00:00+00:00
2026-02-12 11:28:44.886 | DEBUG    | aivc_trade.strategy.signal:generate_signals:174 - BTCUSDC in cooldown until 2024-11-11 02:00:00+00:00
2026-02-12 11:28:44.893 | DEBUG    | aivc_trade.strategy.signal:generate_signals:174 - BTCUSDC in cooldown until 2024-11-11 02:00:00+00:00
2026-02-12 11:28:54.702 | INFO     | aivc_trade.strategy.signal:generate_signals:215 - Signal: BTCUSDC score=0.1378 entry=95516.21 stop=94185.88
2026-02-12 11:28:54.703 | INFO     | aivc_trade.strategy.sizing:compute_qty:66 - Sizing: qty=0.08776, notional=8384.11, risk=1.34%, equity=8825.80
2026-02-12 11:28:54.741 | DEBUG    | aivc_trade.execution.position_manager:update_stop:55 - Trail updated: BTCUSDC trail=95218.24 (close=96625.57)
2026-02-12 11:28:54.749 | DEBUG    | aivc_trade.execution.position_manager:update_stop:55 - Trail updated: BTCUSDC trail=95298.42 (close=96603.97)
2026-02-12 11:28:54.756 | DEBUG    | aivc_trade.execution.position_manager:update_stop:55 - Trail updated: BTCUSDC trail=95359.83 (close=96629.23)
2026-02-12 11:28:54.762 | DEBUG    | aivc_trade.execution.position_manager:update_stop:55 - Trail updated: BTCUSDC trail=95555.52 (close=96754.21)
2026-02-12 11:28:54.777 | DEBUG    | aivc_trade.execution.position_manager:update_stop:55 - Trail updated: BTCUSDC trail=95610.29 (close=97165.36)
2026-02-12 11:28:54.868 | DEBUG    | aivc_trade.execution.position_manager:update_stop:55 - Trail updated: BTCUSDC trail=95648.09 (close=96974.87)
2026-02-12 11:28:54.940 | DEBUG    | aivc_trade.execution.position_manager:update_stop:55 - Trail updated: BTCUSDC trail=95803.55 (close=96950.30)
2026-02-12 11:28:54.947 | DEBUG    | aivc_trade.execution.position_manager:update_stop:55 - Trail updated: BTCUSDC trail=96164.43 (close=97452.00)
2026-02-12 11:28:54.953 | DEBUG    | aivc_trade.execution.position_manager:update_stop:55 - Trail updated: BTCUSDC trail=96342.21 (close=97801.50)
2026-02-12 11:28:54.960 | DEBUG    | aivc_trade.execution.position_manager:update_stop:55 - Trail updated: BTCUSDC trail=96543.29 (close=97966.09)
2026-02-12 11:28:54.966 | DEBUG    | aivc_trade.execution.position_manager:update_stop:55 - Trail updated: BTCUSDC trail=97012.84 (close=98484.02)
2026-02-12 11:28:54.972 | DEBUG    | aivc_trade.execution.position_manager:update_stop:55 - Trail updated: BTCUSDC trail=97116.05 (close=98556.40)
2026-02-12 11:28:55.014 | DEBUG    | aivc_trade.execution.position_manager:update_stop:55 - Trail updated: BTCUSDC trail=97175.04 (close=98267.99)
2026-02-12 11:28:55.303 | DEBUG    | aivc_trade.execution.position_manager:update_stop:55 - Trail updated: BTCUSDC trail=97261.22 (close=98266.12)
2026-02-12 11:28:55.323 | DEBUG    | aivc_trade.execution.position_manager:update_stop:55 - Trail updated: BTCUSDC trail=97326.48 (close=98349.19)
2026-02-12 11:28:55.336 | DEBUG    | aivc_trade.execution.position_manager:update_stop:55 - Trail updated: BTCUSDC trail=97499.83 (close=98728.84)
2026-02-12 11:28:55.342 | DEBUG    | aivc_trade.execution.position_manager:update_stop:55 - Trail updated: BTCUSDC trail=97511.14 (close=98786.99)
2026-02-12 11:28:55.348 | DEBUG    | aivc_trade.execution.position_manager:update_stop:55 - Trail updated: BTCUSDC trail=97740.52 (close=99003.16)
2026-02-12 11:28:55.355 | DEBUG    | aivc_trade.execution.position_manager:update_stop:55 - Trail updated: BTCUSDC trail=98185.02 (close=99430.45)
2026-02-12 11:28:55.361 | DEBUG    | aivc_trade.execution.position_manager:update_stop:55 - Trail updated: BTCUSDC trail=98334.61 (close=99577.76)
2026-02-12 11:28:55.421 | DEBUG    | aivc_trade.execution.position_manager:update_stop:55 - Trail updated: BTCUSDC trail=98740.29 (close=100728.03)
2026-02-12 11:28:55.427 | DEBUG    | aivc_trade.execution.position_manager:update_stop:55 - Trail updated: BTCUSDC trail=99755.93 (close=102147.00)
2026-02-12 11:28:55.434 | DEBUG    | aivc_trade.execution.position_manager:update_stop:55 - Trail updated: BTCUSDC trail=99835.99 (close=102164.00)
2026-02-12 11:28:55.459 | DEBUG    | aivc_trade.execution.position_manager:update_stop:55 - Trail updated: BTCUSDC trail=100242.50 (close=102174.71)
2026-02-12 11:28:55.479 | DEBUG    | aivc_trade.execution.position_manager:update_stop:55 - Trail updated: BTCUSDC trail=100578.80 (close=102282.76)
2026-02-12 11:28:55.524 | DEBUG    | aivc_trade.execution.position_manager:update_stop:55 - Trail updated: BTCUSDC trail=100683.45 (close=101832.23)
2026-02-12 11:28:55.538 | DEBUG    | aivc_trade.execution.position_manager:update_stop:55 - Trail updated: BTCUSDC trail=100796.73 (close=101892.39)
2026-02-12 11:28:55.564 | INFO     | aivc_trade.execution.position_manager:check_exit:86 - EXIT TRAILING_STOP: BTCUSDC close=100759.16 stop=100796.73
2026-02-12 11:29:14.801 | INFO     | aivc_trade.strategy.signal:generate_signals:215 - Signal: BTCUSDC score=-0.3367 entry=97823.25 stop=96466.11
2026-02-12 11:29:14.803 | INFO     | aivc_trade.strategy.sizing:compute_qty:66 - Sizing: qty=0.08991, notional=8795.29, risk=1.32%, equity=9258.47
2026-02-12 11:29:14.816 | DEBUG    | aivc_trade.execution.position_manager:update_stop:55 - Trail updated: BTCUSDC trail=97483.16 (close=99162.00)
2026-02-12 11:29:14.834 | DEBUG    | aivc_trade.execution.position_manager:update_stop:55 - Trail updated: BTCUSDC trail=97605.65 (close=99036.01)
2026-02-12 11:29:14.841 | DEBUG    | aivc_trade.execution.position_manager:update_stop:55 - Trail updated: BTCUSDC trail=97911.54 (close=99263.04)
2026-02-12 11:29:14.850 | DEBUG    | aivc_trade.execution.position_manager:update_stop:55 - Trail updated: BTCUSDC trail=98311.69 (close=99671.04)
2026-02-12 11:29:14.858 | DEBUG    | aivc_trade.execution.position_manager:update_stop:55 - Trail updated: BTCUSDC trail=98535.53 (close=99800.01)
2026-02-12 11:29:14.866 | DEBUG    | aivc_trade.execution.position_manager:update_stop:55 - Trail updated: BTCUSDC trail=98624.86 (close=99792.02)
2026-02-12 11:29:14.900 | DEBUG    | aivc_trade.execution.position_manager:update_stop:55 - Trail updated: BTCUSDC trail=99009.04 (close=100773.98)
2026-02-12 11:29:14.907 | DEBUG    | aivc_trade.execution.position_manager:update_stop:55 - Trail updated: BTCUSDC trail=99514.97 (close=101299.99)
2026-02-12 11:29:14.913 | INFO     | aivc_trade.execution.position_manager:check_exit:109 - EXIT REGIME: BTCUSDC regime=CHAOS
2026-02-12 11:29:14.928 | DEBUG    | aivc_trade.strategy.signal:generate_signals:174 - BTCUSDC in cooldown until 2025-05-09 01:00:00+00:00
2026-02-12 11:29:17.107 | INFO     | aivc_trade.strategy.signal:generate_signals:215 - Signal: BTCUSDC score=-0.1105 entry=107816.00 stop=106191.54
2026-02-12 11:29:17.108 | INFO     | aivc_trade.strategy.sizing:compute_qty:66 - Sizing: qty=0.08388000000000001, notional=9043.61, risk=1.43%, equity=9520.30
2026-02-12 11:29:17.174 | DEBUG    | aivc_trade.execution.position_manager:update_stop:55 - Trail updated: BTCUSDC trail=106825.11 (close=109068.01)
2026-02-12 11:29:17.197 | INFO     | aivc_trade.execution.position_manager:check_exit:86 - EXIT TRAILING_STOP: BTCUSDC close=106659.79 stop=106825.11
2026-02-12 11:29:22.538 | INFO     | aivc_trade.strategy.signal:generate_signals:215 - Signal: ETHUSDC score=0.0259 entry=2559.80 stop=2510.07
2026-02-12 11:29:22.539 | INFO     | aivc_trade.strategy.sizing:compute_qty:66 - Sizing: qty=3.487, notional=8926.34, risk=1.85%, equity=9396.33
2026-02-12 11:29:22.557 | DEBUG    | aivc_trade.execution.position_manager:update_stop:55 - Trail updated: ETHUSDC trail=2531.33 (close=2585.72)
2026-02-12 11:29:22.580 | DEBUG    | aivc_trade.execution.position_manager:update_stop:55 - Trail updated: ETHUSDC trail=2539.30 (close=2590.90)
2026-02-12 11:29:22.588 | DEBUG    | aivc_trade.execution.position_manager:update_stop:55 - Trail updated: ETHUSDC trail=2579.97 (close=2644.85)
2026-02-12 11:29:22.598 | DEBUG    | aivc_trade.execution.position_manager:update_stop:55 - Trail updated: ETHUSDC trail=2601.82 (close=2667.46)
2026-02-12 11:29:22.610 | DEBUG    | aivc_trade.execution.position_manager:update_stop:55 - Trail updated: ETHUSDC trail=2612.31 (close=2681.38)
2026-02-12 11:29:22.619 | DEBUG    | aivc_trade.execution.position_manager:update_stop:55 - Trail updated: ETHUSDC trail=2623.67 (close=2700.17)
2026-02-12 11:29:22.629 | DEBUG    | aivc_trade.execution.position_manager:update_stop:55 - Trail updated: ETHUSDC trail=2637.08 (close=2709.51)
2026-02-12 11:29:22.701 | DEBUG    | aivc_trade.execution.position_manager:update_stop:55 - Trail updated: ETHUSDC trail=2639.96 (close=2696.52)
2026-02-12 11:29:22.715 | DEBUG    | aivc_trade.execution.position_manager:update_stop:55 - Trail updated: ETHUSDC trail=2688.94 (close=2774.74)
2026-02-12 11:29:22.749 | INFO     | aivc_trade.execution.position_manager:check_exit:109 - EXIT REGIME: ETHUSDC regime=CHAOS
2026-02-12 11:29:22.769 | DEBUG    | aivc_trade.strategy.signal:generate_signals:174 - ETHUSDC in cooldown until 2025-06-10 23:00:00+00:00
2026-02-12 11:29:22.779 | DEBUG    | aivc_trade.strategy.signal:generate_signals:174 - ETHUSDC in cooldown until 2025-06-10 23:00:00+00:00
2026-02-12 11:29:22.789 | DEBUG    | aivc_trade.strategy.signal:generate_signals:174 - ETHUSDC in cooldown until 2025-06-10 23:00:00+00:00
2026-02-12 11:29:22.797 | DEBUG    | aivc_trade.strategy.signal:generate_signals:174 - ETHUSDC in cooldown until 2025-06-10 23:00:00+00:00
2026-02-12 11:29:22.807 | DEBUG    | aivc_trade.strategy.signal:generate_signals:174 - ETHUSDC in cooldown until 2025-06-10 23:00:00+00:00
2026-02-12 11:29:22.816 | DEBUG    | aivc_trade.strategy.signal:generate_signals:174 - ETHUSDC in cooldown until 2025-06-10 23:00:00+00:00
2026-02-12 11:29:25.518 | INFO     | aivc_trade.strategy.signal:generate_signals:215 - Signal: BTCUSDC score=0.0658 entry=106273.97 stop=104811.82
2026-02-12 11:29:25.520 | INFO     | aivc_trade.strategy.sizing:compute_qty:66 - Sizing: qty=0.08917000000000001, notional=9476.45, risk=1.31%, equity=9975.94
2026-02-12 11:29:25.663 | DEBUG    | aivc_trade.execution.position_manager:update_stop:55 - Trail updated: BTCUSDC trail=106017.32 (close=107184.25)
2026-02-12 11:29:25.671 | DEBUG    | aivc_trade.execution.position_manager:update_stop:55 - Trail updated: BTCUSDC trail=106109.53 (close=107238.01)
2026-02-12 11:29:25.679 | DEBUG    | aivc_trade.execution.position_manager:update_stop:55 - Trail updated: BTCUSDC trail=106191.99 (close=107290.01)
2026-02-12 11:29:25.688 | DEBUG    | aivc_trade.execution.position_manager:update_stop:55 - Trail updated: BTCUSDC trail=106717.28 (close=107996.01)
2026-02-12 11:29:26.073 | INFO     | aivc_trade.execution.position_manager:check_exit:86 - EXIT TRAILING_STOP: BTCUSDC close=106614.01 stop=106717.28
2026-02-12 11:30:03.647 | INFO     | aivc_trade.backtest.simulator:run:259 - Backtest done: 18 trades, final equity=9977.61
2026-02-12 11:30:04.742 | INFO     | __main__:main:206 - Backtest reports saved → data/backtest_results
2026-02-12 11:30:06.332 | INFO     | __main__:main:213 - Data/safety checks saved → data/backtest_results/data_quality_checks.csv , data/backtest_results/safety_checks.csv
2026-02-12 11:49:41.495 | INFO     | __main__:main:166 - ==================================================
2026-02-12 11:49:41.497 | INFO     | __main__:main:167 - AIVC Trade – Phase A Backtest
2026-02-12 11:49:41.497 | INFO     | __main__:main:168 - Period: 2023-03-13 → 2025-12-31
2026-02-12 11:49:41.498 | INFO     | __main__:main:169 - Initial equity: 10000.0
2026-02-12 11:49:41.498 | INFO     | __main__:main:170 - ==================================================
2026-02-12 11:49:41.588 | DEBUG    | aivc_trade.data.candles_store:load:37 - Loaded 24594 rows ← data/candles/BTCUSDC/1h.parquet
2026-02-12 11:49:41.599 | INFO     | __main__:_ensure_data:55 - Using cached 1h data for BTCUSDC (24594 rows)
2026-02-12 11:49:41.672 | DEBUG    | aivc_trade.data.candles_store:load:37 - Loaded 295107 rows ← data/candles/BTCUSDC/5m.parquet
2026-02-12 11:49:41.679 | INFO     | __main__:_ensure_data:78 - Using cached 5m data for BTCUSDC (295107 rows)
2026-02-12 11:49:41.714 | DEBUG    | aivc_trade.data.candles_store:load:37 - Loaded 24594 rows ← data/candles/ETHUSDC/1h.parquet
2026-02-12 11:49:41.718 | INFO     | __main__:_ensure_data:55 - Using cached 1h data for ETHUSDC (24594 rows)
2026-02-12 11:49:41.772 | DEBUG    | aivc_trade.data.candles_store:load:37 - Loaded 295107 rows ← data/candles/ETHUSDC/5m.parquet
2026-02-12 11:49:41.777 | INFO     | __main__:_ensure_data:78 - Using cached 5m data for ETHUSDC (295107 rows)
2026-02-12 11:49:44.284 | INFO     | aivc_trade.strategy.signal:generate_signals:215 - Signal: BTCUSDC score=-0.0619 entry=30772.51 stop=30358.27
2026-02-12 11:49:44.286 | INFO     | aivc_trade.strategy.sizing:compute_qty:66 - Sizing: qty=0.30871000000000004, notional=9499.78, risk=1.28%, equity=10000.00
2026-02-12 11:49:44.309 | DEBUG    | aivc_trade.execution.position_manager:update_stop:55 - Trail updated: BTCUSDC trail=30489.84 (close=30975.80)
2026-02-12 11:49:44.345 | INFO     | aivc_trade.execution.position_manager:check_exit:86 - EXIT TRAILING_STOP: BTCUSDC close=30266.69 stop=30489.84
2026-02-12 11:49:46.145 | INFO     | aivc_trade.strategy.signal:generate_signals:215 - Signal: BTCUSDC score=0.0189 entry=29704.54 stop=29236.67
2026-02-12 11:49:46.147 | INFO     | aivc_trade.strategy.sizing:compute_qty:66 - Sizing: qty=0.31389, notional=9322.89, risk=1.49%, equity=9813.71
2026-02-12 11:49:46.193 | INFO     | aivc_trade.execution.position_manager:check_exit:86 - EXIT STOP_LOSS: BTCUSDC close=29128.63 stop=29236.67
2026-02-12 11:49:58.001 | INFO     | aivc_trade.strategy.signal:generate_signals:215 - Signal: BTCUSDC score=-0.0654 entry=26518.41 stop=26163.03
2026-02-12 11:49:58.003 | INFO     | aivc_trade.strategy.sizing:compute_qty:66 - Sizing: qty=0.34405, notional=9123.25, risk=1.27%, equity=9603.69
2026-02-12 11:49:58.072 | DEBUG    | aivc_trade.execution.position_manager:update_stop:55 - Trail updated: BTCUSDC trail=26314.11 (close=26732.33)
2026-02-12 11:49:58.164 | INFO     | aivc_trade.execution.position_manager:check_exit:109 - EXIT REGIME: BTCUSDC regime=CHAOS
2026-02-12 11:50:02.108 | INFO     | aivc_trade.strategy.signal:generate_signals:215 - Signal: BTCUSDC score=-0.0149 entry=34495.81 stop=33746.14
2026-02-12 11:50:02.110 | INFO     | aivc_trade.strategy.sizing:compute_qty:66 - Sizing: qty=0.26230000000000003, notional=9047.69, risk=2.06%, equity=9523.95
2026-02-12 11:50:02.120 | DEBUG    | aivc_trade.execution.position_manager:update_stop:55 - Trail updated: BTCUSDC trail=33950.58 (close=34852.47)
2026-02-12 11:50:02.227 | INFO     | aivc_trade.execution.position_manager:check_exit:86 - EXIT TRAILING_STOP: BTCUSDC close=33767.74 stop=33950.58
2026-02-12 11:50:05.555 | INFO     | aivc_trade.strategy.signal:generate_signals:215 - Signal: BTCUSDC score=-0.1270 entry=37388.10 stop=36719.36
2026-02-12 11:50:05.558 | INFO     | aivc_trade.strategy.sizing:compute_qty:66 - Sizing: qty=0.23641, notional=8838.89, risk=1.70%, equity=9304.41
2026-02-12 11:50:05.753 | INFO     | aivc_trade.execution.position_manager:check_exit:101 - EXIT TIMEOUT: BTCUSDC held 48.0h, MFE=0.00
2026-02-12 11:50:06.780 | INFO     | aivc_trade.strategy.signal:generate_signals:215 - Signal: ETHUSDC score=0.0672 entry=2030.49 stop=1993.04
2026-02-12 11:50:06.782 | INFO     | aivc_trade.strategy.sizing:compute_qty:66 - Sizing: qty=4.3093, notional=8756.37, risk=1.82%, equity=9217.30
2026-02-12 11:50:06.803 | DEBUG    | aivc_trade.execution.position_manager:update_stop:55 - Trail updated: ETHUSDC trail=2013.90 (close=2062.19)
2026-02-12 11:50:06.808 | DEBUG    | aivc_trade.execution.position_manager:update_stop:55 - Trail updated: ETHUSDC trail=2027.09 (close=2077.12)
2026-02-12 11:50:06.813 | DEBUG    | aivc_trade.execution.position_manager:update_stop:55 - Trail updated: ETHUSDC trail=2029.33 (close=2075.59)
2026-02-12 11:50:06.817 | DEBUG    | aivc_trade.execution.position_manager:update_stop:55 - Trail updated: ETHUSDC trail=2034.48 (close=2081.70)
2026-02-12 11:50:06.858 | DEBUG    | aivc_trade.execution.position_manager:update_stop:55 - Trail updated: ETHUSDC trail=2036.06 (close=2066.19)
2026-02-12 11:50:06.863 | DEBUG    | aivc_trade.execution.position_manager:update_stop:55 - Trail updated: ETHUSDC trail=2049.26 (close=2081.72)
2026-02-12 11:50:06.867 | DEBUG    | aivc_trade.execution.position_manager:update_stop:55 - Trail updated: ETHUSDC trail=2055.83 (close=2088.10)
2026-02-12 11:50:06.885 | INFO     | aivc_trade.execution.position_manager:check_exit:86 - EXIT TRAILING_STOP: ETHUSDC close=2054.01 stop=2055.83
2026-02-12 11:50:06.887 | DEBUG    | aivc_trade.strategy.signal:generate_signals:174 - ETHUSDC in cooldown until 2023-11-23 19:00:00+00:00
2026-02-12 11:50:06.892 | DEBUG    | aivc_trade.strategy.signal:generate_signals:174 - ETHUSDC in cooldown until 2023-11-23 19:00:00+00:00
2026-02-12 11:50:13.937 | INFO     | aivc_trade.strategy.signal:generate_signals:215 - Signal: BTCUSDC score=0.1601 entry=43440.49 stop=42827.47
2026-02-12 11:50:13.939 | INFO     | aivc_trade.strategy.sizing:compute_qty:66 - Sizing: qty=0.20291, notional=8814.51, risk=1.34%, equity=9278.85
2026-02-12 11:50:14.038 | INFO     | aivc_trade.execution.position_manager:check_exit:109 - EXIT REGIME: BTCUSDC regime=CHAOS
2026-02-12 11:50:15.772 | INFO     | aivc_trade.strategy.signal:generate_signals:215 - Signal: BTCUSDC score=0.0667 entry=52650.20 stop=51757.36
2026-02-12 11:50:15.774 | INFO     | aivc_trade.strategy.sizing:compute_qty:66 - Sizing: qty=0.16515000000000002, notional=8694.16, risk=1.60%, equity=9151.84
2026-02-12 11:50:15.803 | INFO     | aivc_trade.execution.position_manager:check_exit:86 - EXIT STOP_LOSS: BTCUSDC close=51738.08 stop=51757.36
2026-02-12 11:50:26.627 | INFO     | aivc_trade.strategy.signal:generate_signals:215 - Signal: ETHUSDC score=0.0408 entry=3811.80 stop=3729.05
2026-02-12 11:50:26.628 | INFO     | aivc_trade.strategy.sizing:compute_qty:66 - Sizing: qty=2.2368, notional=8526.48, risk=2.06%, equity=8975.41
2026-02-12 11:50:26.649 | DEBUG    | aivc_trade.execution.position_manager:update_stop:55 - Trail updated: ETHUSDC trail=3801.46 (close=3916.85)
2026-02-12 11:50:26.660 | INFO     | aivc_trade.execution.position_manager:check_exit:86 - EXIT TRAILING_STOP: ETHUSDC close=3781.60 stop=3801.46
2026-02-12 11:50:44.933 | INFO     | aivc_trade.strategy.signal:generate_signals:215 - Signal: BTCUSDC score=-0.0306 entry=62377.89 stop=61366.71
2026-02-12 11:50:44.935 | INFO     | aivc_trade.strategy.sizing:compute_qty:66 - Sizing: qty=0.13518000000000002, notional=8432.14, risk=1.54%, equity=8875.95
2026-02-12 11:50:45.192 | INFO     | aivc_trade.execution.position_manager:check_exit:101 - EXIT TIMEOUT: BTCUSDC held 48.0h, MFE=338.90
2026-02-12 11:50:46.432 | INFO     | aivc_trade.strategy.signal:generate_signals:215 - Signal: BTCUSDC score=-0.0145 entry=67887.63 stop=66777.67
2026-02-12 11:50:46.434 | INFO     | aivc_trade.strategy.sizing:compute_qty:66 - Sizing: qty=0.12434, notional=8441.15, risk=1.55%, equity=8885.60
2026-02-12 11:50:46.691 | INFO     | aivc_trade.execution.position_manager:check_exit:101 - EXIT TIMEOUT: BTCUSDC held 48.0h, MFE=202.34
2026-02-12 11:50:46.693 | DEBUG    | aivc_trade.strategy.signal:generate_signals:174 - BTCUSDC in cooldown until 2024-10-18 17:00:00+00:00
2026-02-12 11:50:46.709 | DEBUG    | aivc_trade.strategy.signal:generate_signals:174 - BTCUSDC in cooldown until 2024-10-18 17:00:00+00:00
2026-02-12 11:50:46.715 | DEBUG    | aivc_trade.strategy.signal:generate_signals:174 - BTCUSDC in cooldown until 2024-10-18 17:00:00+00:00
2026-02-12 11:50:46.721 | DEBUG    | aivc_trade.strategy.signal:generate_signals:174 - BTCUSDC in cooldown until 2024-10-18 17:00:00+00:00
2026-02-12 11:50:47.488 | INFO     | aivc_trade.strategy.signal:generate_signals:215 - Signal: BTCUSDC score=-0.0628 entry=68284.73 stop=67369.97
2026-02-12 11:50:47.489 | INFO     | aivc_trade.strategy.sizing:compute_qty:66 - Sizing: qty=0.12291, notional=8392.88, risk=1.27%, equity=8834.95
2026-02-12 11:50:47.606 | INFO     | aivc_trade.execution.position_manager:check_exit:86 - EXIT STOP_LOSS: BTCUSDC close=66786.02 stop=67369.97
2026-02-12 11:50:49.447 | INFO     | aivc_trade.strategy.signal:generate_signals:215 - Signal: BTCUSDC score=0.1596 entry=76896.02 stop=75620.86
2026-02-12 11:50:49.449 | INFO     | aivc_trade.strategy.sizing:compute_qty:66 - Sizing: qty=0.10658000000000001, notional=8193.88, risk=1.56%, equity=8625.84
2026-02-12 11:50:49.642 | DEBUG    | aivc_trade.execution.position_manager:update_stop:55 - Trail updated: BTCUSDC trail=77530.01 (close=79143.91)
2026-02-12 11:50:49.663 | DEBUG    | aivc_trade.execution.position_manager:update_stop:55 - Trail updated: BTCUSDC trail=77654.87 (close=79159.20)
2026-02-12 11:50:49.668 | DEBUG    | aivc_trade.execution.position_manager:update_stop:55 - Trail updated: BTCUSDC trail=77974.68 (close=79410.11)
2026-02-12 11:50:49.674 | DEBUG    | aivc_trade.execution.position_manager:update_stop:55 - Trail updated: BTCUSDC trail=78187.37 (close=79592.03)
2026-02-12 11:50:49.680 | DEBUG    | aivc_trade.execution.position_manager:update_stop:55 - Trail updated: BTCUSDC trail=78498.63 (close=79883.99)
2026-02-12 11:50:49.706 | DEBUG    | aivc_trade.execution.position_manager:update_stop:55 - Trail updated: BTCUSDC trail=78503.50 (close=79839.44)
2026-02-12 11:50:49.712 | DEBUG    | aivc_trade.execution.position_manager:update_stop:55 - Trail updated: BTCUSDC trail=78909.92 (close=80431.68)
2026-02-12 11:50:49.718 | DEBUG    | aivc_trade.execution.position_manager:update_stop:55 - Trail updated: BTCUSDC trail=79069.34 (close=80626.19)
2026-02-12 11:50:49.729 | INFO     | aivc_trade.execution.position_manager:check_exit:86 - EXIT TRAILING_STOP: BTCUSDC close=78989.23 stop=79069.34
2026-02-12 11:50:49.730 | DEBUG    | aivc_trade.strategy.signal:generate_signals:174 - BTCUSDC in cooldown until 2024-11-11 02:00:00+00:00
2026-02-12 11:50:49.737 | DEBUG    | aivc_trade.strategy.signal:generate_signals:174 - BTCUSDC in cooldown until 2024-11-11 02:00:00+00:00
2026-02-12 11:50:49.743 | DEBUG    | aivc_trade.strategy.signal:generate_signals:174 - BTCUSDC in cooldown until 2024-11-11 02:00:00+00:00
2026-02-12 11:50:49.749 | DEBUG    | aivc_trade.strategy.signal:generate_signals:174 - BTCUSDC in cooldown until 2024-11-11 02:00:00+00:00
2026-02-12 11:50:49.755 | DEBUG    | aivc_trade.strategy.signal:generate_signals:174 - BTCUSDC in cooldown until 2024-11-11 02:00:00+00:00
2026-02-12 11:50:49.761 | DEBUG    | aivc_trade.strategy.signal:generate_signals:174 - BTCUSDC in cooldown until 2024-11-11 02:00:00+00:00
2026-02-12 11:50:56.545 | INFO     | aivc_trade.strategy.signal:generate_signals:215 - Signal: BTCUSDC score=0.1378 entry=95516.21 stop=94185.88
2026-02-12 11:50:56.546 | INFO     | aivc_trade.strategy.sizing:compute_qty:66 - Sizing: qty=0.08776, notional=8384.11, risk=1.34%, equity=8825.80
2026-02-12 11:50:56.574 | DEBUG    | aivc_trade.execution.position_manager:update_stop:55 - Trail updated: BTCUSDC trail=95218.24 (close=96625.57)
2026-02-12 11:50:56.580 | DEBUG    | aivc_trade.execution.position_manager:update_stop:55 - Trail updated: BTCUSDC trail=95298.42 (close=96603.97)
2026-02-12 11:50:56.586 | DEBUG    | aivc_trade.execution.position_manager:update_stop:55 - Trail updated: BTCUSDC trail=95359.83 (close=96629.23)
2026-02-12 11:50:56.592 | DEBUG    | aivc_trade.execution.position_manager:update_stop:55 - Trail updated: BTCUSDC trail=95555.52 (close=96754.21)
2026-02-12 11:50:56.603 | DEBUG    | aivc_trade.execution.position_manager:update_stop:55 - Trail updated: BTCUSDC trail=95610.29 (close=97165.36)
2026-02-12 11:50:56.675 | DEBUG    | aivc_trade.execution.position_manager:update_stop:55 - Trail updated: BTCUSDC trail=95648.09 (close=96974.87)
2026-02-12 11:50:56.735 | DEBUG    | aivc_trade.execution.position_manager:update_stop:55 - Trail updated: BTCUSDC trail=95803.55 (close=96950.30)
2026-02-12 11:50:56.741 | DEBUG    | aivc_trade.execution.position_manager:update_stop:55 - Trail updated: BTCUSDC trail=96164.43 (close=97452.00)
2026-02-12 11:50:56.748 | DEBUG    | aivc_trade.execution.position_manager:update_stop:55 - Trail updated: BTCUSDC trail=96342.21 (close=97801.50)
2026-02-12 11:50:56.753 | DEBUG    | aivc_trade.execution.position_manager:update_stop:55 - Trail updated: BTCUSDC trail=96543.29 (close=97966.09)
2026-02-12 11:50:56.759 | DEBUG    | aivc_trade.execution.position_manager:update_stop:55 - Trail updated: BTCUSDC trail=97012.84 (close=98484.02)
2026-02-12 11:50:56.765 | DEBUG    | aivc_trade.execution.position_manager:update_stop:55 - Trail updated: BTCUSDC trail=97116.05 (close=98556.40)
2026-02-12 11:50:56.802 | DEBUG    | aivc_trade.execution.position_manager:update_stop:55 - Trail updated: BTCUSDC trail=97175.04 (close=98267.99)
2026-02-12 11:50:57.031 | DEBUG    | aivc_trade.execution.position_manager:update_stop:55 - Trail updated: BTCUSDC trail=97261.22 (close=98266.12)
2026-02-12 11:50:57.052 | DEBUG    | aivc_trade.execution.position_manager:update_stop:55 - Trail updated: BTCUSDC trail=97326.48 (close=98349.19)
2026-02-12 11:50:57.064 | DEBUG    | aivc_trade.execution.position_manager:update_stop:55 - Trail updated: BTCUSDC trail=97499.83 (close=98728.84)
2026-02-12 11:50:57.070 | DEBUG    | aivc_trade.execution.position_manager:update_stop:55 - Trail updated: BTCUSDC trail=97511.14 (close=98786.99)
2026-02-12 11:50:57.076 | DEBUG    | aivc_trade.execution.position_manager:update_stop:55 - Trail updated: BTCUSDC trail=97740.52 (close=99003.16)
2026-02-12 11:50:57.083 | DEBUG    | aivc_trade.execution.position_manager:update_stop:55 - Trail updated: BTCUSDC trail=98185.02 (close=99430.45)
2026-02-12 11:50:57.089 | DEBUG    | aivc_trade.execution.position_manager:update_stop:55 - Trail updated: BTCUSDC trail=98334.61 (close=99577.76)
2026-02-12 11:50:57.138 | DEBUG    | aivc_trade.execution.position_manager:update_stop:55 - Trail updated: BTCUSDC trail=98740.29 (close=100728.03)
2026-02-12 11:50:57.144 | DEBUG    | aivc_trade.execution.position_manager:update_stop:55 - Trail updated: BTCUSDC trail=99755.93 (close=102147.00)
2026-02-12 11:50:57.150 | DEBUG    | aivc_trade.execution.position_manager:update_stop:55 - Trail updated: BTCUSDC trail=99835.99 (close=102164.00)
2026-02-12 11:50:57.173 | DEBUG    | aivc_trade.execution.position_manager:update_stop:55 - Trail updated: BTCUSDC trail=100242.50 (close=102174.71)
2026-02-12 11:50:57.190 | DEBUG    | aivc_trade.execution.position_manager:update_stop:55 - Trail updated: BTCUSDC trail=100578.80 (close=102282.76)
2026-02-12 11:50:57.229 | DEBUG    | aivc_trade.execution.position_manager:update_stop:55 - Trail updated: BTCUSDC trail=100683.45 (close=101832.23)
2026-02-12 11:50:57.240 | DEBUG    | aivc_trade.execution.position_manager:update_stop:55 - Trail updated: BTCUSDC trail=100796.73 (close=101892.39)
2026-02-12 11:50:57.262 | INFO     | aivc_trade.execution.position_manager:check_exit:86 - EXIT TRAILING_STOP: BTCUSDC close=100759.16 stop=100796.73
2026-02-12 11:51:15.867 | INFO     | aivc_trade.strategy.signal:generate_signals:215 - Signal: BTCUSDC score=-0.3367 entry=97823.25 stop=96466.11
2026-02-12 11:51:15.868 | INFO     | aivc_trade.strategy.sizing:compute_qty:66 - Sizing: qty=0.08991, notional=8795.29, risk=1.32%, equity=9258.47
2026-02-12 11:51:15.881 | DEBUG    | aivc_trade.execution.position_manager:update_stop:55 - Trail updated: BTCUSDC trail=97483.16 (close=99162.00)
2026-02-12 11:51:15.899 | DEBUG    | aivc_trade.execution.position_manager:update_stop:55 - Trail updated: BTCUSDC trail=97605.65 (close=99036.01)
2026-02-12 11:51:15.905 | DEBUG    | aivc_trade.execution.position_manager:update_stop:55 - Trail updated: BTCUSDC trail=97911.54 (close=99263.04)
2026-02-12 11:51:15.912 | DEBUG    | aivc_trade.execution.position_manager:update_stop:55 - Trail updated: BTCUSDC trail=98311.69 (close=99671.04)
2026-02-12 11:51:15.919 | DEBUG    | aivc_trade.execution.position_manager:update_stop:55 - Trail updated: BTCUSDC trail=98535.53 (close=99800.01)
2026-02-12 11:51:15.925 | DEBUG    | aivc_trade.execution.position_manager:update_stop:55 - Trail updated: BTCUSDC trail=98624.86 (close=99792.02)
2026-02-12 11:51:15.958 | DEBUG    | aivc_trade.execution.position_manager:update_stop:55 - Trail updated: BTCUSDC trail=99009.04 (close=100773.98)
2026-02-12 11:51:15.964 | DEBUG    | aivc_trade.execution.position_manager:update_stop:55 - Trail updated: BTCUSDC trail=99514.97 (close=101299.99)
2026-02-12 11:51:15.971 | INFO     | aivc_trade.execution.position_manager:check_exit:109 - EXIT REGIME: BTCUSDC regime=CHAOS
2026-02-12 11:51:15.985 | DEBUG    | aivc_trade.strategy.signal:generate_signals:174 - BTCUSDC in cooldown until 2025-05-09 01:00:00+00:00
2026-02-12 11:51:17.792 | INFO     | aivc_trade.strategy.signal:generate_signals:215 - Signal: BTCUSDC score=-0.1105 entry=107816.00 stop=106191.54
2026-02-12 11:51:17.794 | INFO     | aivc_trade.strategy.sizing:compute_qty:66 - Sizing: qty=0.08388000000000001, notional=9043.61, risk=1.43%, equity=9520.30
2026-02-12 11:51:17.850 | DEBUG    | aivc_trade.execution.position_manager:update_stop:55 - Trail updated: BTCUSDC trail=106825.11 (close=109068.01)
2026-02-12 11:51:17.868 | INFO     | aivc_trade.execution.position_manager:check_exit:86 - EXIT TRAILING_STOP: BTCUSDC close=106659.79 stop=106825.11
2026-02-12 11:51:20.643 | INFO     | aivc_trade.strategy.signal:generate_signals:215 - Signal: ETHUSDC score=0.0259 entry=2559.80 stop=2510.07
2026-02-12 11:51:20.645 | INFO     | aivc_trade.strategy.sizing:compute_qty:66 - Sizing: qty=3.487, notional=8926.34, risk=1.85%, equity=9396.33
2026-02-12 11:51:20.659 | DEBUG    | aivc_trade.execution.position_manager:update_stop:55 - Trail updated: ETHUSDC trail=2531.33 (close=2585.72)
2026-02-12 11:51:20.673 | DEBUG    | aivc_trade.execution.position_manager:update_stop:55 - Trail updated: ETHUSDC trail=2539.30 (close=2590.90)
2026-02-12 11:51:20.680 | DEBUG    | aivc_trade.execution.position_manager:update_stop:55 - Trail updated: ETHUSDC trail=2579.97 (close=2644.85)
2026-02-12 11:51:20.686 | DEBUG    | aivc_trade.execution.position_manager:update_stop:55 - Trail updated: ETHUSDC trail=2601.82 (close=2667.46)
2026-02-12 11:51:20.693 | DEBUG    | aivc_trade.execution.position_manager:update_stop:55 - Trail updated: ETHUSDC trail=2612.31 (close=2681.38)
2026-02-12 11:51:20.699 | DEBUG    | aivc_trade.execution.position_manager:update_stop:55 - Trail updated: ETHUSDC trail=2623.67 (close=2700.17)
2026-02-12 11:51:20.705 | DEBUG    | aivc_trade.execution.position_manager:update_stop:55 - Trail updated: ETHUSDC trail=2637.08 (close=2709.51)
2026-02-12 11:51:20.761 | DEBUG    | aivc_trade.execution.position_manager:update_stop:55 - Trail updated: ETHUSDC trail=2639.96 (close=2696.52)
2026-02-12 11:51:20.767 | DEBUG    | aivc_trade.execution.position_manager:update_stop:55 - Trail updated: ETHUSDC trail=2688.94 (close=2774.74)
2026-02-12 11:51:20.792 | INFO     | aivc_trade.execution.position_manager:check_exit:109 - EXIT REGIME: ETHUSDC regime=CHAOS
2026-02-12 11:51:20.812 | DEBUG    | aivc_trade.strategy.signal:generate_signals:174 - ETHUSDC in cooldown until 2025-06-10 23:00:00+00:00
2026-02-12 11:51:20.819 | DEBUG    | aivc_trade.strategy.signal:generate_signals:174 - ETHUSDC in cooldown until 2025-06-10 23:00:00+00:00
2026-02-12 11:51:20.826 | DEBUG    | aivc_trade.strategy.signal:generate_signals:174 - ETHUSDC in cooldown until 2025-06-10 23:00:00+00:00
2026-02-12 11:51:20.833 | DEBUG    | aivc_trade.strategy.signal:generate_signals:174 - ETHUSDC in cooldown until 2025-06-10 23:00:00+00:00
2026-02-12 11:51:20.840 | DEBUG    | aivc_trade.strategy.signal:generate_signals:174 - ETHUSDC in cooldown until 2025-06-10 23:00:00+00:00
2026-02-12 11:51:20.847 | DEBUG    | aivc_trade.strategy.signal:generate_signals:174 - ETHUSDC in cooldown until 2025-06-10 23:00:00+00:00
2026-02-12 11:51:22.882 | INFO     | aivc_trade.strategy.signal:generate_signals:215 - Signal: BTCUSDC score=0.0658 entry=106273.97 stop=104811.82
2026-02-12 11:51:22.883 | INFO     | aivc_trade.strategy.sizing:compute_qty:66 - Sizing: qty=0.08917000000000001, notional=9476.45, risk=1.31%, equity=9975.94
2026-02-12 11:51:22.994 | DEBUG    | aivc_trade.execution.position_manager:update_stop:55 - Trail updated: BTCUSDC trail=106017.32 (close=107184.25)
2026-02-12 11:51:23.001 | DEBUG    | aivc_trade.execution.position_manager:update_stop:55 - Trail updated: BTCUSDC trail=106109.53 (close=107238.01)
2026-02-12 11:51:23.008 | DEBUG    | aivc_trade.execution.position_manager:update_stop:55 - Trail updated: BTCUSDC trail=106191.99 (close=107290.01)
2026-02-12 11:51:23.015 | DEBUG    | aivc_trade.execution.position_manager:update_stop:55 - Trail updated: BTCUSDC trail=106717.28 (close=107996.01)
2026-02-12 11:51:23.313 | INFO     | aivc_trade.execution.position_manager:check_exit:86 - EXIT TRAILING_STOP: BTCUSDC close=106614.01 stop=106717.28
2026-02-12 11:51:53.983 | INFO     | aivc_trade.backtest.simulator:run:259 - Backtest done: 18 trades, final equity=9977.61
2026-02-12 11:51:54.830 | INFO     | __main__:main:206 - Backtest reports saved → data/backtest_results
2026-02-12 11:51:56.097 | INFO     | __main__:main:213 - Data/safety checks saved → data/backtest_results/data_quality_checks.csv , data/backtest_results/safety_checks.csv
2026-02-12 11:59:05.050 | DEBUG    | aivc_trade.data.candles_store:load:37 - Loaded 24594 rows ← data/candles/BTCUSDC/1h.parquet
2026-02-12 11:59:20.884 | DEBUG    | aivc_trade.data.candles_store:load:37 - Loaded 24594 rows ← data/candles/BTCUSDC/1h.parquet
2026-02-12 11:59:47.171 | DEBUG    | aivc_trade.data.candles_store:load:37 - Loaded 24594 rows ← data/candles/BTCUSDC/1h.parquet
2026-02-12 11:59:47.560 | DEBUG    | aivc_trade.data.candles_store:load:37 - Loaded 24594 rows ← data/candles/ETHUSDC/1h.parquet
2026-02-12 12:04:53.655 | DEBUG    | aivc_trade.data.candles_store:load:37 - Loaded 24594 rows ← data/candles/BTCUSDC/1h.parquet
2026-02-12 12:04:53.982 | DEBUG    | aivc_trade.data.candles_store:load:37 - Loaded 24594 rows ← data/candles/ETHUSDC/1h.parquet
2026-02-12 12:05:00.473 | INFO     | __main__:main:166 - ==================================================
2026-02-12 12:05:00.475 | INFO     | __main__:main:167 - AIVC Trade – Phase A Backtest
2026-02-12 12:05:00.475 | INFO     | __main__:main:168 - Period: 2023-03-13 → 2025-12-31
2026-02-12 12:05:00.475 | INFO     | __main__:main:169 - Initial equity: 10000.0
2026-02-12 12:05:00.475 | INFO     | __main__:main:170 - ==================================================
2026-02-12 12:05:00.503 | DEBUG    | aivc_trade.data.candles_store:load:37 - Loaded 24594 rows ← data/candles/BTCUSDC/1h.parquet
2026-02-12 12:05:00.509 | INFO     | __main__:_ensure_data:55 - Using cached 1h data for BTCUSDC (24594 rows)
2026-02-12 12:05:00.583 | DEBUG    | aivc_trade.data.candles_store:load:37 - Loaded 295107 rows ← data/candles/BTCUSDC/5m.parquet
2026-02-12 12:05:00.590 | INFO     | __main__:_ensure_data:78 - Using cached 5m data for BTCUSDC (295107 rows)
2026-02-12 12:05:00.626 | DEBUG    | aivc_trade.data.candles_store:load:37 - Loaded 24594 rows ← data/candles/ETHUSDC/1h.parquet
2026-02-12 12:05:00.629 | INFO     | __main__:_ensure_data:55 - Using cached 1h data for ETHUSDC (24594 rows)
2026-02-12 12:05:00.686 | DEBUG    | aivc_trade.data.candles_store:load:37 - Loaded 295107 rows ← data/candles/ETHUSDC/5m.parquet
2026-02-12 12:05:00.691 | INFO     | __main__:_ensure_data:78 - Using cached 5m data for ETHUSDC (295107 rows)
2026-02-12 12:05:03.390 | INFO     | aivc_trade.strategy.signal:generate_signals:253 - Signal: BTCUSDC score=0.0189 entry=29704.54 stop=29236.67
2026-02-12 12:05:03.392 | INFO     | aivc_trade.strategy.sizing:compute_qty:66 - Sizing: qty=0.31985, notional=9499.91, risk=1.49%, equity=10000.00
2026-02-12 12:05:03.418 | INFO     | aivc_trade.execution.position_manager:check_exit:86 - EXIT STOP_LOSS: BTCUSDC close=29128.63 stop=29236.67
2026-02-12 12:05:10.627 | INFO     | aivc_trade.strategy.signal:generate_signals:253 - Signal: BTCUSDC score=-0.0654 entry=26518.41 stop=26163.03
2026-02-12 12:05:10.629 | INFO     | aivc_trade.strategy.sizing:compute_qty:66 - Sizing: qty=0.35059, notional=9296.67, risk=1.27%, equity=9786.00
2026-02-12 12:05:10.668 | DEBUG    | aivc_trade.execution.position_manager:update_stop:55 - Trail updated: BTCUSDC trail=26314.11 (close=26732.33)
2026-02-12 12:05:10.728 | INFO     | aivc_trade.execution.position_manager:check_exit:109 - EXIT REGIME: BTCUSDC regime=CHAOS
2026-02-12 12:05:13.264 | INFO     | aivc_trade.strategy.signal:generate_signals:253 - Signal: BTCUSDC score=-0.0149 entry=34495.81 stop=33746.14
2026-02-12 12:05:13.265 | INFO     | aivc_trade.strategy.sizing:compute_qty:66 - Sizing: qty=0.26728, notional=9219.47, risk=2.06%, equity=9704.74
2026-02-12 12:05:13.272 | DEBUG    | aivc_trade.execution.position_manager:update_stop:55 - Trail updated: BTCUSDC trail=33950.58 (close=34852.47)
2026-02-12 12:05:13.334 | INFO     | aivc_trade.execution.position_manager:check_exit:86 - EXIT TRAILING_STOP: BTCUSDC close=33767.74 stop=33950.58
2026-02-12 12:05:14.306 | INFO     | aivc_trade.strategy.signal:generate_signals:253 - Signal: BTCUSDC score=-0.1270 entry=37388.10 stop=36719.36
2026-02-12 12:05:14.308 | INFO     | aivc_trade.strategy.sizing:compute_qty:66 - Sizing: qty=0.24090000000000003, notional=9006.76, risk=1.70%, equity=9481.03
2026-02-12 12:05:14.437 | INFO     | aivc_trade.execution.position_manager:check_exit:101 - EXIT TIMEOUT: BTCUSDC held 48.0h, MFE=0.00
2026-02-12 12:05:15.112 | INFO     | aivc_trade.strategy.signal:generate_signals:253 - Signal: ETHUSDC score=0.0672 entry=2030.49 stop=1993.04
2026-02-12 12:05:15.113 | INFO     | aivc_trade.strategy.sizing:compute_qty:66 - Sizing: qty=4.3911, notional=8922.58, risk=1.82%, equity=9392.27
2026-02-12 12:05:15.127 | DEBUG    | aivc_trade.execution.position_manager:update_stop:55 - Trail updated: ETHUSDC trail=2013.90 (close=2062.19)
2026-02-12 12:05:15.130 | DEBUG    | aivc_trade.execution.position_manager:update_stop:55 - Trail updated: ETHUSDC trail=2027.09 (close=2077.12)
2026-02-12 12:05:15.133 | DEBUG    | aivc_trade.execution.position_manager:update_stop:55 - Trail updated: ETHUSDC trail=2029.33 (close=2075.59)
2026-02-12 12:05:15.136 | DEBUG    | aivc_trade.execution.position_manager:update_stop:55 - Trail updated: ETHUSDC trail=2034.48 (close=2081.70)
2026-02-12 12:05:15.166 | DEBUG    | aivc_trade.execution.position_manager:update_stop:55 - Trail updated: ETHUSDC trail=2036.06 (close=2066.19)
2026-02-12 12:05:15.169 | DEBUG    | aivc_trade.execution.position_manager:update_stop:55 - Trail updated: ETHUSDC trail=2049.26 (close=2081.72)
2026-02-12 12:05:15.172 | DEBUG    | aivc_trade.execution.position_manager:update_stop:55 - Trail updated: ETHUSDC trail=2055.83 (close=2088.10)
2026-02-12 12:05:15.185 | INFO     | aivc_trade.execution.position_manager:check_exit:86 - EXIT TRAILING_STOP: ETHUSDC close=2054.01 stop=2055.83
2026-02-12 12:05:15.186 | DEBUG    | aivc_trade.strategy.signal:generate_signals:212 - ETHUSDC in cooldown until 2023-11-23 19:00:00+00:00
2026-02-12 12:05:15.190 | DEBUG    | aivc_trade.strategy.signal:generate_signals:212 - ETHUSDC in cooldown until 2023-11-23 19:00:00+00:00
2026-02-12 12:05:21.055 | INFO     | aivc_trade.strategy.signal:generate_signals:253 - Signal: BTCUSDC score=0.0667 entry=52650.20 stop=51757.36
2026-02-12 12:05:21.057 | INFO     | aivc_trade.strategy.sizing:compute_qty:66 - Sizing: qty=0.17062000000000002, notional=8982.12, risk=1.60%, equity=9454.99
2026-02-12 12:05:21.078 | INFO     | aivc_trade.execution.position_manager:check_exit:86 - EXIT STOP_LOSS: BTCUSDC close=51738.08 stop=51757.36
2026-02-12 12:05:30.419 | INFO     | aivc_trade.strategy.signal:generate_signals:253 - Signal: ETHUSDC score=0.0408 entry=3811.80 stop=3729.05
2026-02-12 12:05:30.420 | INFO     | aivc_trade.strategy.sizing:compute_qty:66 - Sizing: qty=2.3109, notional=8808.94, risk=2.06%, equity=9272.71
2026-02-12 12:05:30.433 | DEBUG    | aivc_trade.execution.position_manager:update_stop:55 - Trail updated: ETHUSDC trail=3801.46 (close=3916.85)
2026-02-12 12:05:30.442 | INFO     | aivc_trade.execution.position_manager:check_exit:86 - EXIT TRAILING_STOP: ETHUSDC close=3781.60 stop=3801.46
2026-02-12 12:05:41.979 | INFO     | aivc_trade.strategy.signal:generate_signals:253 - Signal: BTCUSDC score=-0.0306 entry=62377.89 stop=61366.71
2026-02-12 12:05:41.980 | INFO     | aivc_trade.strategy.sizing:compute_qty:66 - Sizing: qty=0.13965000000000002, notional=8710.96, risk=1.54%, equity=9169.95
2026-02-12 12:05:42.157 | INFO     | aivc_trade.execution.position_manager:check_exit:101 - EXIT TIMEOUT: BTCUSDC held 48.0h, MFE=338.90
2026-02-12 12:05:43.809 | INFO     | aivc_trade.strategy.signal:generate_signals:253 - Signal: BTCUSDC score=-0.0628 entry=68284.73 stop=67369.97
2026-02-12 12:05:43.810 | INFO     | aivc_trade.strategy.sizing:compute_qty:66 - Sizing: qty=0.12771000000000002, notional=8720.64, risk=1.27%, equity=9179.92
2026-02-12 12:05:43.898 | INFO     | aivc_trade.execution.position_manager:check_exit:86 - EXIT STOP_LOSS: BTCUSDC close=66786.02 stop=67369.97
2026-02-12 12:05:45.274 | INFO     | aivc_trade.strategy.signal:generate_signals:253 - Signal: BTCUSDC score=0.1596 entry=76896.02 stop=75620.86
2026-02-12 12:05:45.275 | INFO     | aivc_trade.strategy.sizing:compute_qty:66 - Sizing: qty=0.11075000000000002, notional=8514.47, risk=1.56%, equity=8962.65
2026-02-12 12:05:45.410 | DEBUG    | aivc_trade.execution.position_manager:update_stop:55 - Trail updated: BTCUSDC trail=77530.01 (close=79143.91)
2026-02-12 12:05:45.427 | DEBUG    | aivc_trade.execution.position_manager:update_stop:55 - Trail updated: BTCUSDC trail=77654.87 (close=79159.20)
2026-02-12 12:05:45.431 | DEBUG    | aivc_trade.execution.position_manager:update_stop:55 - Trail updated: BTCUSDC trail=77974.68 (close=79410.11)
2026-02-12 12:05:45.436 | DEBUG    | aivc_trade.execution.position_manager:update_stop:55 - Trail updated: BTCUSDC trail=78187.37 (close=79592.03)
2026-02-12 12:05:45.440 | DEBUG    | aivc_trade.execution.position_manager:update_stop:55 - Trail updated: BTCUSDC trail=78498.63 (close=79883.99)
2026-02-12 12:05:45.460 | DEBUG    | aivc_trade.execution.position_manager:update_stop:55 - Trail updated: BTCUSDC trail=78503.50 (close=79839.44)
2026-02-12 12:05:45.464 | DEBUG    | aivc_trade.execution.position_manager:update_stop:55 - Trail updated: BTCUSDC trail=78909.92 (close=80431.68)
2026-02-12 12:05:45.469 | DEBUG    | aivc_trade.execution.position_manager:update_stop:55 - Trail updated: BTCUSDC trail=79069.34 (close=80626.19)
2026-02-12 12:05:45.477 | INFO     | aivc_trade.execution.position_manager:check_exit:86 - EXIT TRAILING_STOP: BTCUSDC close=78989.23 stop=79069.34
2026-02-12 12:05:50.510 | INFO     | aivc_trade.strategy.signal:generate_signals:253 - Signal: BTCUSDC score=0.1378 entry=95516.21 stop=94185.88
2026-02-12 12:05:50.512 | INFO     | aivc_trade.strategy.sizing:compute_qty:66 - Sizing: qty=0.09119000000000001, notional=8711.80, risk=1.34%, equity=9170.43
2026-02-12 12:05:50.532 | DEBUG    | aivc_trade.execution.position_manager:update_stop:55 - Trail updated: BTCUSDC trail=95218.24 (close=96625.57)
2026-02-12 12:05:50.537 | DEBUG    | aivc_trade.execution.position_manager:update_stop:55 - Trail updated: BTCUSDC trail=95298.42 (close=96603.97)
2026-02-12 12:05:50.541 | DEBUG    | aivc_trade.execution.position_manager:update_stop:55 - Trail updated: BTCUSDC trail=95359.83 (close=96629.23)
2026-02-12 12:05:50.546 | DEBUG    | aivc_trade.execution.position_manager:update_stop:55 - Trail updated: BTCUSDC trail=95555.52 (close=96754.21)
2026-02-12 12:05:50.556 | DEBUG    | aivc_trade.execution.position_manager:update_stop:55 - Trail updated: BTCUSDC trail=95610.29 (close=97165.36)
2026-02-12 12:05:50.615 | DEBUG    | aivc_trade.execution.position_manager:update_stop:55 - Trail updated: BTCUSDC trail=95648.09 (close=96974.87)
2026-02-12 12:05:50.660 | DEBUG    | aivc_trade.execution.position_manager:update_stop:55 - Trail updated: BTCUSDC trail=95803.55 (close=96950.30)
2026-02-12 12:05:50.664 | DEBUG    | aivc_trade.execution.position_manager:update_stop:55 - Trail updated: BTCUSDC trail=96164.43 (close=97452.00)
2026-02-12 12:05:50.669 | DEBUG    | aivc_trade.execution.position_manager:update_stop:55 - Trail updated: BTCUSDC trail=96342.21 (close=97801.50)
2026-02-12 12:05:50.673 | DEBUG    | aivc_trade.execution.position_manager:update_stop:55 - Trail updated: BTCUSDC trail=96543.29 (close=97966.09)
2026-02-12 12:05:50.678 | DEBUG    | aivc_trade.execution.position_manager:update_stop:55 - Trail updated: BTCUSDC trail=97012.84 (close=98484.02)
2026-02-12 12:05:50.682 | DEBUG    | aivc_trade.execution.position_manager:update_stop:55 - Trail updated: BTCUSDC trail=97116.05 (close=98556.40)
2026-02-12 12:05:50.711 | DEBUG    | aivc_trade.execution.position_manager:update_stop:55 - Trail updated: BTCUSDC trail=97175.04 (close=98267.99)
2026-02-12 12:05:50.879 | DEBUG    | aivc_trade.execution.position_manager:update_stop:55 - Trail updated: BTCUSDC trail=97261.22 (close=98266.12)
2026-02-12 12:05:50.893 | DEBUG    | aivc_trade.execution.position_manager:update_stop:55 - Trail updated: BTCUSDC trail=97326.48 (close=98349.19)
2026-02-12 12:05:50.901 | DEBUG    | aivc_trade.execution.position_manager:update_stop:55 - Trail updated: BTCUSDC trail=97499.83 (close=98728.84)
2026-02-12 12:05:50.906 | DEBUG    | aivc_trade.execution.position_manager:update_stop:55 - Trail updated: BTCUSDC trail=97511.14 (close=98786.99)
2026-02-12 12:05:50.910 | DEBUG    | aivc_trade.execution.position_manager:update_stop:55 - Trail updated: BTCUSDC trail=97740.52 (close=99003.16)
2026-02-12 12:05:50.915 | DEBUG    | aivc_trade.execution.position_manager:update_stop:55 - Trail updated: BTCUSDC trail=98185.02 (close=99430.45)
2026-02-12 12:05:50.920 | DEBUG    | aivc_trade.execution.position_manager:update_stop:55 - Trail updated: BTCUSDC trail=98334.61 (close=99577.76)
2026-02-12 12:05:50.955 | DEBUG    | aivc_trade.execution.position_manager:update_stop:55 - Trail updated: BTCUSDC trail=98740.29 (close=100728.03)
2026-02-12 12:05:50.960 | DEBUG    | aivc_trade.execution.position_manager:update_stop:55 - Trail updated: BTCUSDC trail=99755.93 (close=102147.00)
2026-02-12 12:05:50.964 | DEBUG    | aivc_trade.execution.position_manager:update_stop:55 - Trail updated: BTCUSDC trail=99835.99 (close=102164.00)
2026-02-12 12:05:50.980 | DEBUG    | aivc_trade.execution.position_manager:update_stop:55 - Trail updated: BTCUSDC trail=100242.50 (close=102174.71)
2026-02-12 12:05:50.993 | DEBUG    | aivc_trade.execution.position_manager:update_stop:55 - Trail updated: BTCUSDC trail=100578.80 (close=102282.76)
2026-02-12 12:05:51.022 | DEBUG    | aivc_trade.execution.position_manager:update_stop:55 - Trail updated: BTCUSDC trail=100683.45 (close=101832.23)
2026-02-12 12:05:51.031 | DEBUG    | aivc_trade.execution.position_manager:update_stop:55 - Trail updated: BTCUSDC trail=100796.73 (close=101892.39)
2026-02-12 12:05:51.047 | INFO     | aivc_trade.execution.position_manager:check_exit:86 - EXIT TRAILING_STOP: BTCUSDC close=100759.16 stop=100796.73
2026-02-12 12:06:05.492 | INFO     | aivc_trade.strategy.signal:generate_signals:253 - Signal: BTCUSDC score=-0.3367 entry=97823.25 stop=96466.11
2026-02-12 12:06:05.494 | INFO     | aivc_trade.strategy.sizing:compute_qty:66 - Sizing: qty=0.09342, notional=9138.65, risk=1.32%, equity=9620.01
2026-02-12 12:06:05.503 | DEBUG    | aivc_trade.execution.position_manager:update_stop:55 - Trail updated: BTCUSDC trail=97483.16 (close=99162.00)
2026-02-12 12:06:05.517 | DEBUG    | aivc_trade.execution.position_manager:update_stop:55 - Trail updated: BTCUSDC trail=97605.65 (close=99036.01)
2026-02-12 12:06:05.522 | DEBUG    | aivc_trade.execution.position_manager:update_stop:55 - Trail updated: BTCUSDC trail=97911.54 (close=99263.04)
2026-02-12 12:06:05.527 | DEBUG    | aivc_trade.execution.position_manager:update_stop:55 - Trail updated: BTCUSDC trail=98311.69 (close=99671.04)
2026-02-12 12:06:05.532 | DEBUG    | aivc_trade.execution.position_manager:update_stop:55 - Trail updated: BTCUSDC trail=98535.53 (close=99800.01)
2026-02-12 12:06:05.537 | DEBUG    | aivc_trade.execution.position_manager:update_stop:55 - Trail updated: BTCUSDC trail=98624.86 (close=99792.02)
2026-02-12 12:06:05.566 | DEBUG    | aivc_trade.execution.position_manager:update_stop:55 - Trail updated: BTCUSDC trail=99009.04 (close=100773.98)
2026-02-12 12:06:05.570 | DEBUG    | aivc_trade.execution.position_manager:update_stop:55 - Trail updated: BTCUSDC trail=99514.97 (close=101299.99)
2026-02-12 12:06:05.575 | INFO     | aivc_trade.execution.position_manager:check_exit:109 - EXIT REGIME: BTCUSDC regime=CHAOS
2026-02-12 12:06:06.951 | INFO     | aivc_trade.strategy.signal:generate_signals:253 - Signal: BTCUSDC score=-0.1105 entry=107816.00 stop=106191.54
2026-02-12 12:06:06.952 | INFO     | aivc_trade.strategy.sizing:compute_qty:66 - Sizing: qty=0.08716, notional=9397.24, risk=1.43%, equity=9892.07
2026-02-12 12:06:06.987 | DEBUG    | aivc_trade.execution.position_manager:update_stop:55 - Trail updated: BTCUSDC trail=106825.11 (close=109068.01)
2026-02-12 12:06:07.002 | INFO     | aivc_trade.execution.position_manager:check_exit:86 - EXIT TRAILING_STOP: BTCUSDC close=106659.79 stop=106825.11
2026-02-12 12:06:35.243 | INFO     | aivc_trade.backtest.simulator:run:259 - Backtest done: 13 trades, final equity=9763.25
2026-02-12 12:06:35.819 | INFO     | __main__:main:206 - Backtest reports saved → data/backtest_results
2026-02-12 12:06:36.157 | INFO     | __main__:main:213 - Data/safety checks saved → data/backtest_results/data_quality_checks.csv , data/backtest_results/safety_checks.csv
2026-02-12 12:08:51.124 | INFO     | __main__:main:166 - ==================================================
2026-02-12 12:08:51.126 | INFO     | __main__:main:167 - AIVC Trade – Phase A Backtest
2026-02-12 12:08:51.126 | INFO     | __main__:main:168 - Period: 2023-03-13 → 2025-12-31
2026-02-12 12:08:51.126 | INFO     | __main__:main:169 - Initial equity: 10000.0
2026-02-12 12:08:51.127 | INFO     | __main__:main:170 - ==================================================
2026-02-12 12:08:51.179 | DEBUG    | aivc_trade.data.candles_store:load:37 - Loaded 24594 rows ← data/candles/BTCUSDC/1h.parquet
2026-02-12 12:08:51.187 | INFO     | __main__:_ensure_data:55 - Using cached 1h data for BTCUSDC (24594 rows)
2026-02-12 12:08:51.264 | DEBUG    | aivc_trade.data.candles_store:load:37 - Loaded 295107 rows ← data/candles/BTCUSDC/5m.parquet
2026-02-12 12:08:51.271 | INFO     | __main__:_ensure_data:78 - Using cached 5m data for BTCUSDC (295107 rows)
2026-02-12 12:08:51.305 | DEBUG    | aivc_trade.data.candles_store:load:37 - Loaded 24594 rows ← data/candles/ETHUSDC/1h.parquet
2026-02-12 12:08:51.309 | INFO     | __main__:_ensure_data:55 - Using cached 1h data for ETHUSDC (24594 rows)
2026-02-12 12:08:51.366 | DEBUG    | aivc_trade.data.candles_store:load:37 - Loaded 295107 rows ← data/candles/ETHUSDC/5m.parquet
2026-02-12 12:08:51.372 | INFO     | __main__:_ensure_data:78 - Using cached 5m data for ETHUSDC (295107 rows)
2026-02-12 12:08:53.846 | INFO     | aivc_trade.strategy.signal:generate_signals:253 - Signal: BTCUSDC score=-0.0619 entry=30772.51 stop=30358.27
2026-02-12 12:08:53.848 | INFO     | aivc_trade.strategy.sizing:compute_qty:66 - Sizing: qty=0.30871000000000004, notional=9499.78, risk=1.28%, equity=10000.00
2026-02-12 12:08:53.870 | DEBUG    | aivc_trade.execution.position_manager:update_stop:55 - Trail updated: BTCUSDC trail=30489.84 (close=30975.80)
2026-02-12 12:08:53.903 | INFO     | aivc_trade.execution.position_manager:check_exit:86 - EXIT TRAILING_STOP: BTCUSDC close=30266.69 stop=30489.84
2026-02-12 12:08:55.741 | INFO     | aivc_trade.strategy.signal:generate_signals:253 - Signal: BTCUSDC score=0.0189 entry=29704.54 stop=29236.67
2026-02-12 12:08:55.743 | INFO     | aivc_trade.strategy.sizing:compute_qty:66 - Sizing: qty=0.31389, notional=9322.89, risk=1.49%, equity=9813.71
2026-02-12 12:08:55.785 | INFO     | aivc_trade.execution.position_manager:check_exit:86 - EXIT STOP_LOSS: BTCUSDC close=29128.63 stop=29236.67
2026-02-12 12:09:07.866 | INFO     | aivc_trade.strategy.signal:generate_signals:253 - Signal: BTCUSDC score=-0.0654 entry=26518.41 stop=26163.03
2026-02-12 12:09:07.869 | INFO     | aivc_trade.strategy.sizing:compute_qty:66 - Sizing: qty=0.34405, notional=9123.25, risk=1.27%, equity=9603.69
2026-02-12 12:09:07.926 | DEBUG    | aivc_trade.execution.position_manager:update_stop:55 - Trail updated: BTCUSDC trail=26314.11 (close=26732.33)
2026-02-12 12:09:08.015 | INFO     | aivc_trade.execution.position_manager:check_exit:109 - EXIT REGIME: BTCUSDC regime=CHAOS
2026-02-12 12:09:13.828 | INFO     | aivc_trade.strategy.signal:generate_signals:253 - Signal: BTCUSDC score=-0.0149 entry=34495.81 stop=33746.14
2026-02-12 12:09:13.829 | INFO     | aivc_trade.strategy.sizing:compute_qty:66 - Sizing: qty=0.26230000000000003, notional=9047.69, risk=2.06%, equity=9523.95
2026-02-12 12:09:13.838 | DEBUG    | aivc_trade.execution.position_manager:update_stop:55 - Trail updated: BTCUSDC trail=33950.58 (close=34852.47)
2026-02-12 12:09:13.940 | INFO     | aivc_trade.execution.position_manager:check_exit:86 - EXIT TRAILING_STOP: BTCUSDC close=33767.74 stop=33950.58
2026-02-12 12:09:15.453 | INFO     | aivc_trade.strategy.signal:generate_signals:253 - Signal: BTCUSDC score=-0.1270 entry=37388.10 stop=36719.36
2026-02-12 12:09:15.455 | INFO     | aivc_trade.strategy.sizing:compute_qty:66 - Sizing: qty=0.23641, notional=8838.89, risk=1.70%, equity=9304.41
2026-02-12 12:09:15.655 | INFO     | aivc_trade.execution.position_manager:check_exit:101 - EXIT TIMEOUT: BTCUSDC held 48.0h, MFE=0.00
2026-02-12 12:09:16.717 | INFO     | aivc_trade.strategy.signal:generate_signals:253 - Signal: ETHUSDC score=0.0672 entry=2030.49 stop=1993.04
2026-02-12 12:09:16.719 | INFO     | aivc_trade.strategy.sizing:compute_qty:66 - Sizing: qty=4.3093, notional=8756.37, risk=1.82%, equity=9217.30
2026-02-12 12:09:16.742 | DEBUG    | aivc_trade.execution.position_manager:update_stop:55 - Trail updated: ETHUSDC trail=2013.90 (close=2062.19)
2026-02-12 12:09:16.746 | DEBUG    | aivc_trade.execution.position_manager:update_stop:55 - Trail updated: ETHUSDC trail=2027.09 (close=2077.12)
2026-02-12 12:09:16.751 | DEBUG    | aivc_trade.execution.position_manager:update_stop:55 - Trail updated: ETHUSDC trail=2029.33 (close=2075.59)
2026-02-12 12:09:16.756 | DEBUG    | aivc_trade.execution.position_manager:update_stop:55 - Trail updated: ETHUSDC trail=2034.48 (close=2081.70)
2026-02-12 12:09:16.798 | DEBUG    | aivc_trade.execution.position_manager:update_stop:55 - Trail updated: ETHUSDC trail=2036.06 (close=2066.19)
2026-02-12 12:09:16.803 | DEBUG    | aivc_trade.execution.position_manager:update_stop:55 - Trail updated: ETHUSDC trail=2049.26 (close=2081.72)
2026-02-12 12:09:16.808 | DEBUG    | aivc_trade.execution.position_manager:update_stop:55 - Trail updated: ETHUSDC trail=2055.83 (close=2088.10)
2026-02-12 12:09:16.824 | INFO     | aivc_trade.execution.position_manager:check_exit:86 - EXIT TRAILING_STOP: ETHUSDC close=2054.01 stop=2055.83
2026-02-12 12:09:16.826 | DEBUG    | aivc_trade.strategy.signal:generate_signals:212 - ETHUSDC in cooldown until 2023-11-23 19:00:00+00:00
2026-02-12 12:09:16.831 | DEBUG    | aivc_trade.strategy.signal:generate_signals:212 - ETHUSDC in cooldown until 2023-11-23 19:00:00+00:00
2026-02-12 12:09:25.874 | INFO     | aivc_trade.strategy.signal:generate_signals:253 - Signal: BTCUSDC score=0.0667 entry=52650.20 stop=51757.36
2026-02-12 12:09:25.876 | INFO     | aivc_trade.strategy.sizing:compute_qty:66 - Sizing: qty=0.16744, notional=8814.71, risk=1.60%, equity=9278.85
2026-02-12 12:09:25.904 | INFO     | aivc_trade.execution.position_manager:check_exit:86 - EXIT STOP_LOSS: BTCUSDC close=51738.08 stop=51757.36
2026-02-12 12:09:36.978 | INFO     | aivc_trade.strategy.signal:generate_signals:253 - Signal: ETHUSDC score=0.0408 entry=3811.80 stop=3729.05
2026-02-12 12:09:36.980 | INFO     | aivc_trade.strategy.sizing:compute_qty:66 - Sizing: qty=2.2678000000000003, notional=8644.65, risk=2.06%, equity=9099.98
2026-02-12 12:09:37.001 | DEBUG    | aivc_trade.execution.position_manager:update_stop:55 - Trail updated: ETHUSDC trail=3801.46 (close=3916.85)
2026-02-12 12:09:37.011 | INFO     | aivc_trade.execution.position_manager:check_exit:86 - EXIT TRAILING_STOP: ETHUSDC close=3781.60 stop=3801.46
2026-02-12 12:09:55.382 | INFO     | aivc_trade.strategy.signal:generate_signals:253 - Signal: BTCUSDC score=-0.0306 entry=62377.89 stop=61366.71
2026-02-12 12:09:55.383 | INFO     | aivc_trade.strategy.sizing:compute_qty:66 - Sizing: qty=0.13705, notional=8548.78, risk=1.54%, equity=8999.13
2026-02-12 12:09:55.636 | INFO     | aivc_trade.execution.position_manager:check_exit:101 - EXIT TIMEOUT: BTCUSDC held 48.0h, MFE=338.90
2026-02-12 12:09:57.990 | INFO     | aivc_trade.strategy.signal:generate_signals:253 - Signal: BTCUSDC score=-0.0628 entry=68284.73 stop=67369.97
2026-02-12 12:09:57.992 | INFO     | aivc_trade.strategy.sizing:compute_qty:66 - Sizing: qty=0.12533, notional=8558.13, risk=1.27%, equity=9008.92
2026-02-12 12:09:58.112 | INFO     | aivc_trade.execution.position_manager:check_exit:86 - EXIT STOP_LOSS: BTCUSDC close=66786.02 stop=67369.97
2026-02-12 12:10:00.005 | INFO     | aivc_trade.strategy.signal:generate_signals:253 - Signal: BTCUSDC score=0.1596 entry=76896.02 stop=75620.86
2026-02-12 12:10:00.006 | INFO     | aivc_trade.strategy.sizing:compute_qty:66 - Sizing: qty=0.10868000000000001, notional=8355.32, risk=1.56%, equity=8795.69
2026-02-12 12:10:00.199 | DEBUG    | aivc_trade.execution.position_manager:update_stop:55 - Trail updated: BTCUSDC trail=77530.01 (close=79143.91)
2026-02-12 12:10:00.221 | DEBUG    | aivc_trade.execution.position_manager:update_stop:55 - Trail updated: BTCUSDC trail=77654.87 (close=79159.20)
2026-02-12 12:10:00.226 | DEBUG    | aivc_trade.execution.position_manager:update_stop:55 - Trail updated: BTCUSDC trail=77974.68 (close=79410.11)
2026-02-12 12:10:00.233 | DEBUG    | aivc_trade.execution.position_manager:update_stop:55 - Trail updated: BTCUSDC trail=78187.37 (close=79592.03)
2026-02-12 12:10:00.238 | DEBUG    | aivc_trade.execution.position_manager:update_stop:55 - Trail updated: BTCUSDC trail=78498.63 (close=79883.99)
2026-02-12 12:10:00.267 | DEBUG    | aivc_trade.execution.position_manager:update_stop:55 - Trail updated: BTCUSDC trail=78503.50 (close=79839.44)
2026-02-12 12:10:00.273 | DEBUG    | aivc_trade.execution.position_manager:update_stop:55 - Trail updated: BTCUSDC trail=78909.92 (close=80431.68)
2026-02-12 12:10:00.279 | DEBUG    | aivc_trade.execution.position_manager:update_stop:55 - Trail updated: BTCUSDC trail=79069.34 (close=80626.19)
2026-02-12 12:10:00.290 | INFO     | aivc_trade.execution.position_manager:check_exit:86 - EXIT TRAILING_STOP: BTCUSDC close=78989.23 stop=79069.34
2026-02-12 12:10:07.228 | INFO     | aivc_trade.strategy.signal:generate_signals:253 - Signal: BTCUSDC score=0.1378 entry=95516.21 stop=94185.88
2026-02-12 12:10:07.229 | INFO     | aivc_trade.strategy.sizing:compute_qty:66 - Sizing: qty=0.08949000000000001, notional=8549.39, risk=1.34%, equity=8999.59
2026-02-12 12:10:07.259 | DEBUG    | aivc_trade.execution.position_manager:update_stop:55 - Trail updated: BTCUSDC trail=95218.24 (close=96625.57)
2026-02-12 12:10:07.265 | DEBUG    | aivc_trade.execution.position_manager:update_stop:55 - Trail updated: BTCUSDC trail=95298.42 (close=96603.97)
2026-02-12 12:10:07.271 | DEBUG    | aivc_trade.execution.position_manager:update_stop:55 - Trail updated: BTCUSDC trail=95359.83 (close=96629.23)
2026-02-12 12:10:07.277 | DEBUG    | aivc_trade.execution.position_manager:update_stop:55 - Trail updated: BTCUSDC trail=95555.52 (close=96754.21)
2026-02-12 12:10:07.288 | DEBUG    | aivc_trade.execution.position_manager:update_stop:55 - Trail updated: BTCUSDC trail=95610.29 (close=97165.36)
2026-02-12 12:10:07.359 | DEBUG    | aivc_trade.execution.position_manager:update_stop:55 - Trail updated: BTCUSDC trail=95648.09 (close=96974.87)
2026-02-12 12:10:07.432 | DEBUG    | aivc_trade.execution.position_manager:update_stop:55 - Trail updated: BTCUSDC trail=95803.55 (close=96950.30)
2026-02-12 12:10:07.437 | DEBUG    | aivc_trade.execution.position_manager:update_stop:55 - Trail updated: BTCUSDC trail=96164.43 (close=97452.00)
2026-02-12 12:10:07.444 | DEBUG    | aivc_trade.execution.position_manager:update_stop:55 - Trail updated: BTCUSDC trail=96342.21 (close=97801.50)
2026-02-12 12:10:07.450 | DEBUG    | aivc_trade.execution.position_manager:update_stop:55 - Trail updated: BTCUSDC trail=96543.29 (close=97966.09)
2026-02-12 12:10:07.456 | DEBUG    | aivc_trade.execution.position_manager:update_stop:55 - Trail updated: BTCUSDC trail=97012.84 (close=98484.02)
2026-02-12 12:10:07.462 | DEBUG    | aivc_trade.execution.position_manager:update_stop:55 - Trail updated: BTCUSDC trail=97116.05 (close=98556.40)
2026-02-12 12:10:07.501 | DEBUG    | aivc_trade.execution.position_manager:update_stop:55 - Trail updated: BTCUSDC trail=97175.04 (close=98267.99)
2026-02-12 12:10:07.733 | DEBUG    | aivc_trade.execution.position_manager:update_stop:55 - Trail updated: BTCUSDC trail=97261.22 (close=98266.12)
2026-02-12 12:10:07.753 | DEBUG    | aivc_trade.execution.position_manager:update_stop:55 - Trail updated: BTCUSDC trail=97326.48 (close=98349.19)
2026-02-12 12:10:07.765 | DEBUG    | aivc_trade.execution.position_manager:update_stop:55 - Trail updated: BTCUSDC trail=97499.83 (close=98728.84)
2026-02-12 12:10:07.771 | DEBUG    | aivc_trade.execution.position_manager:update_stop:55 - Trail updated: BTCUSDC trail=97511.14 (close=98786.99)
2026-02-12 12:10:07.777 | DEBUG    | aivc_trade.execution.position_manager:update_stop:55 - Trail updated: BTCUSDC trail=97740.52 (close=99003.16)
2026-02-12 12:10:07.783 | DEBUG    | aivc_trade.execution.position_manager:update_stop:55 - Trail updated: BTCUSDC trail=98185.02 (close=99430.45)
2026-02-12 12:10:07.790 | DEBUG    | aivc_trade.execution.position_manager:update_stop:55 - Trail updated: BTCUSDC trail=98334.61 (close=99577.76)
2026-02-12 12:10:07.839 | DEBUG    | aivc_trade.execution.position_manager:update_stop:55 - Trail updated: BTCUSDC trail=98740.29 (close=100728.03)
2026-02-12 12:10:07.845 | DEBUG    | aivc_trade.execution.position_manager:update_stop:55 - Trail updated: BTCUSDC trail=99755.93 (close=102147.00)
2026-02-12 12:10:07.851 | DEBUG    | aivc_trade.execution.position_manager:update_stop:55 - Trail updated: BTCUSDC trail=99835.99 (close=102164.00)
2026-02-12 12:10:07.875 | DEBUG    | aivc_trade.execution.position_manager:update_stop:55 - Trail updated: BTCUSDC trail=100242.50 (close=102174.71)
2026-02-12 12:10:07.893 | DEBUG    | aivc_trade.execution.position_manager:update_stop:55 - Trail updated: BTCUSDC trail=100578.80 (close=102282.76)
2026-02-12 12:10:07.936 | DEBUG    | aivc_trade.execution.position_manager:update_stop:55 - Trail updated: BTCUSDC trail=100683.45 (close=101832.23)
2026-02-12 12:10:07.948 | DEBUG    | aivc_trade.execution.position_manager:update_stop:55 - Trail updated: BTCUSDC trail=100796.73 (close=101892.39)
2026-02-12 12:10:07.972 | INFO     | aivc_trade.execution.position_manager:check_exit:86 - EXIT TRAILING_STOP: BTCUSDC close=100759.16 stop=100796.73
2026-02-12 12:10:26.573 | INFO     | aivc_trade.strategy.signal:generate_signals:253 - Signal: BTCUSDC score=-0.3367 entry=97823.25 stop=96466.11
2026-02-12 12:10:26.575 | INFO     | aivc_trade.strategy.sizing:compute_qty:66 - Sizing: qty=0.09168000000000001, notional=8968.44, risk=1.32%, equity=9440.79
2026-02-12 12:10:26.588 | DEBUG    | aivc_trade.execution.position_manager:update_stop:55 - Trail updated: BTCUSDC trail=97483.16 (close=99162.00)
2026-02-12 12:10:26.607 | DEBUG    | aivc_trade.execution.position_manager:update_stop:55 - Trail updated: BTCUSDC trail=97605.65 (close=99036.01)
2026-02-12 12:10:26.613 | DEBUG    | aivc_trade.execution.position_manager:update_stop:55 - Trail updated: BTCUSDC trail=97911.54 (close=99263.04)
2026-02-12 12:10:26.620 | DEBUG    | aivc_trade.execution.position_manager:update_stop:55 - Trail updated: BTCUSDC trail=98311.69 (close=99671.04)
2026-02-12 12:10:26.627 | DEBUG    | aivc_trade.execution.position_manager:update_stop:55 - Trail updated: BTCUSDC trail=98535.53 (close=99800.01)
2026-02-12 12:10:26.633 | DEBUG    | aivc_trade.execution.position_manager:update_stop:55 - Trail updated: BTCUSDC trail=98624.86 (close=99792.02)
2026-02-12 12:10:26.664 | DEBUG    | aivc_trade.execution.position_manager:update_stop:55 - Trail updated: BTCUSDC trail=99009.04 (close=100773.98)
2026-02-12 12:10:26.671 | DEBUG    | aivc_trade.execution.position_manager:update_stop:55 - Trail updated: BTCUSDC trail=99514.97 (close=101299.99)
2026-02-12 12:10:26.678 | INFO     | aivc_trade.execution.position_manager:check_exit:109 - EXIT REGIME: BTCUSDC regime=CHAOS
2026-02-12 12:10:28.532 | INFO     | aivc_trade.strategy.signal:generate_signals:253 - Signal: BTCUSDC score=-0.1105 entry=107816.00 stop=106191.54
2026-02-12 12:10:28.534 | INFO     | aivc_trade.strategy.sizing:compute_qty:66 - Sizing: qty=0.08553000000000001, notional=9221.50, risk=1.43%, equity=9707.78
2026-02-12 12:10:28.583 | DEBUG    | aivc_trade.execution.position_manager:update_stop:55 - Trail updated: BTCUSDC trail=106825.11 (close=109068.01)
2026-02-12 12:10:28.603 | INFO     | aivc_trade.execution.position_manager:check_exit:86 - EXIT TRAILING_STOP: BTCUSDC close=106659.79 stop=106825.11
2026-02-12 12:10:31.400 | INFO     | aivc_trade.strategy.signal:generate_signals:253 - Signal: ETHUSDC score=0.0259 entry=2559.80 stop=2510.07
2026-02-12 12:10:31.401 | INFO     | aivc_trade.strategy.sizing:compute_qty:66 - Sizing: qty=3.5557000000000003, notional=9102.20, risk=1.85%, equity=9581.37
2026-02-12 12:10:31.414 | DEBUG    | aivc_trade.execution.position_manager:update_stop:55 - Trail updated: ETHUSDC trail=2531.33 (close=2585.72)
2026-02-12 12:10:31.427 | DEBUG    | aivc_trade.execution.position_manager:update_stop:55 - Trail updated: ETHUSDC trail=2539.30 (close=2590.90)
2026-02-12 12:10:31.433 | DEBUG    | aivc_trade.execution.position_manager:update_stop:55 - Trail updated: ETHUSDC trail=2579.97 (close=2644.85)
2026-02-12 12:10:31.440 | DEBUG    | aivc_trade.execution.position_manager:update_stop:55 - Trail updated: ETHUSDC trail=2601.82 (close=2667.46)
2026-02-12 12:10:31.447 | DEBUG    | aivc_trade.execution.position_manager:update_stop:55 - Trail updated: ETHUSDC trail=2612.31 (close=2681.38)
2026-02-12 12:10:31.453 | DEBUG    | aivc_trade.execution.position_manager:update_stop:55 - Trail updated: ETHUSDC trail=2623.67 (close=2700.17)
2026-02-12 12:10:31.459 | DEBUG    | aivc_trade.execution.position_manager:update_stop:55 - Trail updated: ETHUSDC trail=2637.08 (close=2709.51)
2026-02-12 12:10:31.514 | DEBUG    | aivc_trade.execution.position_manager:update_stop:55 - Trail updated: ETHUSDC trail=2639.96 (close=2696.52)
2026-02-12 12:10:31.521 | DEBUG    | aivc_trade.execution.position_manager:update_stop:55 - Trail updated: ETHUSDC trail=2688.94 (close=2774.74)
2026-02-12 12:10:31.545 | INFO     | aivc_trade.execution.position_manager:check_exit:109 - EXIT REGIME: ETHUSDC regime=CHAOS
2026-02-12 12:11:05.174 | INFO     | aivc_trade.backtest.simulator:run:259 - Backtest done: 15 trades, final equity=10172.40
2026-02-12 12:11:06.037 | INFO     | __main__:main:206 - Backtest reports saved → data/backtest_results
2026-02-12 12:11:07.401 | INFO     | __main__:main:213 - Data/safety checks saved → data/backtest_results/data_quality_checks.csv , data/backtest_results/safety_checks.csv
2026-02-12 12:15:17.860 | DEBUG    | aivc_trade.execution.position_manager:update_stop:55 - Trail updated: BTCUSDC trail=49500.00 (close=52000.00)
2026-02-12 12:15:17.862 | INFO     | aivc_trade.execution.position_manager:check_exit:86 - EXIT TRAILING_STOP: BTCUSDC close=49499.00 stop=49500.00
2026-02-12 12:15:17.870 | INFO     | aivc_trade.execution.position_manager:check_exit:94 - EXIT REGIME: BTCUSDC regime=CHAOS
2026-02-12 12:15:17.878 | INFO     | aivc_trade.execution.position_manager:check_exit:94 - EXIT REGIME: BTCUSDC regime=RANGE
2026-02-12 12:19:11.915 | INFO     | __main__:main:166 - ==================================================
2026-02-12 12:19:11.917 | INFO     | __main__:main:167 - AIVC Trade – Phase A Backtest
2026-02-12 12:19:11.918 | INFO     | __main__:main:168 - Period: 2023-03-13 → 2025-12-31
2026-02-12 12:19:11.918 | INFO     | __main__:main:169 - Initial equity: 10000.0
2026-02-12 12:19:11.918 | INFO     | __main__:main:170 - ==================================================
2026-02-12 12:19:11.969 | DEBUG    | aivc_trade.data.candles_store:load:37 - Loaded 24594 rows ← data/candles/BTCUSDC/1h.parquet
2026-02-12 12:19:11.976 | INFO     | __main__:_ensure_data:55 - Using cached 1h data for BTCUSDC (24594 rows)
2026-02-12 12:19:12.048 | DEBUG    | aivc_trade.data.candles_store:load:37 - Loaded 295107 rows ← data/candles/BTCUSDC/5m.parquet
2026-02-12 12:19:12.055 | INFO     | __main__:_ensure_data:78 - Using cached 5m data for BTCUSDC (295107 rows)
2026-02-12 12:19:12.089 | DEBUG    | aivc_trade.data.candles_store:load:37 - Loaded 24594 rows ← data/candles/ETHUSDC/1h.parquet
2026-02-12 12:19:12.093 | INFO     | __main__:_ensure_data:55 - Using cached 1h data for ETHUSDC (24594 rows)
2026-02-12 12:19:12.148 | DEBUG    | aivc_trade.data.candles_store:load:37 - Loaded 295107 rows ← data/candles/ETHUSDC/5m.parquet
2026-02-12 12:19:12.153 | INFO     | __main__:_ensure_data:78 - Using cached 5m data for ETHUSDC (295107 rows)
2026-02-12 12:19:14.666 | INFO     | aivc_trade.strategy.signal:generate_signals:253 - Signal: BTCUSDC score=-0.0619 entry=30772.51 stop=30358.27
2026-02-12 12:19:14.669 | INFO     | aivc_trade.strategy.sizing:compute_qty:66 - Sizing: qty=0.30871000000000004, notional=9499.78, risk=1.28%, equity=10000.00
2026-02-12 12:19:14.690 | DEBUG    | aivc_trade.execution.position_manager:update_stop:55 - Trail updated: BTCUSDC trail=30489.84 (close=30975.80)
2026-02-12 12:19:14.729 | INFO     | aivc_trade.execution.position_manager:check_exit:86 - EXIT TRAILING_STOP: BTCUSDC close=30266.69 stop=30489.84
2026-02-12 12:19:18.473 | INFO     | aivc_trade.strategy.signal:generate_signals:253 - Signal: BTCUSDC score=0.0189 entry=29704.54 stop=29236.67
2026-02-12 12:19:18.475 | INFO     | aivc_trade.strategy.sizing:compute_qty:66 - Sizing: qty=0.31389, notional=9322.89, risk=1.49%, equity=9813.71
2026-02-12 12:19:18.494 | INFO     | aivc_trade.execution.position_manager:check_exit:94 - EXIT REGIME: BTCUSDC regime=RANGE
2026-02-12 12:19:30.795 | INFO     | aivc_trade.strategy.signal:generate_signals:253 - Signal: BTCUSDC score=-0.0654 entry=26518.41 stop=26163.03
2026-02-12 12:19:30.797 | INFO     | aivc_trade.strategy.sizing:compute_qty:66 - Sizing: qty=0.34699, notional=9201.21, risk=1.27%, equity=9685.70
2026-02-12 12:19:30.823 | INFO     | aivc_trade.execution.position_manager:check_exit:94 - EXIT REGIME: BTCUSDC regime=RANGE
2026-02-12 12:19:30.834 | DEBUG    | aivc_trade.strategy.signal:generate_signals:212 - BTCUSDC in cooldown until 2023-09-14 14:00:00+00:00
2026-02-12 12:19:30.850 | DEBUG    | aivc_trade.strategy.signal:generate_signals:212 - BTCUSDC in cooldown until 2023-09-14 14:00:00+00:00
2026-02-12 12:19:30.855 | DEBUG    | aivc_trade.strategy.signal:generate_signals:212 - BTCUSDC in cooldown until 2023-09-14 14:00:00+00:00
2026-02-12 12:19:30.861 | DEBUG    | aivc_trade.strategy.signal:generate_signals:212 - BTCUSDC in cooldown until 2023-09-14 14:00:00+00:00
2026-02-12 12:19:35.054 | INFO     | aivc_trade.strategy.signal:generate_signals:253 - Signal: BTCUSDC score=-0.0149 entry=34495.81 stop=33746.14
2026-02-12 12:19:35.056 | INFO     | aivc_trade.strategy.sizing:compute_qty:66 - Sizing: qty=0.26384, notional=9100.82, risk=2.06%, equity=9580.17
2026-02-12 12:19:35.064 | DEBUG    | aivc_trade.execution.position_manager:update_stop:55 - Trail updated: BTCUSDC trail=33950.58 (close=34852.47)
2026-02-12 12:19:35.105 | INFO     | aivc_trade.execution.position_manager:check_exit:94 - EXIT REGIME: BTCUSDC regime=RANGE
2026-02-12 12:19:36.686 | INFO     | aivc_trade.strategy.signal:generate_signals:253 - Signal: BTCUSDC score=-0.1270 entry=37388.10 stop=36719.36
2026-02-12 12:19:36.689 | INFO     | aivc_trade.strategy.sizing:compute_qty:66 - Sizing: qty=0.24406000000000003, notional=9124.90, risk=1.70%, equity=9605.47
2026-02-12 12:19:36.739 | INFO     | aivc_trade.execution.position_manager:check_exit:94 - EXIT REGIME: BTCUSDC regime=RANGE
2026-02-12 12:19:37.944 | INFO     | aivc_trade.strategy.signal:generate_signals:253 - Signal: ETHUSDC score=0.0672 entry=2030.49 stop=1993.04
2026-02-12 12:19:37.946 | INFO     | aivc_trade.strategy.sizing:compute_qty:66 - Sizing: qty=4.4435, notional=9029.06, risk=1.82%, equity=9504.35
2026-02-12 12:19:37.969 | DEBUG    | aivc_trade.execution.position_manager:update_stop:55 - Trail updated: ETHUSDC trail=2013.90 (close=2062.19)
2026-02-12 12:19:37.974 | DEBUG    | aivc_trade.execution.position_manager:update_stop:55 - Trail updated: ETHUSDC trail=2027.09 (close=2077.12)
2026-02-12 12:19:37.979 | DEBUG    | aivc_trade.execution.position_manager:update_stop:55 - Trail updated: ETHUSDC trail=2029.33 (close=2075.59)
2026-02-12 12:19:37.984 | DEBUG    | aivc_trade.execution.position_manager:update_stop:55 - Trail updated: ETHUSDC trail=2034.48 (close=2081.70)
2026-02-12 12:19:38.019 | INFO     | aivc_trade.execution.position_manager:check_exit:94 - EXIT REGIME: ETHUSDC regime=RANGE
2026-02-12 12:19:38.053 | DEBUG    | aivc_trade.strategy.signal:generate_signals:212 - ETHUSDC in cooldown until 2023-11-23 13:00:00+00:00
2026-02-12 12:19:48.865 | INFO     | aivc_trade.strategy.signal:generate_signals:253 - Signal: BTCUSDC score=0.0667 entry=52650.20 stop=51757.36
2026-02-12 12:19:48.867 | INFO     | aivc_trade.strategy.sizing:compute_qty:66 - Sizing: qty=0.17357, notional=9137.42, risk=1.60%, equity=9618.75
2026-02-12 12:19:48.892 | INFO     | aivc_trade.execution.position_manager:check_exit:94 - EXIT REGIME: BTCUSDC regime=RANGE
2026-02-12 12:20:00.019 | INFO     | aivc_trade.strategy.signal:generate_signals:253 - Signal: ETHUSDC score=0.0408 entry=3811.80 stop=3729.05
2026-02-12 12:20:00.020 | INFO     | aivc_trade.strategy.sizing:compute_qty:66 - Sizing: qty=2.3643, notional=9012.50, risk=2.06%, equity=9487.00
2026-02-12 12:20:00.041 | DEBUG    | aivc_trade.execution.position_manager:update_stop:55 - Trail updated: ETHUSDC trail=3801.46 (close=3916.85)
2026-02-12 12:20:00.051 | INFO     | aivc_trade.execution.position_manager:check_exit:86 - EXIT TRAILING_STOP: ETHUSDC close=3781.60 stop=3801.46
2026-02-12 12:20:16.608 | INFO     | aivc_trade.strategy.signal:generate_signals:253 - Signal: BTCUSDC score=-0.0306 entry=62377.89 stop=61366.71
2026-02-12 12:20:16.609 | INFO     | aivc_trade.strategy.sizing:compute_qty:66 - Sizing: qty=0.14288, notional=8912.44, risk=1.54%, equity=9381.87
2026-02-12 12:20:16.645 | INFO     | aivc_trade.execution.position_manager:check_exit:94 - EXIT REGIME: BTCUSDC regime=RANGE
2026-02-12 12:20:21.157 | INFO     | aivc_trade.strategy.signal:generate_signals:253 - Signal: BTCUSDC score=-0.0628 entry=68284.73 stop=67369.97
2026-02-12 12:20:21.159 | INFO     | aivc_trade.strategy.sizing:compute_qty:66 - Sizing: qty=0.12955, notional=8846.29, risk=1.27%, equity=9312.04
2026-02-12 12:20:21.215 | INFO     | aivc_trade.execution.position_manager:check_exit:94 - EXIT REGIME: BTCUSDC regime=RANGE
2026-02-12 12:20:23.138 | INFO     | aivc_trade.strategy.signal:generate_signals:253 - Signal: BTCUSDC score=0.1596 entry=76896.02 stop=75620.86
2026-02-12 12:20:23.140 | INFO     | aivc_trade.strategy.sizing:compute_qty:66 - Sizing: qty=0.11383000000000001, notional=8751.26, risk=1.56%, equity=9212.19
2026-02-12 12:20:23.168 | INFO     | aivc_trade.execution.position_manager:check_exit:94 - EXIT REGIME: BTCUSDC regime=RANGE
2026-02-12 12:20:30.415 | INFO     | aivc_trade.strategy.signal:generate_signals:253 - Signal: BTCUSDC score=0.1378 entry=95516.21 stop=94185.88
2026-02-12 12:20:30.416 | INFO     | aivc_trade.strategy.sizing:compute_qty:66 - Sizing: qty=0.09099, notional=8692.69, risk=1.34%, equity=9150.90
2026-02-12 12:20:30.435 | INFO     | aivc_trade.execution.position_manager:check_exit:94 - EXIT REGIME: BTCUSDC regime=RANGE
2026-02-12 12:20:48.129 | INFO     | aivc_trade.strategy.signal:generate_signals:253 - Signal: BTCUSDC score=-0.3367 entry=97823.25 stop=96466.11
2026-02-12 12:20:48.131 | INFO     | aivc_trade.strategy.sizing:compute_qty:66 - Sizing: qty=0.08875000000000001, notional=8681.81, risk=1.32%, equity=9139.30
2026-02-12 12:20:48.143 | DEBUG    | aivc_trade.execution.position_manager:update_stop:55 - Trail updated: BTCUSDC trail=97483.16 (close=99162.00)
2026-02-12 12:20:48.162 | DEBUG    | aivc_trade.execution.position_manager:update_stop:55 - Trail updated: BTCUSDC trail=97605.65 (close=99036.01)
2026-02-12 12:20:48.168 | DEBUG    | aivc_trade.execution.position_manager:update_stop:55 - Trail updated: BTCUSDC trail=97911.54 (close=99263.04)
2026-02-12 12:20:48.175 | DEBUG    | aivc_trade.execution.position_manager:update_stop:55 - Trail updated: BTCUSDC trail=98311.69 (close=99671.04)
2026-02-12 12:20:48.181 | DEBUG    | aivc_trade.execution.position_manager:update_stop:55 - Trail updated: BTCUSDC trail=98535.53 (close=99800.01)
2026-02-12 12:20:48.187 | DEBUG    | aivc_trade.execution.position_manager:update_stop:55 - Trail updated: BTCUSDC trail=98624.86 (close=99792.02)
2026-02-12 12:20:48.216 | DEBUG    | aivc_trade.execution.position_manager:update_stop:55 - Trail updated: BTCUSDC trail=99009.04 (close=100773.98)
2026-02-12 12:20:48.223 | DEBUG    | aivc_trade.execution.position_manager:update_stop:55 - Trail updated: BTCUSDC trail=99514.97 (close=101299.99)
2026-02-12 12:20:48.229 | INFO     | aivc_trade.execution.position_manager:check_exit:94 - EXIT REGIME: BTCUSDC regime=CHAOS
2026-02-12 12:20:50.066 | INFO     | aivc_trade.strategy.signal:generate_signals:253 - Signal: BTCUSDC score=-0.1105 entry=107816.00 stop=106191.54
2026-02-12 12:20:50.068 | INFO     | aivc_trade.strategy.sizing:compute_qty:66 - Sizing: qty=0.08280000000000001, notional=8927.17, risk=1.43%, equity=9397.75
2026-02-12 12:20:50.086 | INFO     | aivc_trade.execution.position_manager:check_exit:94 - EXIT REGIME: BTCUSDC regime=RANGE
2026-02-12 12:20:54.751 | INFO     | aivc_trade.strategy.signal:generate_signals:253 - Signal: ETHUSDC score=0.0259 entry=2559.80 stop=2510.07
2026-02-12 12:20:54.752 | INFO     | aivc_trade.strategy.sizing:compute_qty:66 - Sizing: qty=3.4294000000000002, notional=8778.89, risk=1.85%, equity=9241.17
2026-02-12 12:20:54.765 | DEBUG    | aivc_trade.execution.position_manager:update_stop:55 - Trail updated: ETHUSDC trail=2531.33 (close=2585.72)
2026-02-12 12:20:54.778 | DEBUG    | aivc_trade.execution.position_manager:update_stop:55 - Trail updated: ETHUSDC trail=2539.30 (close=2590.90)
2026-02-12 12:20:54.785 | DEBUG    | aivc_trade.execution.position_manager:update_stop:55 - Trail updated: ETHUSDC trail=2579.97 (close=2644.85)
2026-02-12 12:20:54.791 | DEBUG    | aivc_trade.execution.position_manager:update_stop:55 - Trail updated: ETHUSDC trail=2601.82 (close=2667.46)
2026-02-12 12:20:54.798 | DEBUG    | aivc_trade.execution.position_manager:update_stop:55 - Trail updated: ETHUSDC trail=2612.31 (close=2681.38)
2026-02-12 12:20:54.805 | DEBUG    | aivc_trade.execution.position_manager:update_stop:55 - Trail updated: ETHUSDC trail=2623.67 (close=2700.17)
2026-02-12 12:20:54.812 | DEBUG    | aivc_trade.execution.position_manager:update_stop:55 - Trail updated: ETHUSDC trail=2637.08 (close=2709.51)
2026-02-12 12:20:54.869 | DEBUG    | aivc_trade.execution.position_manager:update_stop:55 - Trail updated: ETHUSDC trail=2639.96 (close=2696.52)
2026-02-12 12:20:54.875 | DEBUG    | aivc_trade.execution.position_manager:update_stop:55 - Trail updated: ETHUSDC trail=2688.94 (close=2774.74)
2026-02-12 12:20:54.899 | INFO     | aivc_trade.execution.position_manager:check_exit:94 - EXIT REGIME: ETHUSDC regime=CHAOS
2026-02-12 12:21:28.477 | INFO     | aivc_trade.backtest.simulator:run:259 - Backtest done: 15 trades, final equity=9811.21
2026-02-12 12:21:29.317 | INFO     | __main__:main:206 - Backtest reports saved → data/backtest_results
2026-02-12 12:21:30.589 | INFO     | __main__:main:213 - Data/safety checks saved → data/backtest_results/data_quality_checks.csv , data/backtest_results/safety_checks.csv
2026-02-12 12:27:37.616 | INFO     | aivc_trade.execution.position_manager:check_exit:87 - EXIT STOP_LOSS: BTCUSDC close=47500.00 stop=48000.00
2026-02-12 12:27:37.634 | DEBUG    | aivc_trade.execution.position_manager:update_stop:56 - Trail updated: BTCUSDC trail=49500.00 (close=52000.00)
2026-02-12 12:27:37.634 | INFO     | aivc_trade.execution.position_manager:check_exit:87 - EXIT TRAILING_STOP: BTCUSDC close=49499.00 stop=49500.00
2026-02-12 12:27:37.642 | DEBUG    | aivc_trade.execution.position_manager:check_exit:100 - REGIME BREAK HOLD: BTCUSDC regime=CHAOS count=1/3
2026-02-12 12:27:37.647 | DEBUG    | aivc_trade.execution.position_manager:check_exit:100 - REGIME BREAK HOLD: BTCUSDC regime=RANGE count=2/3
2026-02-12 12:27:37.647 | INFO     | aivc_trade.execution.position_manager:check_exit:106 - EXIT REGIME: BTCUSDC regime=CHAOS count=3
2026-02-12 12:27:37.655 | DEBUG    | aivc_trade.execution.position_manager:check_exit:100 - REGIME BREAK HOLD: BTCUSDC regime=RANGE count=1/3
2026-02-12 12:28:27.046 | INFO     | __main__:main:166 - ==================================================
2026-02-12 12:28:27.048 | INFO     | __main__:main:167 - AIVC Trade – Phase A Backtest
2026-02-12 12:28:27.048 | INFO     | __main__:main:168 - Period: 2023-03-13 → 2025-12-31
2026-02-12 12:28:27.048 | INFO     | __main__:main:169 - Initial equity: 10000.0
2026-02-12 12:28:27.049 | INFO     | __main__:main:170 - ==================================================
2026-02-12 12:28:27.099 | DEBUG    | aivc_trade.data.candles_store:load:37 - Loaded 24594 rows ← data/candles/BTCUSDC/1h.parquet
2026-02-12 12:28:27.106 | INFO     | __main__:_ensure_data:55 - Using cached 1h data for BTCUSDC (24594 rows)
2026-02-12 12:28:27.182 | DEBUG    | aivc_trade.data.candles_store:load:37 - Loaded 295107 rows ← data/candles/BTCUSDC/5m.parquet
2026-02-12 12:28:27.189 | INFO     | __main__:_ensure_data:78 - Using cached 5m data for BTCUSDC (295107 rows)
2026-02-12 12:28:27.222 | DEBUG    | aivc_trade.data.candles_store:load:37 - Loaded 24594 rows ← data/candles/ETHUSDC/1h.parquet
2026-02-12 12:28:27.227 | INFO     | __main__:_ensure_data:55 - Using cached 1h data for ETHUSDC (24594 rows)
2026-02-12 12:28:27.285 | DEBUG    | aivc_trade.data.candles_store:load:37 - Loaded 295107 rows ← data/candles/ETHUSDC/5m.parquet
2026-02-12 12:28:27.290 | INFO     | __main__:_ensure_data:78 - Using cached 5m data for ETHUSDC (295107 rows)
2026-02-12 12:28:29.756 | INFO     | aivc_trade.strategy.signal:generate_signals:253 - Signal: BTCUSDC score=-0.0619 entry=30772.51 stop=30358.27
2026-02-12 12:28:29.758 | INFO     | aivc_trade.strategy.sizing:compute_qty:66 - Sizing: qty=0.30871000000000004, notional=9499.78, risk=1.28%, equity=10000.00
2026-02-12 12:28:29.778 | DEBUG    | aivc_trade.execution.position_manager:update_stop:56 - Trail updated: BTCUSDC trail=30489.84 (close=30975.80)
2026-02-12 12:28:29.807 | INFO     | aivc_trade.execution.position_manager:check_exit:87 - EXIT TRAILING_STOP: BTCUSDC close=30266.69 stop=30489.84
2026-02-12 12:28:31.612 | INFO     | aivc_trade.strategy.signal:generate_signals:253 - Signal: BTCUSDC score=0.0189 entry=29704.54 stop=29236.67
2026-02-12 12:28:31.615 | INFO     | aivc_trade.strategy.sizing:compute_qty:66 - Sizing: qty=0.31389, notional=9322.89, risk=1.49%, equity=9813.71
2026-02-12 12:28:31.637 | DEBUG    | aivc_trade.execution.position_manager:check_exit:100 - REGIME BREAK HOLD: BTCUSDC regime=RANGE count=1/3
2026-02-12 12:28:31.641 | DEBUG    | aivc_trade.execution.position_manager:check_exit:100 - REGIME BREAK HOLD: BTCUSDC regime=RANGE count=2/3
2026-02-12 12:28:31.645 | INFO     | aivc_trade.execution.position_manager:check_exit:106 - EXIT REGIME: BTCUSDC regime=RANGE count=3
2026-02-12 12:28:43.420 | INFO     | aivc_trade.strategy.signal:generate_signals:253 - Signal: BTCUSDC score=-0.0654 entry=26518.41 stop=26163.03
2026-02-12 12:28:43.422 | INFO     | aivc_trade.strategy.sizing:compute_qty:66 - Sizing: qty=0.34711000000000003, notional=9204.39, risk=1.27%, equity=9689.01
2026-02-12 12:28:43.448 | DEBUG    | aivc_trade.execution.position_manager:check_exit:100 - REGIME BREAK HOLD: BTCUSDC regime=RANGE count=1/3
2026-02-12 12:28:43.461 | DEBUG    | aivc_trade.execution.position_manager:check_exit:100 - REGIME BREAK HOLD: BTCUSDC regime=RANGE count=1/3
2026-02-12 12:28:43.482 | DEBUG    | aivc_trade.execution.position_manager:update_stop:56 - Trail updated: BTCUSDC trail=26314.11 (close=26732.33)
2026-02-12 12:28:43.527 | DEBUG    | aivc_trade.execution.position_manager:check_exit:100 - REGIME BREAK HOLD: BTCUSDC regime=RANGE count=1/3
2026-02-12 12:28:43.532 | DEBUG    | aivc_trade.execution.position_manager:check_exit:100 - REGIME BREAK HOLD: BTCUSDC regime=RANGE count=2/3
2026-02-12 12:28:43.537 | INFO     | aivc_trade.execution.position_manager:check_exit:106 - EXIT REGIME: BTCUSDC regime=RANGE count=3
2026-02-12 12:28:47.581 | INFO     | aivc_trade.strategy.signal:generate_signals:253 - Signal: BTCUSDC score=-0.0149 entry=34495.81 stop=33746.14
2026-02-12 12:28:47.583 | INFO     | aivc_trade.strategy.sizing:compute_qty:66 - Sizing: qty=0.26706, notional=9211.88, risk=2.06%, equity=9696.96
2026-02-12 12:28:47.592 | DEBUG    | aivc_trade.execution.position_manager:update_stop:56 - Trail updated: BTCUSDC trail=33950.58 (close=34852.47)
2026-02-12 12:28:47.633 | DEBUG    | aivc_trade.execution.position_manager:check_exit:100 - REGIME BREAK HOLD: BTCUSDC regime=RANGE count=1/3
2026-02-12 12:28:47.638 | DEBUG    | aivc_trade.execution.position_manager:check_exit:100 - REGIME BREAK HOLD: BTCUSDC regime=RANGE count=2/3
2026-02-12 12:28:47.643 | INFO     | aivc_trade.execution.position_manager:check_exit:106 - EXIT REGIME: BTCUSDC regime=RANGE count=3
2026-02-12 12:28:51.122 | INFO     | aivc_trade.strategy.signal:generate_signals:253 - Signal: BTCUSDC score=-0.1270 entry=37388.10 stop=36719.36
2026-02-12 12:28:51.125 | INFO     | aivc_trade.strategy.sizing:compute_qty:66 - Sizing: qty=0.24779, notional=9264.36, risk=1.70%, equity=9752.32
2026-02-12 12:28:51.174 | DEBUG    | aivc_trade.execution.position_manager:check_exit:100 - REGIME BREAK HOLD: BTCUSDC regime=RANGE count=1/3
2026-02-12 12:28:51.179 | DEBUG    | aivc_trade.execution.position_manager:check_exit:100 - REGIME BREAK HOLD: BTCUSDC regime=RANGE count=2/3
2026-02-12 12:28:51.184 | INFO     | aivc_trade.execution.position_manager:check_exit:106 - EXIT REGIME: BTCUSDC regime=RANGE count=3
2026-02-12 12:28:52.412 | INFO     | aivc_trade.strategy.signal:generate_signals:253 - Signal: ETHUSDC score=0.0672 entry=2030.49 stop=1993.04
2026-02-12 12:28:52.414 | INFO     | aivc_trade.strategy.sizing:compute_qty:66 - Sizing: qty=4.5145, notional=9173.33, risk=1.82%, equity=9656.21
2026-02-12 12:28:52.435 | DEBUG    | aivc_trade.execution.position_manager:update_stop:56 - Trail updated: ETHUSDC trail=2013.90 (close=2062.19)
2026-02-12 12:28:52.439 | DEBUG    | aivc_trade.execution.position_manager:update_stop:56 - Trail updated: ETHUSDC trail=2027.09 (close=2077.12)
2026-02-12 12:28:52.443 | DEBUG    | aivc_trade.execution.position_manager:update_stop:56 - Trail updated: ETHUSDC trail=2029.33 (close=2075.59)
2026-02-12 12:28:52.449 | DEBUG    | aivc_trade.execution.position_manager:update_stop:56 - Trail updated: ETHUSDC trail=2034.48 (close=2081.70)
2026-02-12 12:28:52.486 | DEBUG    | aivc_trade.execution.position_manager:check_exit:100 - REGIME BREAK HOLD: ETHUSDC regime=RANGE count=1/3
2026-02-12 12:28:52.492 | DEBUG    | aivc_trade.execution.position_manager:check_exit:100 - REGIME BREAK HOLD: ETHUSDC regime=RANGE count=2/3
2026-02-12 12:28:52.496 | DEBUG    | aivc_trade.execution.position_manager:update_stop:56 - Trail updated: ETHUSDC trail=2036.06 (close=2066.19)
2026-02-12 12:28:52.497 | INFO     | aivc_trade.execution.position_manager:check_exit:106 - EXIT REGIME: ETHUSDC regime=RANGE count=3
2026-02-12 12:28:52.520 | DEBUG    | aivc_trade.strategy.signal:generate_signals:212 - ETHUSDC in cooldown until 2023-11-23 15:00:00+00:00
2026-02-12 12:28:52.525 | DEBUG    | aivc_trade.strategy.signal:generate_signals:212 - ETHUSDC in cooldown until 2023-11-23 15:00:00+00:00
2026-02-12 12:28:52.530 | DEBUG    | aivc_trade.strategy.signal:generate_signals:212 - ETHUSDC in cooldown until 2023-11-23 15:00:00+00:00
2026-02-12 12:29:01.542 | INFO     | aivc_trade.strategy.signal:generate_signals:253 - Signal: BTCUSDC score=0.0667 entry=52650.20 stop=51757.36
2026-02-12 12:29:01.544 | INFO     | aivc_trade.strategy.sizing:compute_qty:66 - Sizing: qty=0.17652, notional=9292.72, risk=1.60%, equity=9782.09
2026-02-12 12:29:01.568 | DEBUG    | aivc_trade.execution.position_manager:check_exit:100 - REGIME BREAK HOLD: BTCUSDC regime=RANGE count=1/3
2026-02-12 12:29:01.573 | INFO     | aivc_trade.execution.position_manager:check_exit:87 - EXIT STOP_LOSS: BTCUSDC close=51738.08 stop=51757.36
2026-02-12 12:29:12.560 | INFO     | aivc_trade.strategy.signal:generate_signals:253 - Signal: ETHUSDC score=0.0408 entry=3811.80 stop=3729.05
2026-02-12 12:29:12.562 | INFO     | aivc_trade.strategy.sizing:compute_qty:66 - Sizing: qty=2.3908, notional=9113.51, risk=2.06%, equity=9593.51
2026-02-12 12:29:12.581 | DEBUG    | aivc_trade.execution.position_manager:update_stop:56 - Trail updated: ETHUSDC trail=3801.46 (close=3916.85)
2026-02-12 12:29:12.592 | INFO     | aivc_trade.execution.position_manager:check_exit:87 - EXIT TRAILING_STOP: ETHUSDC close=3781.60 stop=3801.46
2026-02-12 12:29:30.808 | INFO     | aivc_trade.strategy.signal:generate_signals:253 - Signal: BTCUSDC score=-0.0306 entry=62377.89 stop=61366.71
2026-02-12 12:29:30.810 | INFO     | aivc_trade.strategy.sizing:compute_qty:66 - Sizing: qty=0.14448000000000003, notional=9012.24, risk=1.54%, equity=9487.20
2026-02-12 12:29:30.841 | DEBUG    | aivc_trade.execution.position_manager:check_exit:100 - REGIME BREAK HOLD: BTCUSDC regime=RANGE count=1/3
2026-02-12 12:29:30.846 | DEBUG    | aivc_trade.execution.position_manager:check_exit:100 - REGIME BREAK HOLD: BTCUSDC regime=RANGE count=2/3
2026-02-12 12:29:30.852 | INFO     | aivc_trade.execution.position_manager:check_exit:106 - EXIT REGIME: BTCUSDC regime=RANGE count=3
2026-02-12 12:29:33.422 | INFO     | aivc_trade.strategy.signal:generate_signals:253 - Signal: BTCUSDC score=-0.0628 entry=68284.73 stop=67369.97
2026-02-12 12:29:33.424 | INFO     | aivc_trade.strategy.sizing:compute_qty:66 - Sizing: qty=0.13059, notional=8917.30, risk=1.27%, equity=9386.72
2026-02-12 12:29:33.478 | DEBUG    | aivc_trade.execution.position_manager:check_exit:100 - REGIME BREAK HOLD: BTCUSDC regime=RANGE count=1/3
2026-02-12 12:29:33.484 | DEBUG    | aivc_trade.execution.position_manager:check_exit:100 - REGIME BREAK HOLD: BTCUSDC regime=RANGE count=2/3
2026-02-12 12:29:33.489 | INFO     | aivc_trade.execution.position_manager:check_exit:106 - EXIT REGIME: BTCUSDC regime=RANGE count=3
2026-02-12 12:29:35.357 | INFO     | aivc_trade.strategy.signal:generate_signals:253 - Signal: BTCUSDC score=0.1596 entry=76896.02 stop=75620.86
2026-02-12 12:29:35.359 | INFO     | aivc_trade.strategy.sizing:compute_qty:66 - Sizing: qty=0.11441000000000001, notional=8795.85, risk=1.56%, equity=9259.31
2026-02-12 12:29:35.388 | DEBUG    | aivc_trade.execution.position_manager:check_exit:100 - REGIME BREAK HOLD: BTCUSDC regime=RANGE count=1/3
2026-02-12 12:29:35.395 | DEBUG    | aivc_trade.execution.position_manager:check_exit:100 - REGIME BREAK HOLD: BTCUSDC regime=RANGE count=2/3
2026-02-12 12:29:35.402 | INFO     | aivc_trade.execution.position_manager:check_exit:106 - EXIT REGIME: BTCUSDC regime=RANGE count=3
2026-02-12 12:29:42.626 | INFO     | aivc_trade.strategy.signal:generate_signals:253 - Signal: BTCUSDC score=0.1378 entry=95516.21 stop=94185.88
2026-02-12 12:29:42.627 | INFO     | aivc_trade.strategy.sizing:compute_qty:66 - Sizing: qty=0.09122000000000001, notional=8714.66, risk=1.34%, equity=9174.29
2026-02-12 12:29:42.644 | DEBUG    | aivc_trade.execution.position_manager:check_exit:100 - REGIME BREAK HOLD: BTCUSDC regime=RANGE count=1/3
2026-02-12 12:29:42.650 | DEBUG    | aivc_trade.execution.position_manager:check_exit:100 - REGIME BREAK HOLD: BTCUSDC regime=RANGE count=2/3
2026-02-12 12:29:42.656 | DEBUG    | aivc_trade.execution.position_manager:update_stop:56 - Trail updated: BTCUSDC trail=95218.24 (close=96625.57)
2026-02-12 12:29:42.662 | DEBUG    | aivc_trade.execution.position_manager:update_stop:56 - Trail updated: BTCUSDC trail=95298.42 (close=96603.97)
2026-02-12 12:29:42.662 | DEBUG    | aivc_trade.execution.position_manager:check_exit:100 - REGIME BREAK HOLD: BTCUSDC regime=RANGE count=1/3
2026-02-12 12:29:42.669 | DEBUG    | aivc_trade.execution.position_manager:update_stop:56 - Trail updated: BTCUSDC trail=95359.83 (close=96629.23)
2026-02-12 12:29:42.669 | DEBUG    | aivc_trade.execution.position_manager:check_exit:100 - REGIME BREAK HOLD: BTCUSDC regime=RANGE count=2/3
2026-02-12 12:29:42.675 | DEBUG    | aivc_trade.execution.position_manager:update_stop:56 - Trail updated: BTCUSDC trail=95555.52 (close=96754.21)
2026-02-12 12:29:42.675 | INFO     | aivc_trade.execution.position_manager:check_exit:106 - EXIT REGIME: BTCUSDC regime=RANGE count=3
2026-02-12 12:29:42.693 | DEBUG    | aivc_trade.strategy.signal:generate_signals:212 - BTCUSDC in cooldown until 2025-01-02 20:00:00+00:00
2026-02-12 12:29:42.706 | DEBUG    | aivc_trade.strategy.signal:generate_signals:212 - BTCUSDC in cooldown until 2025-01-02 20:00:00+00:00
2026-02-12 12:29:42.719 | DEBUG    | aivc_trade.strategy.signal:generate_signals:212 - BTCUSDC in cooldown until 2025-01-02 20:00:00+00:00
2026-02-12 12:30:02.166 | INFO     | aivc_trade.strategy.signal:generate_signals:253 - Signal: BTCUSDC score=-0.3367 entry=97823.25 stop=96466.11
2026-02-12 12:30:02.167 | INFO     | aivc_trade.strategy.sizing:compute_qty:66 - Sizing: qty=0.08992000000000001, notional=8796.27, risk=1.32%, equity=9259.23
2026-02-12 12:30:02.179 | DEBUG    | aivc_trade.execution.position_manager:update_stop:56 - Trail updated: BTCUSDC trail=97483.16 (close=99162.00)
2026-02-12 12:30:02.197 | DEBUG    | aivc_trade.execution.position_manager:update_stop:56 - Trail updated: BTCUSDC trail=97605.65 (close=99036.01)
2026-02-12 12:30:02.203 | DEBUG    | aivc_trade.execution.position_manager:update_stop:56 - Trail updated: BTCUSDC trail=97911.54 (close=99263.04)
2026-02-12 12:30:02.210 | DEBUG    | aivc_trade.execution.position_manager:update_stop:56 - Trail updated: BTCUSDC trail=98311.69 (close=99671.04)
2026-02-12 12:30:02.217 | DEBUG    | aivc_trade.execution.position_manager:update_stop:56 - Trail updated: BTCUSDC trail=98535.53 (close=99800.01)
2026-02-12 12:30:02.223 | DEBUG    | aivc_trade.execution.position_manager:update_stop:56 - Trail updated: BTCUSDC trail=98624.86 (close=99792.02)
2026-02-12 12:30:02.254 | DEBUG    | aivc_trade.execution.position_manager:update_stop:56 - Trail updated: BTCUSDC trail=99009.04 (close=100773.98)
2026-02-12 12:30:02.261 | DEBUG    | aivc_trade.execution.position_manager:update_stop:56 - Trail updated: BTCUSDC trail=99514.97 (close=101299.99)
2026-02-12 12:30:02.267 | DEBUG    | aivc_trade.execution.position_manager:check_exit:100 - REGIME BREAK HOLD: BTCUSDC regime=CHAOS count=1/3
2026-02-12 12:30:02.274 | DEBUG    | aivc_trade.execution.position_manager:update_stop:56 - Trail updated: BTCUSDC trail=99601.66 (close=101378.00)
2026-02-12 12:30:02.280 | DEBUG    | aivc_trade.execution.position_manager:update_stop:56 - Trail updated: BTCUSDC trail=99648.28 (close=101317.99)
2026-02-12 12:30:02.288 | DEBUG    | aivc_trade.execution.position_manager:update_stop:56 - Trail updated: BTCUSDC trail=100652.26 (close=102616.01)
2026-02-12 12:30:02.288 | DEBUG    | aivc_trade.execution.position_manager:check_exit:100 - REGIME BREAK HOLD: BTCUSDC regime=CHAOS count=1/3
2026-02-12 12:30:02.295 | DEBUG    | aivc_trade.execution.position_manager:check_exit:100 - REGIME BREAK HOLD: BTCUSDC regime=CHAOS count=2/3
2026-02-12 12:30:02.301 | DEBUG    | aivc_trade.execution.position_manager:update_stop:56 - Trail updated: BTCUSDC trail=100681.35 (close=103010.35)
2026-02-12 12:30:02.301 | INFO     | aivc_trade.execution.position_manager:check_exit:106 - EXIT REGIME: BTCUSDC regime=CHAOS count=3
2026-02-12 12:30:04.140 | INFO     | aivc_trade.strategy.signal:generate_signals:253 - Signal: BTCUSDC score=-0.1105 entry=107816.00 stop=106191.54
2026-02-12 12:30:04.142 | INFO     | aivc_trade.strategy.sizing:compute_qty:66 - Sizing: qty=0.08545000000000001, notional=9212.88, risk=1.43%, equity=9698.56
2026-02-12 12:30:04.164 | DEBUG    | aivc_trade.execution.position_manager:check_exit:100 - REGIME BREAK HOLD: BTCUSDC regime=RANGE count=1/3
2026-02-12 12:30:04.170 | DEBUG    | aivc_trade.execution.position_manager:check_exit:100 - REGIME BREAK HOLD: BTCUSDC regime=RANGE count=2/3
2026-02-12 12:30:04.177 | INFO     | aivc_trade.execution.position_manager:check_exit:106 - EXIT REGIME: BTCUSDC regime=RANGE count=3
2026-02-12 12:30:07.094 | INFO     | aivc_trade.strategy.signal:generate_signals:253 - Signal: ETHUSDC score=0.0259 entry=2559.80 stop=2510.07
2026-02-12 12:30:07.095 | INFO     | aivc_trade.strategy.sizing:compute_qty:66 - Sizing: qty=3.5502000000000002, notional=9088.12, risk=1.85%, equity=9566.66
2026-02-12 12:30:07.107 | DEBUG    | aivc_trade.execution.position_manager:update_stop:56 - Trail updated: ETHUSDC trail=2531.33 (close=2585.72)
2026-02-12 12:30:07.119 | DEBUG    | aivc_trade.execution.position_manager:update_stop:56 - Trail updated: ETHUSDC trail=2539.30 (close=2590.90)
2026-02-12 12:30:07.126 | DEBUG    | aivc_trade.execution.position_manager:update_stop:56 - Trail updated: ETHUSDC trail=2579.97 (close=2644.85)
2026-02-12 12:30:07.132 | DEBUG    | aivc_trade.execution.position_manager:update_stop:56 - Trail updated: ETHUSDC trail=2601.82 (close=2667.46)
2026-02-12 12:30:07.139 | DEBUG    | aivc_trade.execution.position_manager:update_stop:56 - Trail updated: ETHUSDC trail=2612.31 (close=2681.38)
2026-02-12 12:30:07.146 | DEBUG    | aivc_trade.execution.position_manager:update_stop:56 - Trail updated: ETHUSDC trail=2623.67 (close=2700.17)
2026-02-12 12:30:07.153 | DEBUG    | aivc_trade.execution.position_manager:update_stop:56 - Trail updated: ETHUSDC trail=2637.08 (close=2709.51)
2026-02-12 12:30:07.223 | DEBUG    | aivc_trade.execution.position_manager:update_stop:56 - Trail updated: ETHUSDC trail=2639.96 (close=2696.52)
2026-02-12 12:30:07.229 | DEBUG    | aivc_trade.execution.position_manager:update_stop:56 - Trail updated: ETHUSDC trail=2688.94 (close=2774.74)
2026-02-12 12:30:07.253 | DEBUG    | aivc_trade.execution.position_manager:check_exit:100 - REGIME BREAK HOLD: ETHUSDC regime=CHAOS count=1/3
2026-02-12 12:30:07.294 | DEBUG    | aivc_trade.execution.position_manager:update_stop:56 - Trail updated: ETHUSDC trail=2706.11 (close=2803.99)
2026-02-12 12:30:07.301 | DEBUG    | aivc_trade.execution.position_manager:update_stop:56 - Trail updated: ETHUSDC trail=2722.60 (close=2816.82)
2026-02-12 12:30:07.343 | DEBUG    | aivc_trade.execution.position_manager:update_stop:56 - Trail updated: ETHUSDC trail=2723.54 (close=2792.69)
2026-02-12 12:30:07.350 | DEBUG    | aivc_trade.execution.position_manager:update_stop:56 - Trail updated: ETHUSDC trail=2727.55 (close=2792.15)
2026-02-12 12:30:07.380 | DEBUG    | aivc_trade.execution.position_manager:update_stop:56 - Trail updated: ETHUSDC trail=2736.58 (close=2805.30)
2026-02-12 12:30:07.392 | DEBUG    | aivc_trade.execution.position_manager:update_stop:56 - Trail updated: ETHUSDC trail=2757.43 (close=2841.35)
2026-02-12 12:30:07.399 | DEBUG    | aivc_trade.execution.position_manager:update_stop:56 - Trail updated: ETHUSDC trail=2776.16 (close=2866.20)
2026-02-12 12:30:07.405 | DEBUG    | aivc_trade.execution.position_manager:update_stop:56 - Trail updated: ETHUSDC trail=2780.46 (close=2868.89)
2026-02-12 12:30:07.441 | INFO     | aivc_trade.execution.position_manager:check_exit:87 - EXIT TRAILING_STOP: ETHUSDC close=2759.95 stop=2780.46
2026-02-12 12:30:41.094 | INFO     | aivc_trade.backtest.simulator:run:259 - Backtest done: 15 trades, final equity=10248.59
2026-02-12 12:30:41.920 | INFO     | __main__:main:206 - Backtest reports saved → data/backtest_results
2026-02-12 12:30:43.269 | INFO     | __main__:main:213 - Data/safety checks saved → data/backtest_results/data_quality_checks.csv , data/backtest_results/safety_checks.csv
2026-02-12 12:34:55.030 | INFO     | aivc_trade.execution.position_manager:check_exit:100 - EXIT STOP_LOSS: BTCUSDC close=47500.00 stop=48000.00
2026-02-12 12:34:55.048 | DEBUG    | aivc_trade.execution.position_manager:update_stop:69 - Trail updated: BTCUSDC trail=49500.00 (close=52000.00)
2026-02-12 12:34:55.048 | INFO     | aivc_trade.execution.position_manager:check_exit:100 - EXIT TRAILING_STOP: BTCUSDC close=49499.00 stop=49500.00
2026-02-12 12:34:55.057 | INFO     | aivc_trade.execution.position_manager:check_exit:119 - EXIT REGIME: BTCUSDC regime=CHAOS count=1/1
2026-02-12 12:34:55.066 | DEBUG    | aivc_trade.execution.position_manager:check_exit:134 - REGIME BREAK HOLD: BTCUSDC regime=RANGE count=1/3
2026-02-12 12:34:55.066 | DEBUG    | aivc_trade.execution.position_manager:check_exit:134 - REGIME BREAK HOLD: BTCUSDC regime=RANGE count=2/3
2026-02-12 12:34:55.066 | INFO     | aivc_trade.execution.position_manager:check_exit:140 - EXIT REGIME: BTCUSDC regime=RANGE count=3/3 unrealised_pnl=-150.00
2026-02-12 12:34:55.074 | DEBUG    | aivc_trade.execution.position_manager:check_exit:134 - REGIME BREAK HOLD: BTCUSDC regime=RANGE count=1/6
2026-02-12 12:34:55.074 | DEBUG    | aivc_trade.execution.position_manager:check_exit:134 - REGIME BREAK HOLD: BTCUSDC regime=RANGE count=2/6
2026-02-12 12:34:55.074 | DEBUG    | aivc_trade.execution.position_manager:check_exit:134 - REGIME BREAK HOLD: BTCUSDC regime=RANGE count=3/6
2026-02-12 12:34:55.075 | DEBUG    | aivc_trade.execution.position_manager:check_exit:134 - REGIME BREAK HOLD: BTCUSDC regime=RANGE count=4/6
2026-02-12 12:34:55.075 | DEBUG    | aivc_trade.execution.position_manager:check_exit:134 - REGIME BREAK HOLD: BTCUSDC regime=RANGE count=5/6
2026-02-12 12:34:55.075 | INFO     | aivc_trade.execution.position_manager:check_exit:140 - EXIT REGIME: BTCUSDC regime=RANGE count=6/6 unrealised_pnl=1000.00
2026-02-12 12:34:55.083 | DEBUG    | aivc_trade.execution.position_manager:check_exit:134 - REGIME BREAK HOLD: BTCUSDC regime=RANGE count=1/6
2026-02-12 12:34:59.168 | INFO     | aivc_trade.strategy.sizing:compute_qty:66 - Sizing: qty=0.19, notional=9500.00, risk=3.80%, equity=10000.00
2026-02-12 12:34:59.178 | INFO     | aivc_trade.strategy.sizing:compute_qty:66 - Sizing: qty=0.19, notional=9500.00, risk=0.02%, equity=10000.00
2026-02-12 12:34:59.186 | WARNING  | aivc_trade.strategy.sizing:compute_qty:47 - stop_dist <= 0 – cannot size
2026-02-12 12:34:59.211 | INFO     | aivc_trade.execution.position_manager:check_exit:100 - EXIT STOP_LOSS: BTCUSDC close=47500.00 stop=48000.00
2026-02-12 12:34:59.227 | DEBUG    | aivc_trade.execution.position_manager:update_stop:69 - Trail updated: BTCUSDC trail=49500.00 (close=52000.00)
2026-02-12 12:34:59.227 | INFO     | aivc_trade.execution.position_manager:check_exit:100 - EXIT TRAILING_STOP: BTCUSDC close=49499.00 stop=49500.00
2026-02-12 12:34:59.235 | INFO     | aivc_trade.execution.position_manager:check_exit:119 - EXIT REGIME: BTCUSDC regime=CHAOS count=1/1
2026-02-12 12:34:59.243 | DEBUG    | aivc_trade.execution.position_manager:check_exit:134 - REGIME BREAK HOLD: BTCUSDC regime=RANGE count=1/3
2026-02-12 12:34:59.244 | DEBUG    | aivc_trade.execution.position_manager:check_exit:134 - REGIME BREAK HOLD: BTCUSDC regime=RANGE count=2/3
2026-02-12 12:34:59.244 | INFO     | aivc_trade.execution.position_manager:check_exit:140 - EXIT REGIME: BTCUSDC regime=RANGE count=3/3 unrealised_pnl=-150.00
2026-02-12 12:34:59.252 | DEBUG    | aivc_trade.execution.position_manager:check_exit:134 - REGIME BREAK HOLD: BTCUSDC regime=RANGE count=1/6
2026-02-12 12:34:59.252 | DEBUG    | aivc_trade.execution.position_manager:check_exit:134 - REGIME BREAK HOLD: BTCUSDC regime=RANGE count=2/6
2026-02-12 12:34:59.252 | DEBUG    | aivc_trade.execution.position_manager:check_exit:134 - REGIME BREAK HOLD: BTCUSDC regime=RANGE count=3/6
2026-02-12 12:34:59.253 | DEBUG    | aivc_trade.execution.position_manager:check_exit:134 - REGIME BREAK HOLD: BTCUSDC regime=RANGE count=4/6
2026-02-12 12:34:59.253 | DEBUG    | aivc_trade.execution.position_manager:check_exit:134 - REGIME BREAK HOLD: BTCUSDC regime=RANGE count=5/6
2026-02-12 12:34:59.253 | INFO     | aivc_trade.execution.position_manager:check_exit:140 - EXIT REGIME: BTCUSDC regime=RANGE count=6/6 unrealised_pnl=1000.00
2026-02-12 12:34:59.261 | DEBUG    | aivc_trade.execution.position_manager:check_exit:134 - REGIME BREAK HOLD: BTCUSDC regime=RANGE count=1/6
2026-02-12 12:34:59.284 | WARNING  | aivc_trade.strategy.risk:check_equity:44 - CIRCUIT BREAKER: 24h loss -16.00% → halt until 2024-01-03 12:00:00+00:00
2026-02-12 12:34:59.300 | ERROR    | aivc_trade.strategy.risk:record_api_error:67 - API error streak = 5 → HALT
2026-02-12 12:34:59.318 | DEBUG    | aivc_trade.ops.persistence:save:29 - State saved → /tmp/tmp1t1siqee/state.json
2026-02-12 12:34:59.320 | INFO     | aivc_trade.ops.persistence:load:33 - No state file found – starting fresh
2026-02-12 12:35:00.079 | INFO     | aivc_trade.backtest.simulator:run:259 - Backtest done: 0 trades, final equity=10000.00
2026-02-12 12:35:00.096 | DEBUG    | aivc_trade.data.candles_store:save:30 - Saved 50 rows → /tmp/tmpr9p3do12/BTCUSDC/1h.parquet
2026-02-12 12:35:00.104 | DEBUG    | aivc_trade.data.candles_store:load:37 - Loaded 50 rows ← /tmp/tmpr9p3do12/BTCUSDC/1h.parquet
2026-02-12 12:35:00.108 | DEBUG    | aivc_trade.data.candles_store:save:30 - Saved 50 rows → /tmp/tmppypzw5ho/BTCUSDC/1h.parquet
2026-02-12 12:35:00.110 | DEBUG    | aivc_trade.data.candles_store:load:37 - Loaded 50 rows ← /tmp/tmppypzw5ho/BTCUSDC/1h.parquet
2026-02-12 12:35:00.111 | DEBUG    | aivc_trade.data.candles_store:save:30 - Saved 50 rows → /tmp/tmppypzw5ho/BTCUSDC/1h.parquet
2026-02-12 12:35:21.115 | INFO     | __main__:main:166 - ==================================================
2026-02-12 12:35:21.117 | INFO     | __main__:main:167 - AIVC Trade – Phase A Backtest
2026-02-12 12:35:21.117 | INFO     | __main__:main:168 - Period: 2023-03-13 → 2025-12-31
2026-02-12 12:35:21.117 | INFO     | __main__:main:169 - Initial equity: 10000.0
2026-02-12 12:35:21.118 | INFO     | __main__:main:170 - ==================================================
2026-02-12 12:35:21.167 | DEBUG    | aivc_trade.data.candles_store:load:37 - Loaded 24594 rows ← data/candles/BTCUSDC/1h.parquet
2026-02-12 12:35:21.174 | INFO     | __main__:_ensure_data:55 - Using cached 1h data for BTCUSDC (24594 rows)
2026-02-12 12:35:21.248 | DEBUG    | aivc_trade.data.candles_store:load:37 - Loaded 295107 rows ← data/candles/BTCUSDC/5m.parquet
2026-02-12 12:35:21.256 | INFO     | __main__:_ensure_data:78 - Using cached 5m data for BTCUSDC (295107 rows)
2026-02-12 12:35:21.290 | DEBUG    | aivc_trade.data.candles_store:load:37 - Loaded 24594 rows ← data/candles/ETHUSDC/1h.parquet
2026-02-12 12:35:21.298 | INFO     | __main__:_ensure_data:55 - Using cached 1h data for ETHUSDC (24594 rows)
2026-02-12 12:35:21.357 | DEBUG    | aivc_trade.data.candles_store:load:37 - Loaded 295107 rows ← data/candles/ETHUSDC/5m.parquet
2026-02-12 12:35:21.362 | INFO     | __main__:_ensure_data:78 - Using cached 5m data for ETHUSDC (295107 rows)
2026-02-12 12:35:23.853 | INFO     | aivc_trade.strategy.signal:generate_signals:253 - Signal: BTCUSDC score=-0.0619 entry=30772.51 stop=30358.27
2026-02-12 12:35:23.855 | INFO     | aivc_trade.strategy.sizing:compute_qty:66 - Sizing: qty=0.30871000000000004, notional=9499.78, risk=1.28%, equity=10000.00
2026-02-12 12:35:23.906 | INFO     | aivc_trade.execution.position_manager:check_exit:100 - EXIT STOP_LOSS: BTCUSDC close=30266.69 stop=30358.27
2026-02-12 12:35:25.693 | INFO     | aivc_trade.strategy.signal:generate_signals:253 - Signal: BTCUSDC score=0.0189 entry=29704.54 stop=29236.67
2026-02-12 12:35:25.696 | INFO     | aivc_trade.strategy.sizing:compute_qty:66 - Sizing: qty=0.31389, notional=9322.89, risk=1.49%, equity=9813.71
2026-02-12 12:35:25.713 | DEBUG    | aivc_trade.execution.position_manager:check_exit:134 - REGIME BREAK HOLD: BTCUSDC regime=RANGE count=1/3
2026-02-12 12:35:25.717 | DEBUG    | aivc_trade.execution.position_manager:check_exit:134 - REGIME BREAK HOLD: BTCUSDC regime=RANGE count=2/3
2026-02-12 12:35:25.721 | INFO     | aivc_trade.execution.position_manager:check_exit:140 - EXIT REGIME: BTCUSDC regime=RANGE count=3/3 unrealised_pnl=-307.39
2026-02-12 12:35:37.620 | INFO     | aivc_trade.strategy.signal:generate_signals:253 - Signal: BTCUSDC score=-0.0654 entry=26518.41 stop=26163.03
2026-02-12 12:35:37.622 | INFO     | aivc_trade.strategy.sizing:compute_qty:66 - Sizing: qty=0.34711000000000003, notional=9204.39, risk=1.27%, equity=9689.01
2026-02-12 12:35:37.647 | DEBUG    | aivc_trade.execution.position_manager:check_exit:134 - REGIME BREAK HOLD: BTCUSDC regime=RANGE count=1/3
2026-02-12 12:35:37.659 | DEBUG    | aivc_trade.execution.position_manager:check_exit:134 - REGIME BREAK HOLD: BTCUSDC regime=RANGE count=1/3
2026-02-12 12:35:37.723 | DEBUG    | aivc_trade.execution.position_manager:check_exit:134 - REGIME BREAK HOLD: BTCUSDC regime=RANGE count=1/3
2026-02-12 12:35:37.728 | DEBUG    | aivc_trade.execution.position_manager:check_exit:134 - REGIME BREAK HOLD: BTCUSDC regime=RANGE count=2/6
2026-02-12 12:35:37.732 | DEBUG    | aivc_trade.execution.position_manager:check_exit:134 - REGIME BREAK HOLD: BTCUSDC regime=RANGE count=3/6
2026-02-12 12:35:37.737 | DEBUG    | aivc_trade.execution.position_manager:check_exit:134 - REGIME BREAK HOLD: BTCUSDC regime=RANGE count=4/6
2026-02-12 12:35:37.741 | DEBUG    | aivc_trade.execution.position_manager:check_exit:134 - REGIME BREAK HOLD: BTCUSDC regime=RANGE count=5/6
2026-02-12 12:35:37.746 | INFO     | aivc_trade.execution.position_manager:check_exit:140 - EXIT REGIME: BTCUSDC regime=RANGE count=6/6 unrealised_pnl=62.38
2026-02-12 12:35:41.791 | INFO     | aivc_trade.strategy.signal:generate_signals:253 - Signal: BTCUSDC score=-0.0149 entry=34495.81 stop=33746.14
2026-02-12 12:35:41.793 | INFO     | aivc_trade.strategy.sizing:compute_qty:66 - Sizing: qty=0.26664000000000004, notional=9197.40, risk=2.06%, equity=9681.53
2026-02-12 12:35:41.851 | DEBUG    | aivc_trade.execution.position_manager:check_exit:134 - REGIME BREAK HOLD: BTCUSDC regime=RANGE count=1/6
2026-02-12 12:35:41.855 | DEBUG    | aivc_trade.execution.position_manager:check_exit:134 - REGIME BREAK HOLD: BTCUSDC regime=RANGE count=2/6
2026-02-12 12:35:41.861 | DEBUG    | aivc_trade.execution.position_manager:check_exit:134 - REGIME BREAK HOLD: BTCUSDC regime=RANGE count=3/6
2026-02-12 12:35:41.865 | DEBUG    | aivc_trade.execution.position_manager:check_exit:134 - REGIME BREAK HOLD: BTCUSDC regime=RANGE count=4/6
2026-02-12 12:35:41.870 | DEBUG    | aivc_trade.execution.position_manager:check_exit:134 - REGIME BREAK HOLD: BTCUSDC regime=RANGE count=5/6
2026-02-12 12:35:41.875 | INFO     | aivc_trade.execution.position_manager:check_exit:140 - EXIT REGIME: BTCUSDC regime=RANGE count=6/6 unrealised_pnl=130.94
2026-02-12 12:35:45.286 | INFO     | aivc_trade.strategy.signal:generate_signals:253 - Signal: BTCUSDC score=-0.1270 entry=37388.10 stop=36719.36
2026-02-12 12:35:45.289 | INFO     | aivc_trade.strategy.sizing:compute_qty:66 - Sizing: qty=0.24615, notional=9203.04, risk=1.70%, equity=9687.77
2026-02-12 12:35:45.339 | DEBUG    | aivc_trade.execution.position_manager:check_exit:134 - REGIME BREAK HOLD: BTCUSDC regime=RANGE count=1/3
2026-02-12 12:35:45.344 | DEBUG    | aivc_trade.execution.position_manager:check_exit:134 - REGIME BREAK HOLD: BTCUSDC regime=RANGE count=2/3
2026-02-12 12:35:45.349 | INFO     | aivc_trade.execution.position_manager:check_exit:140 - EXIT REGIME: BTCUSDC regime=RANGE count=3/3 unrealised_pnl=-279.03
2026-02-12 12:35:46.554 | INFO     | aivc_trade.strategy.signal:generate_signals:253 - Signal: ETHUSDC score=0.0672 entry=2030.49 stop=1993.04
2026-02-12 12:35:46.556 | INFO     | aivc_trade.strategy.sizing:compute_qty:66 - Sizing: qty=4.4846, notional=9112.57, risk=1.82%, equity=9592.30
2026-02-12 12:35:46.585 | DEBUG    | aivc_trade.execution.position_manager:update_stop:69 - Trail updated: ETHUSDC trail=2027.09 (close=2077.12)
2026-02-12 12:35:46.591 | DEBUG    | aivc_trade.execution.position_manager:update_stop:69 - Trail updated: ETHUSDC trail=2029.33 (close=2075.59)
2026-02-12 12:35:46.595 | DEBUG    | aivc_trade.execution.position_manager:update_stop:69 - Trail updated: ETHUSDC trail=2034.48 (close=2081.70)
2026-02-12 12:35:46.629 | DEBUG    | aivc_trade.execution.position_manager:check_exit:134 - REGIME BREAK HOLD: ETHUSDC regime=RANGE count=1/6
2026-02-12 12:35:46.634 | DEBUG    | aivc_trade.execution.position_manager:check_exit:134 - REGIME BREAK HOLD: ETHUSDC regime=RANGE count=2/6
2026-02-12 12:35:46.639 | DEBUG    | aivc_trade.execution.position_manager:update_stop:69 - Trail updated: ETHUSDC trail=2036.06 (close=2066.19)
2026-02-12 12:35:46.639 | DEBUG    | aivc_trade.execution.position_manager:check_exit:134 - REGIME BREAK HOLD: ETHUSDC regime=RANGE count=3/6
2026-02-12 12:35:46.643 | DEBUG    | aivc_trade.execution.position_manager:update_stop:69 - Trail updated: ETHUSDC trail=2049.26 (close=2081.72)
2026-02-12 12:35:46.644 | DEBUG    | aivc_trade.execution.position_manager:check_exit:134 - REGIME BREAK HOLD: ETHUSDC regime=RANGE count=4/6
2026-02-12 12:35:46.649 | DEBUG    | aivc_trade.execution.position_manager:update_stop:69 - Trail updated: ETHUSDC trail=2055.83 (close=2088.10)
2026-02-12 12:35:46.649 | DEBUG    | aivc_trade.execution.position_manager:check_exit:134 - REGIME BREAK HOLD: ETHUSDC regime=RANGE count=5/6
2026-02-12 12:35:46.653 | INFO     | aivc_trade.execution.position_manager:check_exit:140 - EXIT REGIME: ETHUSDC regime=RANGE count=6/6 unrealised_pnl=39.93
2026-02-12 12:35:46.664 | DEBUG    | aivc_trade.strategy.signal:generate_signals:212 - ETHUSDC in cooldown until 2023-11-23 18:00:00+00:00
2026-02-12 12:35:46.669 | DEBUG    | aivc_trade.strategy.signal:generate_signals:212 - ETHUSDC in cooldown until 2023-11-23 18:00:00+00:00
2026-02-12 12:35:46.674 | DEBUG    | aivc_trade.strategy.signal:generate_signals:212 - ETHUSDC in cooldown until 2023-11-23 18:00:00+00:00
2026-02-12 12:35:55.571 | INFO     | aivc_trade.strategy.signal:generate_signals:253 - Signal: BTCUSDC score=0.0667 entry=52650.20 stop=51757.36
2026-02-12 12:35:55.573 | INFO     | aivc_trade.strategy.sizing:compute_qty:66 - Sizing: qty=0.17585, notional=9257.45, risk=1.60%, equity=9744.88
2026-02-12 12:35:55.596 | DEBUG    | aivc_trade.execution.position_manager:check_exit:134 - REGIME BREAK HOLD: BTCUSDC regime=RANGE count=1/3
2026-02-12 12:35:55.601 | INFO     | aivc_trade.execution.position_manager:check_exit:100 - EXIT STOP_LOSS: BTCUSDC close=51738.08 stop=51757.36
2026-02-12 12:36:06.588 | INFO     | aivc_trade.strategy.signal:generate_signals:253 - Signal: ETHUSDC score=0.0408 entry=3811.80 stop=3729.05
2026-02-12 12:36:06.590 | INFO     | aivc_trade.strategy.sizing:compute_qty:66 - Sizing: qty=2.3817, notional=9078.83, risk=2.06%, equity=9557.02
2026-02-12 12:36:06.610 | DEBUG    | aivc_trade.execution.position_manager:update_stop:69 - Trail updated: ETHUSDC trail=3801.46 (close=3916.85)
2026-02-12 12:36:06.620 | INFO     | aivc_trade.execution.position_manager:check_exit:100 - EXIT TRAILING_STOP: ETHUSDC close=3781.60 stop=3801.46
2026-02-12 12:36:24.723 | INFO     | aivc_trade.strategy.signal:generate_signals:253 - Signal: BTCUSDC score=-0.0306 entry=62377.89 stop=61366.71
2026-02-12 12:36:24.725 | INFO     | aivc_trade.strategy.sizing:compute_qty:66 - Sizing: qty=0.14394, notional=8978.56, risk=1.54%, equity=9451.12
2026-02-12 12:36:24.756 | DEBUG    | aivc_trade.execution.position_manager:check_exit:134 - REGIME BREAK HOLD: BTCUSDC regime=RANGE count=1/3
2026-02-12 12:36:24.762 | DEBUG    | aivc_trade.execution.position_manager:check_exit:134 - REGIME BREAK HOLD: BTCUSDC regime=RANGE count=2/3
2026-02-12 12:36:24.768 | INFO     | aivc_trade.execution.position_manager:check_exit:140 - EXIT REGIME: BTCUSDC regime=RANGE count=3/3 unrealised_pnl=-509.11
2026-02-12 12:36:27.266 | INFO     | aivc_trade.strategy.signal:generate_signals:253 - Signal: BTCUSDC score=-0.0628 entry=68284.73 stop=67369.97
2026-02-12 12:36:27.268 | INFO     | aivc_trade.strategy.sizing:compute_qty:66 - Sizing: qty=0.13009, notional=8883.16, risk=1.27%, equity=9351.01
2026-02-12 12:36:27.320 | DEBUG    | aivc_trade.execution.position_manager:check_exit:134 - REGIME BREAK HOLD: BTCUSDC regime=RANGE count=1/3
2026-02-12 12:36:27.326 | DEBUG    | aivc_trade.execution.position_manager:check_exit:134 - REGIME BREAK HOLD: BTCUSDC regime=RANGE count=2/3
2026-02-12 12:36:27.332 | INFO     | aivc_trade.execution.position_manager:check_exit:140 - EXIT REGIME: BTCUSDC regime=RANGE count=3/3 unrealised_pnl=-773.17
2026-02-12 12:36:29.224 | INFO     | aivc_trade.strategy.signal:generate_signals:253 - Signal: BTCUSDC score=0.1596 entry=76896.02 stop=75620.86
2026-02-12 12:36:29.225 | INFO     | aivc_trade.strategy.sizing:compute_qty:66 - Sizing: qty=0.11398000000000001, notional=8762.79, risk=1.56%, equity=9224.09
2026-02-12 12:36:29.251 | DEBUG    | aivc_trade.execution.position_manager:check_exit:134 - REGIME BREAK HOLD: BTCUSDC regime=RANGE count=1/3
2026-02-12 12:36:29.257 | DEBUG    | aivc_trade.execution.position_manager:check_exit:134 - REGIME BREAK HOLD: BTCUSDC regime=RANGE count=2/3
2026-02-12 12:36:29.263 | INFO     | aivc_trade.execution.position_manager:check_exit:140 - EXIT REGIME: BTCUSDC regime=RANGE count=3/3 unrealised_pnl=-513.28
2026-02-12 12:36:36.453 | INFO     | aivc_trade.strategy.signal:generate_signals:253 - Signal: BTCUSDC score=0.1378 entry=95516.21 stop=94185.88
2026-02-12 12:36:36.455 | INFO     | aivc_trade.strategy.sizing:compute_qty:66 - Sizing: qty=0.09088, notional=8682.18, risk=1.34%, equity=9139.39
2026-02-12 12:36:36.472 | DEBUG    | aivc_trade.execution.position_manager:check_exit:134 - REGIME BREAK HOLD: BTCUSDC regime=RANGE count=1/6
2026-02-12 12:36:36.479 | DEBUG    | aivc_trade.execution.position_manager:check_exit:134 - REGIME BREAK HOLD: BTCUSDC regime=RANGE count=2/6
2026-02-12 12:36:36.492 | DEBUG    | aivc_trade.execution.position_manager:check_exit:134 - REGIME BREAK HOLD: BTCUSDC regime=RANGE count=1/6
2026-02-12 12:36:36.498 | DEBUG    | aivc_trade.execution.position_manager:check_exit:134 - REGIME BREAK HOLD: BTCUSDC regime=RANGE count=2/6
2026-02-12 12:36:36.504 | DEBUG    | aivc_trade.execution.position_manager:check_exit:134 - REGIME BREAK HOLD: BTCUSDC regime=RANGE count=3/6
2026-02-12 12:36:36.511 | DEBUG    | aivc_trade.execution.position_manager:check_exit:134 - REGIME BREAK HOLD: BTCUSDC regime=RANGE count=4/6
2026-02-12 12:36:36.595 | DEBUG    | aivc_trade.execution.position_manager:check_exit:134 - REGIME BREAK HOLD: BTCUSDC regime=RANGE count=1/6
2026-02-12 12:36:36.602 | DEBUG    | aivc_trade.execution.position_manager:check_exit:134 - REGIME BREAK HOLD: BTCUSDC regime=RANGE count=2/6
2026-02-12 12:36:36.607 | DEBUG    | aivc_trade.execution.position_manager:check_exit:134 - REGIME BREAK HOLD: BTCUSDC regime=RANGE count=3/6
2026-02-12 12:36:36.613 | DEBUG    | aivc_trade.execution.position_manager:check_exit:134 - REGIME BREAK HOLD: BTCUSDC regime=RANGE count=4/6
2026-02-12 12:36:36.620 | DEBUG    | aivc_trade.execution.position_manager:check_exit:134 - REGIME BREAK HOLD: BTCUSDC regime=RANGE count=5/6
2026-02-12 12:36:36.625 | INFO     | aivc_trade.execution.position_manager:check_exit:140 - EXIT REGIME: BTCUSDC regime=RANGE count=6/6 unrealised_pnl=519.57
2026-02-12 12:36:55.709 | INFO     | aivc_trade.strategy.signal:generate_signals:253 - Signal: BTCUSDC score=-0.3367 entry=97823.25 stop=96466.11
2026-02-12 12:36:55.710 | INFO     | aivc_trade.strategy.sizing:compute_qty:66 - Sizing: qty=0.08896000000000001, notional=8702.36, risk=1.32%, equity=9160.49
2026-02-12 12:36:55.766 | DEBUG    | aivc_trade.execution.position_manager:update_stop:69 - Trail updated: BTCUSDC trail=98535.53 (close=99800.01)
2026-02-12 12:36:55.773 | DEBUG    | aivc_trade.execution.position_manager:update_stop:69 - Trail updated: BTCUSDC trail=98624.86 (close=99792.02)
2026-02-12 12:36:55.809 | DEBUG    | aivc_trade.execution.position_manager:update_stop:69 - Trail updated: BTCUSDC trail=99009.04 (close=100773.98)
2026-02-12 12:36:55.816 | DEBUG    | aivc_trade.execution.position_manager:update_stop:69 - Trail updated: BTCUSDC trail=99514.97 (close=101299.99)
2026-02-12 12:36:55.823 | INFO     | aivc_trade.execution.position_manager:check_exit:119 - EXIT REGIME: BTCUSDC regime=CHAOS count=1/1
2026-02-12 12:36:57.673 | INFO     | aivc_trade.strategy.signal:generate_signals:253 - Signal: BTCUSDC score=-0.1105 entry=107816.00 stop=106191.54
2026-02-12 12:36:57.674 | INFO     | aivc_trade.strategy.sizing:compute_qty:66 - Sizing: qty=0.08299000000000001, notional=8947.65, risk=1.43%, equity=9419.56
2026-02-12 12:36:57.692 | DEBUG    | aivc_trade.execution.position_manager:check_exit:134 - REGIME BREAK HOLD: BTCUSDC regime=RANGE count=1/3
2026-02-12 12:36:57.699 | DEBUG    | aivc_trade.execution.position_manager:check_exit:134 - REGIME BREAK HOLD: BTCUSDC regime=RANGE count=2/3
2026-02-12 12:36:57.705 | INFO     | aivc_trade.execution.position_manager:check_exit:140 - EXIT REGIME: BTCUSDC regime=RANGE count=3/3 unrealised_pnl=-1221.98
2026-02-12 12:37:00.451 | INFO     | aivc_trade.strategy.signal:generate_signals:253 - Signal: ETHUSDC score=0.0259 entry=2559.80 stop=2510.07
2026-02-12 12:37:00.453 | INFO     | aivc_trade.strategy.sizing:compute_qty:66 - Sizing: qty=3.4481, notional=8826.76, risk=1.85%, equity=9291.45
2026-02-12 12:37:00.484 | DEBUG    | aivc_trade.execution.position_manager:update_stop:69 - Trail updated: ETHUSDC trail=2579.97 (close=2644.85)
2026-02-12 12:37:00.491 | DEBUG    | aivc_trade.execution.position_manager:update_stop:69 - Trail updated: ETHUSDC trail=2601.82 (close=2667.46)
2026-02-12 12:37:00.497 | DEBUG    | aivc_trade.execution.position_manager:update_stop:69 - Trail updated: ETHUSDC trail=2612.31 (close=2681.38)
2026-02-12 12:37:00.505 | DEBUG    | aivc_trade.execution.position_manager:update_stop:69 - Trail updated: ETHUSDC trail=2623.67 (close=2700.17)
2026-02-12 12:37:00.512 | DEBUG    | aivc_trade.execution.position_manager:update_stop:69 - Trail updated: ETHUSDC trail=2637.08 (close=2709.51)
2026-02-12 12:37:00.565 | DEBUG    | aivc_trade.execution.position_manager:update_stop:69 - Trail updated: ETHUSDC trail=2639.96 (close=2696.52)
2026-02-12 12:37:00.572 | DEBUG    | aivc_trade.execution.position_manager:update_stop:69 - Trail updated: ETHUSDC trail=2688.94 (close=2774.74)
2026-02-12 12:37:00.595 | INFO     | aivc_trade.execution.position_manager:check_exit:119 - EXIT REGIME: ETHUSDC regime=CHAOS count=1/1
2026-02-12 12:37:33.708 | INFO     | aivc_trade.backtest.simulator:run:259 - Backtest done: 15 trades, final equity=9864.59
2026-02-12 12:37:34.527 | INFO     | __main__:main:206 - Backtest reports saved → data/backtest_results
2026-02-12 12:37:35.836 | INFO     | __main__:main:213 - Data/safety checks saved → data/backtest_results/data_quality_checks.csv , data/backtest_results/safety_checks.csv
2026-02-12 12:41:10.057 | INFO     | __main__:main:166 - ==================================================
2026-02-12 12:41:10.059 | INFO     | __main__:main:167 - AIVC Trade – Phase A Backtest
2026-02-12 12:41:10.059 | INFO     | __main__:main:168 - Period: 2023-03-13 → 2025-12-31
2026-02-12 12:41:10.059 | INFO     | __main__:main:169 - Initial equity: 10000.0
2026-02-12 12:41:10.060 | INFO     | __main__:main:170 - ==================================================
2026-02-12 12:41:10.109 | DEBUG    | aivc_trade.data.candles_store:load:37 - Loaded 24594 rows ← data/candles/BTCUSDC/1h.parquet
2026-02-12 12:41:10.116 | INFO     | __main__:_ensure_data:55 - Using cached 1h data for BTCUSDC (24594 rows)
2026-02-12 12:41:10.191 | DEBUG    | aivc_trade.data.candles_store:load:37 - Loaded 295107 rows ← data/candles/BTCUSDC/5m.parquet
2026-02-12 12:41:10.199 | INFO     | __main__:_ensure_data:78 - Using cached 5m data for BTCUSDC (295107 rows)
2026-02-12 12:41:10.232 | DEBUG    | aivc_trade.data.candles_store:load:37 - Loaded 24594 rows ← data/candles/ETHUSDC/1h.parquet
2026-02-12 12:41:10.236 | INFO     | __main__:_ensure_data:55 - Using cached 1h data for ETHUSDC (24594 rows)
2026-02-12 12:41:10.292 | DEBUG    | aivc_trade.data.candles_store:load:37 - Loaded 295107 rows ← data/candles/ETHUSDC/5m.parquet
2026-02-12 12:41:10.296 | INFO     | __main__:_ensure_data:78 - Using cached 5m data for ETHUSDC (295107 rows)
2026-02-12 12:41:12.766 | INFO     | aivc_trade.strategy.signal:generate_signals:253 - Signal: BTCUSDC score=-0.0619 entry=30772.51 stop=30358.27
2026-02-12 12:41:12.768 | INFO     | aivc_trade.strategy.sizing:compute_qty:66 - Sizing: qty=0.30871000000000004, notional=9499.78, risk=1.28%, equity=10000.00
2026-02-12 12:41:12.820 | INFO     | aivc_trade.execution.position_manager:check_exit:100 - EXIT STOP_LOSS: BTCUSDC close=30266.69 stop=30358.27
2026-02-12 12:41:14.618 | INFO     | aivc_trade.strategy.signal:generate_signals:253 - Signal: BTCUSDC score=0.0189 entry=29704.54 stop=29236.67
2026-02-12 12:41:14.620 | INFO     | aivc_trade.strategy.sizing:compute_qty:66 - Sizing: qty=0.31389, notional=9322.89, risk=1.49%, equity=9813.71
2026-02-12 12:41:14.639 | DEBUG    | aivc_trade.execution.position_manager:check_exit:134 - REGIME BREAK HOLD: BTCUSDC regime=RANGE count=1/3
2026-02-12 12:41:14.643 | DEBUG    | aivc_trade.execution.position_manager:check_exit:134 - REGIME BREAK HOLD: BTCUSDC regime=RANGE count=2/3
2026-02-12 12:41:14.646 | INFO     | aivc_trade.execution.position_manager:check_exit:140 - EXIT REGIME: BTCUSDC regime=RANGE count=3/3 unrealised_pnl=-307.39
2026-02-12 12:41:26.482 | INFO     | aivc_trade.strategy.signal:generate_signals:253 - Signal: BTCUSDC score=-0.0654 entry=26518.41 stop=26163.03
2026-02-12 12:41:26.484 | INFO     | aivc_trade.strategy.sizing:compute_qty:66 - Sizing: qty=0.34711000000000003, notional=9204.39, risk=1.27%, equity=9689.01
2026-02-12 12:41:26.514 | DEBUG    | aivc_trade.execution.position_manager:check_exit:134 - REGIME BREAK HOLD: BTCUSDC regime=RANGE count=1/3
2026-02-12 12:41:26.529 | DEBUG    | aivc_trade.execution.position_manager:check_exit:134 - REGIME BREAK HOLD: BTCUSDC regime=RANGE count=1/3
2026-02-12 12:41:26.591 | DEBUG    | aivc_trade.execution.position_manager:check_exit:134 - REGIME BREAK HOLD: BTCUSDC regime=RANGE count=1/3
2026-02-12 12:41:26.596 | DEBUG    | aivc_trade.execution.position_manager:check_exit:134 - REGIME BREAK HOLD: BTCUSDC regime=RANGE count=2/6
2026-02-12 12:41:26.600 | DEBUG    | aivc_trade.execution.position_manager:check_exit:134 - REGIME BREAK HOLD: BTCUSDC regime=RANGE count=3/6
2026-02-12 12:41:26.604 | DEBUG    | aivc_trade.execution.position_manager:check_exit:134 - REGIME BREAK HOLD: BTCUSDC regime=RANGE count=4/6
2026-02-12 12:41:26.609 | DEBUG    | aivc_trade.execution.position_manager:check_exit:134 - REGIME BREAK HOLD: BTCUSDC regime=RANGE count=5/6
2026-02-12 12:41:26.613 | INFO     | aivc_trade.execution.position_manager:check_exit:140 - EXIT REGIME: BTCUSDC regime=RANGE count=6/6 unrealised_pnl=62.38
2026-02-12 12:41:30.584 | INFO     | aivc_trade.strategy.signal:generate_signals:253 - Signal: BTCUSDC score=-0.0149 entry=34495.81 stop=33746.14
2026-02-12 12:41:30.586 | INFO     | aivc_trade.strategy.sizing:compute_qty:66 - Sizing: qty=0.26664000000000004, notional=9197.40, risk=2.06%, equity=9681.53
2026-02-12 12:41:30.636 | DEBUG    | aivc_trade.execution.position_manager:check_exit:134 - REGIME BREAK HOLD: BTCUSDC regime=RANGE count=1/6
2026-02-12 12:41:30.641 | DEBUG    | aivc_trade.execution.position_manager:check_exit:134 - REGIME BREAK HOLD: BTCUSDC regime=RANGE count=2/6
2026-02-12 12:41:30.646 | DEBUG    | aivc_trade.execution.position_manager:check_exit:134 - REGIME BREAK HOLD: BTCUSDC regime=RANGE count=3/6
2026-02-12 12:41:30.651 | DEBUG    | aivc_trade.execution.position_manager:check_exit:134 - REGIME BREAK HOLD: BTCUSDC regime=RANGE count=4/6
2026-02-12 12:41:30.656 | DEBUG    | aivc_trade.execution.position_manager:check_exit:134 - REGIME BREAK HOLD: BTCUSDC regime=RANGE count=5/6
2026-02-12 12:41:30.660 | INFO     | aivc_trade.execution.position_manager:check_exit:140 - EXIT REGIME: BTCUSDC regime=RANGE count=6/6 unrealised_pnl=130.94
2026-02-12 12:41:32.223 | INFO     | aivc_trade.strategy.signal:generate_signals:253 - Signal: BTCUSDC score=-0.1270 entry=37388.10 stop=36719.36
2026-02-12 12:41:32.225 | INFO     | aivc_trade.strategy.sizing:compute_qty:66 - Sizing: qty=0.24615, notional=9203.04, risk=1.70%, equity=9687.77
2026-02-12 12:41:32.283 | DEBUG    | aivc_trade.execution.position_manager:check_exit:134 - REGIME BREAK HOLD: BTCUSDC regime=RANGE count=1/3
2026-02-12 12:41:32.288 | DEBUG    | aivc_trade.execution.position_manager:check_exit:134 - REGIME BREAK HOLD: BTCUSDC regime=RANGE count=2/3
2026-02-12 12:41:32.293 | INFO     | aivc_trade.execution.position_manager:check_exit:140 - EXIT REGIME: BTCUSDC regime=RANGE count=3/3 unrealised_pnl=-279.03
2026-02-12 12:41:34.338 | INFO     | aivc_trade.strategy.signal:generate_signals:253 - Signal: ETHUSDC score=0.0672 entry=2030.49 stop=1993.04
2026-02-12 12:41:34.339 | INFO     | aivc_trade.strategy.sizing:compute_qty:66 - Sizing: qty=4.4846, notional=9112.57, risk=1.82%, equity=9592.30
2026-02-12 12:41:34.366 | DEBUG    | aivc_trade.execution.position_manager:update_stop:69 - Trail updated: ETHUSDC trail=2027.09 (close=2077.12)
2026-02-12 12:41:34.371 | DEBUG    | aivc_trade.execution.position_manager:update_stop:69 - Trail updated: ETHUSDC trail=2029.33 (close=2075.59)
2026-02-12 12:41:34.376 | DEBUG    | aivc_trade.execution.position_manager:update_stop:69 - Trail updated: ETHUSDC trail=2034.48 (close=2081.70)
2026-02-12 12:41:34.411 | DEBUG    | aivc_trade.execution.position_manager:check_exit:134 - REGIME BREAK HOLD: ETHUSDC regime=RANGE count=1/6
2026-02-12 12:41:34.416 | DEBUG    | aivc_trade.execution.position_manager:check_exit:134 - REGIME BREAK HOLD: ETHUSDC regime=RANGE count=2/6
2026-02-12 12:41:34.421 | DEBUG    | aivc_trade.execution.position_manager:update_stop:69 - Trail updated: ETHUSDC trail=2036.06 (close=2066.19)
2026-02-12 12:41:34.421 | DEBUG    | aivc_trade.execution.position_manager:check_exit:134 - REGIME BREAK HOLD: ETHUSDC regime=RANGE count=3/6
2026-02-12 12:41:34.426 | DEBUG    | aivc_trade.execution.position_manager:update_stop:69 - Trail updated: ETHUSDC trail=2049.26 (close=2081.72)
2026-02-12 12:41:34.426 | DEBUG    | aivc_trade.execution.position_manager:check_exit:134 - REGIME BREAK HOLD: ETHUSDC regime=RANGE count=4/6
2026-02-12 12:41:34.431 | DEBUG    | aivc_trade.execution.position_manager:update_stop:69 - Trail updated: ETHUSDC trail=2055.83 (close=2088.10)
2026-02-12 12:41:34.431 | DEBUG    | aivc_trade.execution.position_manager:check_exit:134 - REGIME BREAK HOLD: ETHUSDC regime=RANGE count=5/6
2026-02-12 12:41:34.436 | INFO     | aivc_trade.execution.position_manager:check_exit:140 - EXIT REGIME: ETHUSDC regime=RANGE count=6/6 unrealised_pnl=39.93
2026-02-12 12:41:34.447 | DEBUG    | aivc_trade.strategy.signal:generate_signals:212 - ETHUSDC in cooldown until 2023-11-23 18:00:00+00:00
2026-02-12 12:41:34.452 | DEBUG    | aivc_trade.strategy.signal:generate_signals:212 - ETHUSDC in cooldown until 2023-11-23 18:00:00+00:00
2026-02-12 12:41:34.458 | DEBUG    | aivc_trade.strategy.signal:generate_signals:212 - ETHUSDC in cooldown until 2023-11-23 18:00:00+00:00
2026-02-12 12:41:44.452 | INFO     | aivc_trade.strategy.signal:generate_signals:253 - Signal: BTCUSDC score=0.0667 entry=52650.20 stop=51757.36
2026-02-12 12:41:44.454 | INFO     | aivc_trade.strategy.sizing:compute_qty:66 - Sizing: qty=0.17585, notional=9257.45, risk=1.60%, equity=9744.88
2026-02-12 12:41:44.478 | DEBUG    | aivc_trade.execution.position_manager:check_exit:134 - REGIME BREAK HOLD: BTCUSDC regime=RANGE count=1/3
2026-02-12 12:41:44.482 | INFO     | aivc_trade.execution.position_manager:check_exit:100 - EXIT STOP_LOSS: BTCUSDC close=51738.08 stop=51757.36
2026-02-12 12:41:55.381 | INFO     | aivc_trade.strategy.signal:generate_signals:253 - Signal: ETHUSDC score=0.0408 entry=3811.80 stop=3729.05
2026-02-12 12:41:55.383 | INFO     | aivc_trade.strategy.sizing:compute_qty:66 - Sizing: qty=2.3817, notional=9078.83, risk=2.06%, equity=9557.02
2026-02-12 12:41:55.405 | DEBUG    | aivc_trade.execution.position_manager:update_stop:69 - Trail updated: ETHUSDC trail=3801.46 (close=3916.85)
2026-02-12 12:41:55.415 | INFO     | aivc_trade.execution.position_manager:check_exit:100 - EXIT TRAILING_STOP: ETHUSDC close=3781.60 stop=3801.46
2026-02-12 12:42:13.547 | INFO     | aivc_trade.strategy.signal:generate_signals:253 - Signal: BTCUSDC score=-0.0306 entry=62377.89 stop=61366.71
2026-02-12 12:42:13.548 | INFO     | aivc_trade.strategy.sizing:compute_qty:66 - Sizing: qty=0.14394, notional=8978.56, risk=1.54%, equity=9451.12
2026-02-12 12:42:13.587 | DEBUG    | aivc_trade.execution.position_manager:check_exit:134 - REGIME BREAK HOLD: BTCUSDC regime=RANGE count=1/3
2026-02-12 12:42:13.596 | DEBUG    | aivc_trade.execution.position_manager:check_exit:134 - REGIME BREAK HOLD: BTCUSDC regime=RANGE count=2/3
2026-02-12 12:42:13.603 | INFO     | aivc_trade.execution.position_manager:check_exit:140 - EXIT REGIME: BTCUSDC regime=RANGE count=3/3 unrealised_pnl=-509.11
2026-02-12 12:42:16.131 | INFO     | aivc_trade.strategy.signal:generate_signals:253 - Signal: BTCUSDC score=-0.0628 entry=68284.73 stop=67369.97
2026-02-12 12:42:16.132 | INFO     | aivc_trade.strategy.sizing:compute_qty:66 - Sizing: qty=0.13009, notional=8883.16, risk=1.27%, equity=9351.01
2026-02-12 12:42:16.187 | DEBUG    | aivc_trade.execution.position_manager:check_exit:134 - REGIME BREAK HOLD: BTCUSDC regime=RANGE count=1/3
2026-02-12 12:42:16.193 | DEBUG    | aivc_trade.execution.position_manager:check_exit:134 - REGIME BREAK HOLD: BTCUSDC regime=RANGE count=2/3
2026-02-12 12:42:16.199 | INFO     | aivc_trade.execution.position_manager:check_exit:140 - EXIT REGIME: BTCUSDC regime=RANGE count=3/3 unrealised_pnl=-773.17
2026-02-12 12:42:18.088 | INFO     | aivc_trade.strategy.signal:generate_signals:253 - Signal: BTCUSDC score=0.1596 entry=76896.02 stop=75620.86
2026-02-12 12:42:18.090 | INFO     | aivc_trade.strategy.sizing:compute_qty:66 - Sizing: qty=0.11398000000000001, notional=8762.79, risk=1.56%, equity=9224.09
2026-02-12 12:42:18.119 | DEBUG    | aivc_trade.execution.position_manager:check_exit:134 - REGIME BREAK HOLD: BTCUSDC regime=RANGE count=1/3
2026-02-12 12:42:18.125 | DEBUG    | aivc_trade.execution.position_manager:check_exit:134 - REGIME BREAK HOLD: BTCUSDC regime=RANGE count=2/3
2026-02-12 12:42:18.132 | INFO     | aivc_trade.execution.position_manager:check_exit:140 - EXIT REGIME: BTCUSDC regime=RANGE count=3/3 unrealised_pnl=-513.28
2026-02-12 12:42:25.233 | INFO     | aivc_trade.strategy.signal:generate_signals:253 - Signal: BTCUSDC score=0.1378 entry=95516.21 stop=94185.88
2026-02-12 12:42:25.235 | INFO     | aivc_trade.strategy.sizing:compute_qty:66 - Sizing: qty=0.09088, notional=8682.18, risk=1.34%, equity=9139.39
2026-02-12 12:42:25.252 | DEBUG    | aivc_trade.execution.position_manager:check_exit:134 - REGIME BREAK HOLD: BTCUSDC regime=RANGE count=1/6
2026-02-12 12:42:25.258 | DEBUG    | aivc_trade.execution.position_manager:check_exit:134 - REGIME BREAK HOLD: BTCUSDC regime=RANGE count=2/6
2026-02-12 12:42:25.270 | DEBUG    | aivc_trade.execution.position_manager:check_exit:134 - REGIME BREAK HOLD: BTCUSDC regime=RANGE count=1/6
2026-02-12 12:42:25.275 | DEBUG    | aivc_trade.execution.position_manager:check_exit:134 - REGIME BREAK HOLD: BTCUSDC regime=RANGE count=2/6
2026-02-12 12:42:25.281 | DEBUG    | aivc_trade.execution.position_manager:check_exit:134 - REGIME BREAK HOLD: BTCUSDC regime=RANGE count=3/6
2026-02-12 12:42:25.287 | DEBUG    | aivc_trade.execution.position_manager:check_exit:134 - REGIME BREAK HOLD: BTCUSDC regime=RANGE count=4/6
2026-02-12 12:42:25.363 | DEBUG    | aivc_trade.execution.position_manager:check_exit:134 - REGIME BREAK HOLD: BTCUSDC regime=RANGE count=1/6
2026-02-12 12:42:25.369 | DEBUG    | aivc_trade.execution.position_manager:check_exit:134 - REGIME BREAK HOLD: BTCUSDC regime=RANGE count=2/6
2026-02-12 12:42:25.375 | DEBUG    | aivc_trade.execution.position_manager:check_exit:134 - REGIME BREAK HOLD: BTCUSDC regime=RANGE count=3/6
2026-02-12 12:42:25.381 | DEBUG    | aivc_trade.execution.position_manager:check_exit:134 - REGIME BREAK HOLD: BTCUSDC regime=RANGE count=4/6
2026-02-12 12:42:25.387 | DEBUG    | aivc_trade.execution.position_manager:check_exit:134 - REGIME BREAK HOLD: BTCUSDC regime=RANGE count=5/6
2026-02-12 12:42:25.395 | INFO     | aivc_trade.execution.position_manager:check_exit:140 - EXIT REGIME: BTCUSDC regime=RANGE count=6/6 unrealised_pnl=519.57
2026-02-12 12:42:44.420 | INFO     | aivc_trade.strategy.signal:generate_signals:253 - Signal: BTCUSDC score=-0.3367 entry=97823.25 stop=96466.11
2026-02-12 12:42:44.421 | INFO     | aivc_trade.strategy.sizing:compute_qty:66 - Sizing: qty=0.08896000000000001, notional=8702.36, risk=1.32%, equity=9160.49
2026-02-12 12:42:44.476 | DEBUG    | aivc_trade.execution.position_manager:update_stop:69 - Trail updated: BTCUSDC trail=98535.53 (close=99800.01)
2026-02-12 12:42:44.482 | DEBUG    | aivc_trade.execution.position_manager:update_stop:69 - Trail updated: BTCUSDC trail=98624.86 (close=99792.02)
2026-02-12 12:42:44.511 | DEBUG    | aivc_trade.execution.position_manager:update_stop:69 - Trail updated: BTCUSDC trail=99009.04 (close=100773.98)
2026-02-12 12:42:44.517 | DEBUG    | aivc_trade.execution.position_manager:update_stop:69 - Trail updated: BTCUSDC trail=99514.97 (close=101299.99)
2026-02-12 12:42:44.523 | INFO     | aivc_trade.execution.position_manager:check_exit:119 - EXIT REGIME: BTCUSDC regime=CHAOS count=1/1
2026-02-12 12:42:46.327 | INFO     | aivc_trade.strategy.signal:generate_signals:253 - Signal: BTCUSDC score=-0.1105 entry=107816.00 stop=106191.54
2026-02-12 12:42:46.328 | INFO     | aivc_trade.strategy.sizing:compute_qty:66 - Sizing: qty=0.08299000000000001, notional=8947.65, risk=1.43%, equity=9419.56
2026-02-12 12:42:46.348 | DEBUG    | aivc_trade.execution.position_manager:check_exit:134 - REGIME BREAK HOLD: BTCUSDC regime=RANGE count=1/3
2026-02-12 12:42:46.354 | DEBUG    | aivc_trade.execution.position_manager:check_exit:134 - REGIME BREAK HOLD: BTCUSDC regime=RANGE count=2/3
2026-02-12 12:42:46.361 | INFO     | aivc_trade.execution.position_manager:check_exit:140 - EXIT REGIME: BTCUSDC regime=RANGE count=3/3 unrealised_pnl=-1221.98
2026-02-12 12:42:49.077 | INFO     | aivc_trade.strategy.signal:generate_signals:253 - Signal: ETHUSDC score=0.0259 entry=2559.80 stop=2510.07
2026-02-12 12:42:49.078 | INFO     | aivc_trade.strategy.sizing:compute_qty:66 - Sizing: qty=3.4481, notional=8826.76, risk=1.85%, equity=9291.45
2026-02-12 12:42:49.109 | DEBUG    | aivc_trade.execution.position_manager:update_stop:69 - Trail updated: ETHUSDC trail=2579.97 (close=2644.85)
2026-02-12 12:42:49.115 | DEBUG    | aivc_trade.execution.position_manager:update_stop:69 - Trail updated: ETHUSDC trail=2601.82 (close=2667.46)
2026-02-12 12:42:49.122 | DEBUG    | aivc_trade.execution.position_manager:update_stop:69 - Trail updated: ETHUSDC trail=2612.31 (close=2681.38)
2026-02-12 12:42:49.128 | DEBUG    | aivc_trade.execution.position_manager:update_stop:69 - Trail updated: ETHUSDC trail=2623.67 (close=2700.17)
2026-02-12 12:42:49.135 | DEBUG    | aivc_trade.execution.position_manager:update_stop:69 - Trail updated: ETHUSDC trail=2637.08 (close=2709.51)
2026-02-12 12:42:49.189 | DEBUG    | aivc_trade.execution.position_manager:update_stop:69 - Trail updated: ETHUSDC trail=2639.96 (close=2696.52)
2026-02-12 12:42:49.195 | DEBUG    | aivc_trade.execution.position_manager:update_stop:69 - Trail updated: ETHUSDC trail=2688.94 (close=2774.74)
2026-02-12 12:42:49.220 | INFO     | aivc_trade.execution.position_manager:check_exit:119 - EXIT REGIME: ETHUSDC regime=CHAOS count=1/1
2026-02-12 12:43:22.350 | INFO     | aivc_trade.backtest.simulator:run:259 - Backtest done: 15 trades, final equity=9864.59
2026-02-12 12:44:18.484 | INFO     | __main__:main:206 - Backtest reports saved → data/backtest_results
2026-02-12 12:44:20.937 | INFO     | __main__:main:213 - Data/safety checks saved → data/backtest_results/data_quality_checks.csv , data/backtest_results/safety_checks.csv
2026-02-12 13:10:25.317 | INFO     | aivc_trade.strategy.sizing:compute_qty:66 - Sizing: qty=0.19, notional=9500.00, risk=3.80%, equity=10000.00
2026-02-12 13:10:25.327 | INFO     | aivc_trade.strategy.sizing:compute_qty:66 - Sizing: qty=0.19, notional=9500.00, risk=0.02%, equity=10000.00
2026-02-12 13:10:25.336 | WARNING  | aivc_trade.strategy.sizing:compute_qty:47 - stop_dist <= 0 – cannot size
2026-02-12 13:10:25.363 | INFO     | aivc_trade.execution.position_manager:check_exit:158 - EXIT STOP_LOSS: BTCUSDC close=47500.00 stop=48000.00
2026-02-12 13:10:25.380 | DEBUG    | aivc_trade.execution.position_manager:update_stop:98 - Trail updated: BTCUSDC trail=49500.00 (close=52000.00)
2026-02-12 13:10:25.380 | INFO     | aivc_trade.execution.position_manager:check_exit:158 - EXIT TRAILING_STOP: BTCUSDC close=49499.00 stop=49500.00
2026-02-12 13:10:25.388 | INFO     | aivc_trade.execution.position_manager:check_exit:178 - EXIT REGIME_EXIT_CHAOS: BTCUSDC count=1
2026-02-12 13:10:25.397 | DEBUG    | aivc_trade.execution.position_manager:check_exit:230 - REGIME BREAK HOLD: BTCUSDC regime=RANGE count=1/3
2026-02-12 13:10:25.397 | DEBUG    | aivc_trade.execution.position_manager:check_exit:230 - REGIME BREAK HOLD: BTCUSDC regime=RANGE count=2/3
2026-02-12 13:10:25.397 | INFO     | aivc_trade.execution.position_manager:check_exit:236 - EXIT REGIME_EXIT_RANGE: BTCUSDC count=3/3 unrealised_pnl=-150.00
2026-02-12 13:10:25.406 | DEBUG    | aivc_trade.execution.position_manager:check_exit:230 - REGIME BREAK HOLD: BTCUSDC regime=RANGE count=1/6
2026-02-12 13:10:25.406 | DEBUG    | aivc_trade.execution.position_manager:check_exit:230 - REGIME BREAK HOLD: BTCUSDC regime=RANGE count=2/6
2026-02-12 13:10:25.406 | DEBUG    | aivc_trade.execution.position_manager:check_exit:230 - REGIME BREAK HOLD: BTCUSDC regime=RANGE count=3/6
2026-02-12 13:10:25.407 | DEBUG    | aivc_trade.execution.position_manager:check_exit:230 - REGIME BREAK HOLD: BTCUSDC regime=RANGE count=4/6
2026-02-12 13:10:25.407 | DEBUG    | aivc_trade.execution.position_manager:check_exit:230 - REGIME BREAK HOLD: BTCUSDC regime=RANGE count=5/6
2026-02-12 13:10:25.407 | INFO     | aivc_trade.execution.position_manager:check_exit:236 - EXIT REGIME_EXIT_RANGE: BTCUSDC count=6/6 unrealised_pnl=1000.00
2026-02-12 13:10:25.415 | DEBUG    | aivc_trade.execution.position_manager:check_exit:230 - REGIME BREAK HOLD: BTCUSDC regime=RANGE count=1/6
2026-02-12 13:10:25.438 | WARNING  | aivc_trade.strategy.risk:check_equity:44 - CIRCUIT BREAKER: 24h loss -16.00% → halt until 2024-01-03 12:00:00+00:00
2026-02-12 13:10:25.454 | ERROR    | aivc_trade.strategy.risk:record_api_error:67 - API error streak = 5 → HALT
2026-02-12 13:10:25.473 | DEBUG    | aivc_trade.ops.persistence:save:29 - State saved → /tmp/tmpii4err9k/state.json
2026-02-12 13:10:25.475 | INFO     | aivc_trade.ops.persistence:load:33 - No state file found – starting fresh
2026-02-12 13:10:25.636 | INFO     | aivc_trade.execution.position_manager:check_partial_tp:48 - PARTIAL TP TRIGGER: BTCUSDC unrealized=2.00% threshold=2.0% close=51000.00
2026-02-12 13:10:25.663 | DEBUG    | aivc_trade.execution.position_manager:check_exit:197 - RUNNER RANGE HOLD (buffer): BTCUSDC bars=1/6 unrealized=1.50%
2026-02-12 13:10:25.663 | DEBUG    | aivc_trade.execution.position_manager:check_exit:197 - RUNNER RANGE HOLD (buffer): BTCUSDC bars=2/6 unrealized=1.50%
2026-02-12 13:10:25.663 | DEBUG    | aivc_trade.execution.position_manager:check_exit:197 - RUNNER RANGE HOLD (buffer): BTCUSDC bars=3/6 unrealized=1.50%
2026-02-12 13:10:25.663 | DEBUG    | aivc_trade.execution.position_manager:check_exit:197 - RUNNER RANGE HOLD (buffer): BTCUSDC bars=4/6 unrealized=1.50%
2026-02-12 13:10:25.663 | DEBUG    | aivc_trade.execution.position_manager:check_exit:197 - RUNNER RANGE HOLD (buffer): BTCUSDC bars=5/6 unrealized=1.50%
2026-02-12 13:10:25.664 | INFO     | aivc_trade.execution.position_manager:check_exit:203 - EXIT REGIME_EXIT_RANGE_RUNNER_TIMEOUT: BTCUSDC bars=6 unrealized=1.50%
2026-02-12 13:10:25.672 | DEBUG    | aivc_trade.execution.position_manager:check_exit:211 - RUNNER RANGE HOLD: BTCUSDC bars=1/3 unrealized=0.40%
2026-02-12 13:10:25.673 | DEBUG    | aivc_trade.execution.position_manager:check_exit:211 - RUNNER RANGE HOLD: BTCUSDC bars=2/3 unrealized=0.40%
2026-02-12 13:10:25.673 | INFO     | aivc_trade.execution.position_manager:check_exit:217 - EXIT REGIME_EXIT_RANGE_RUNNER: BTCUSDC bars=3 unrealized=0.40%
2026-02-12 13:10:25.681 | INFO     | aivc_trade.execution.position_manager:check_exit:178 - EXIT REGIME_EXIT_CHAOS: BTCUSDC count=1
2026-02-12 13:10:25.690 | DEBUG    | aivc_trade.execution.position_manager:update_stop:111 - Runner trail updated: BTCUSDC trail=50200.00 peak=51200.00 atr=500.00
2026-02-12 13:10:25.690 | INFO     | aivc_trade.execution.position_manager:check_exit:137 - EXIT TRAILING_STOP_RUNNER: BTCUSDC close=50100.00 trail=50200.00
2026-02-12 13:10:25.699 | DEBUG    | aivc_trade.execution.position_manager:update_stop:111 - Runner trail updated: BTCUSDC trail=50500.00 peak=51500.00 atr=500.00
2026-02-12 13:10:26.329 | INFO     | aivc_trade.backtest.simulator:run:302 - Backtest done: 0 trades, final equity=10000.00
2026-02-12 13:10:26.369 | DEBUG    | aivc_trade.data.candles_store:save:30 - Saved 50 rows → /tmp/tmpg0s1pkoq/BTCUSDC/1h.parquet
2026-02-12 13:10:26.393 | DEBUG    | aivc_trade.data.candles_store:load:37 - Loaded 50 rows ← /tmp/tmpg0s1pkoq/BTCUSDC/1h.parquet
2026-02-12 13:10:26.398 | DEBUG    | aivc_trade.data.candles_store:save:30 - Saved 50 rows → /tmp/tmpfohd0i2s/BTCUSDC/1h.parquet
2026-02-12 13:10:26.399 | DEBUG    | aivc_trade.data.candles_store:load:37 - Loaded 50 rows ← /tmp/tmpfohd0i2s/BTCUSDC/1h.parquet
2026-02-12 13:10:26.401 | DEBUG    | aivc_trade.data.candles_store:save:30 - Saved 50 rows → /tmp/tmpfohd0i2s/BTCUSDC/1h.parquet
2026-02-12 13:10:30.968 | INFO     | __main__:main:166 - ==================================================
2026-02-12 13:10:30.970 | INFO     | __main__:main:167 - AIVC Trade – Phase A Backtest
2026-02-12 13:10:30.971 | INFO     | __main__:main:168 - Period: 2023-03-13 → 2025-12-31
2026-02-12 13:10:30.971 | INFO     | __main__:main:169 - Initial equity: 10000.0
2026-02-12 13:10:30.971 | INFO     | __main__:main:170 - ==================================================
2026-02-12 13:10:30.998 | DEBUG    | aivc_trade.data.candles_store:load:37 - Loaded 24594 rows ← data/candles/BTCUSDC/1h.parquet
2026-02-12 13:10:31.003 | INFO     | __main__:_ensure_data:55 - Using cached 1h data for BTCUSDC (24594 rows)
2026-02-12 13:10:31.074 | DEBUG    | aivc_trade.data.candles_store:load:37 - Loaded 295107 rows ← data/candles/BTCUSDC/5m.parquet
2026-02-12 13:10:31.081 | INFO     | __main__:_ensure_data:78 - Using cached 5m data for BTCUSDC (295107 rows)
2026-02-12 13:10:31.125 | DEBUG    | aivc_trade.data.candles_store:load:37 - Loaded 24594 rows ← data/candles/ETHUSDC/1h.parquet
2026-02-12 13:10:31.129 | INFO     | __main__:_ensure_data:55 - Using cached 1h data for ETHUSDC (24594 rows)
2026-02-12 13:10:31.185 | DEBUG    | aivc_trade.data.candles_store:load:37 - Loaded 295107 rows ← data/candles/ETHUSDC/5m.parquet
2026-02-12 13:10:31.189 | INFO     | __main__:_ensure_data:78 - Using cached 5m data for ETHUSDC (295107 rows)
2026-02-12 13:10:32.856 | INFO     | aivc_trade.strategy.signal:generate_signals:253 - Signal: BTCUSDC score=-0.0619 entry=30772.51 stop=30358.27
2026-02-12 13:10:32.858 | INFO     | aivc_trade.strategy.sizing:compute_qty:66 - Sizing: qty=0.30871000000000004, notional=9499.78, risk=1.28%, equity=10000.00
2026-02-12 13:10:32.886 | INFO     | aivc_trade.execution.position_manager:check_exit:158 - EXIT STOP_LOSS: BTCUSDC close=30266.69 stop=30358.27
2026-02-12 13:10:33.924 | INFO     | aivc_trade.strategy.signal:generate_signals:253 - Signal: BTCUSDC score=0.0189 entry=29704.54 stop=29236.67
2026-02-12 13:10:33.926 | INFO     | aivc_trade.strategy.sizing:compute_qty:66 - Sizing: qty=0.31389, notional=9322.89, risk=1.49%, equity=9813.71
2026-02-12 13:10:33.936 | DEBUG    | aivc_trade.execution.position_manager:check_exit:230 - REGIME BREAK HOLD: BTCUSDC regime=RANGE count=1/3
2026-02-12 13:10:33.939 | DEBUG    | aivc_trade.execution.position_manager:check_exit:230 - REGIME BREAK HOLD: BTCUSDC regime=RANGE count=2/3
2026-02-12 13:10:33.941 | INFO     | aivc_trade.execution.position_manager:check_exit:236 - EXIT REGIME_EXIT_RANGE: BTCUSDC count=3/3 unrealised_pnl=-307.39
2026-02-12 13:10:41.180 | INFO     | aivc_trade.strategy.signal:generate_signals:253 - Signal: BTCUSDC score=-0.0654 entry=26518.41 stop=26163.03
2026-02-12 13:10:41.182 | INFO     | aivc_trade.strategy.sizing:compute_qty:66 - Sizing: qty=0.34711000000000003, notional=9204.39, risk=1.27%, equity=9689.01
2026-02-12 13:10:41.198 | DEBUG    | aivc_trade.execution.position_manager:check_exit:230 - REGIME BREAK HOLD: BTCUSDC regime=RANGE count=1/3
2026-02-12 13:10:41.206 | DEBUG    | aivc_trade.execution.position_manager:check_exit:230 - REGIME BREAK HOLD: BTCUSDC regime=RANGE count=1/3
2026-02-12 13:10:41.248 | DEBUG    | aivc_trade.execution.position_manager:check_exit:230 - REGIME BREAK HOLD: BTCUSDC regime=RANGE count=1/3
2026-02-12 13:10:41.251 | DEBUG    | aivc_trade.execution.position_manager:check_exit:230 - REGIME BREAK HOLD: BTCUSDC regime=RANGE count=2/6
2026-02-12 13:10:41.254 | DEBUG    | aivc_trade.execution.position_manager:check_exit:230 - REGIME BREAK HOLD: BTCUSDC regime=RANGE count=3/6
2026-02-12 13:10:41.257 | DEBUG    | aivc_trade.execution.position_manager:check_exit:230 - REGIME BREAK HOLD: BTCUSDC regime=RANGE count=4/6
2026-02-12 13:10:41.260 | DEBUG    | aivc_trade.execution.position_manager:check_exit:230 - REGIME BREAK HOLD: BTCUSDC regime=RANGE count=5/6
2026-02-12 13:10:41.263 | INFO     | aivc_trade.execution.position_manager:check_exit:236 - EXIT REGIME_EXIT_RANGE: BTCUSDC count=6/6 unrealised_pnl=62.38
2026-02-12 13:10:43.805 | INFO     | aivc_trade.strategy.signal:generate_signals:253 - Signal: BTCUSDC score=-0.0149 entry=34495.81 stop=33746.14
2026-02-12 13:10:43.807 | INFO     | aivc_trade.strategy.sizing:compute_qty:66 - Sizing: qty=0.26664000000000004, notional=9197.40, risk=2.06%, equity=9681.53
2026-02-12 13:10:43.838 | DEBUG    | aivc_trade.execution.position_manager:check_exit:230 - REGIME BREAK HOLD: BTCUSDC regime=RANGE count=1/6
2026-02-12 13:10:43.841 | DEBUG    | aivc_trade.execution.position_manager:check_exit:230 - REGIME BREAK HOLD: BTCUSDC regime=RANGE count=2/6
2026-02-12 13:10:43.844 | DEBUG    | aivc_trade.execution.position_manager:check_exit:230 - REGIME BREAK HOLD: BTCUSDC regime=RANGE count=3/6
2026-02-12 13:10:43.847 | DEBUG    | aivc_trade.execution.position_manager:check_exit:230 - REGIME BREAK HOLD: BTCUSDC regime=RANGE count=4/6
2026-02-12 13:10:43.851 | DEBUG    | aivc_trade.execution.position_manager:check_exit:230 - REGIME BREAK HOLD: BTCUSDC regime=RANGE count=5/6
2026-02-12 13:10:43.854 | INFO     | aivc_trade.execution.position_manager:check_exit:236 - EXIT REGIME_EXIT_RANGE: BTCUSDC count=6/6 unrealised_pnl=130.94
2026-02-12 13:10:44.867 | INFO     | aivc_trade.strategy.signal:generate_signals:253 - Signal: BTCUSDC score=-0.1270 entry=37388.10 stop=36719.36
2026-02-12 13:10:44.869 | INFO     | aivc_trade.strategy.sizing:compute_qty:66 - Sizing: qty=0.24615, notional=9203.04, risk=1.70%, equity=9687.77
2026-02-12 13:10:44.903 | DEBUG    | aivc_trade.execution.position_manager:check_exit:230 - REGIME BREAK HOLD: BTCUSDC regime=RANGE count=1/3
2026-02-12 13:10:44.907 | DEBUG    | aivc_trade.execution.position_manager:check_exit:230 - REGIME BREAK HOLD: BTCUSDC regime=RANGE count=2/3
2026-02-12 13:10:44.910 | INFO     | aivc_trade.execution.position_manager:check_exit:236 - EXIT REGIME_EXIT_RANGE: BTCUSDC count=3/3 unrealised_pnl=-279.03
2026-02-12 13:10:45.668 | INFO     | aivc_trade.strategy.signal:generate_signals:253 - Signal: ETHUSDC score=0.0672 entry=2030.49 stop=1993.04
2026-02-12 13:10:45.670 | INFO     | aivc_trade.strategy.sizing:compute_qty:66 - Sizing: qty=4.4846, notional=9112.57, risk=1.82%, equity=9592.30
2026-02-12 13:10:45.686 | DEBUG    | aivc_trade.execution.position_manager:update_stop:98 - Trail updated: ETHUSDC trail=2027.09 (close=2077.12)
2026-02-12 13:10:45.686 | INFO     | aivc_trade.execution.position_manager:check_partial_tp:48 - PARTIAL TP TRIGGER: ETHUSDC unrealized=2.22% threshold=2.0% close=2077.12
2026-02-12 13:10:45.690 | DEBUG    | aivc_trade.execution.position_manager:update_stop:111 - Runner trail updated: ETHUSDC trail=2040.12 peak=2077.12 atr=18.50
2026-02-12 13:10:45.693 | DEBUG    | aivc_trade.execution.position_manager:update_stop:111 - Runner trail updated: ETHUSDC trail=2043.93 peak=2081.70 atr=18.89
2026-02-12 13:10:45.699 | DEBUG    | aivc_trade.execution.position_manager:update_stop:111 - Runner trail updated: ETHUSDC trail=2045.31 peak=2081.70 atr=18.20
2026-02-12 13:10:45.703 | DEBUG    | aivc_trade.execution.position_manager:update_stop:111 - Runner trail updated: ETHUSDC trail=2046.75 peak=2081.70 atr=17.47
2026-02-12 13:10:45.709 | DEBUG    | aivc_trade.execution.position_manager:update_stop:111 - Runner trail updated: ETHUSDC trail=2048.30 peak=2081.70 atr=16.70
2026-02-12 13:10:45.712 | DEBUG    | aivc_trade.execution.position_manager:update_stop:111 - Runner trail updated: ETHUSDC trail=2050.20 peak=2081.70 atr=15.75
2026-02-12 13:10:45.715 | DEBUG    | aivc_trade.execution.position_manager:update_stop:111 - Runner trail updated: ETHUSDC trail=2052.03 peak=2081.70 atr=14.84
2026-02-12 13:10:45.718 | DEBUG    | aivc_trade.execution.position_manager:update_stop:111 - Runner trail updated: ETHUSDC trail=2053.99 peak=2081.70 atr=13.85
2026-02-12 13:10:45.718 | DEBUG    | aivc_trade.execution.position_manager:check_exit:197 - RUNNER RANGE HOLD (buffer): ETHUSDC bars=1/6 unrealized=1.59%
2026-02-12 13:10:45.722 | DEBUG    | aivc_trade.execution.position_manager:update_stop:111 - Runner trail updated: ETHUSDC trail=2056.13 peak=2081.70 atr=12.79
2026-02-12 13:10:45.722 | DEBUG    | aivc_trade.execution.position_manager:check_exit:197 - RUNNER RANGE HOLD (buffer): ETHUSDC bars=2/6 unrealized=1.48%
2026-02-12 13:10:45.725 | DEBUG    | aivc_trade.execution.position_manager:update_stop:111 - Runner trail updated: ETHUSDC trail=2057.60 peak=2081.70 atr=12.05
2026-02-12 13:10:45.725 | DEBUG    | aivc_trade.execution.position_manager:check_exit:197 - RUNNER RANGE HOLD (buffer): ETHUSDC bars=3/6 unrealized=1.68%
2026-02-12 13:10:45.728 | DEBUG    | aivc_trade.execution.position_manager:check_exit:197 - RUNNER RANGE HOLD (buffer): ETHUSDC bars=4/6 unrealized=2.45%
2026-02-12 13:10:45.732 | DEBUG    | aivc_trade.execution.position_manager:update_stop:111 - Runner trail updated: ETHUSDC trail=2062.28 peak=2088.10 atr=12.91
2026-02-12 13:10:45.732 | DEBUG    | aivc_trade.execution.position_manager:check_exit:197 - RUNNER RANGE HOLD (buffer): ETHUSDC bars=5/6 unrealized=2.76%
2026-02-12 13:10:45.735 | INFO     | aivc_trade.execution.position_manager:check_exit:203 - EXIT REGIME_EXIT_RANGE_RUNNER_TIMEOUT: ETHUSDC bars=6 unrealized=1.97%
2026-02-12 13:10:45.743 | DEBUG    | aivc_trade.strategy.signal:generate_signals:212 - ETHUSDC in cooldown until 2023-11-23 18:00:00+00:00
2026-02-12 13:10:45.746 | DEBUG    | aivc_trade.strategy.signal:generate_signals:212 - ETHUSDC in cooldown until 2023-11-23 18:00:00+00:00
2026-02-12 13:10:45.750 | DEBUG    | aivc_trade.strategy.signal:generate_signals:212 - ETHUSDC in cooldown until 2023-11-23 18:00:00+00:00
2026-02-12 13:10:53.801 | INFO     | aivc_trade.strategy.signal:generate_signals:253 - Signal: BTCUSDC score=0.0667 entry=52650.20 stop=51757.36
2026-02-12 13:10:53.803 | INFO     | aivc_trade.strategy.sizing:compute_qty:66 - Sizing: qty=0.17605, notional=9267.98, risk=1.60%, equity=9756.30
2026-02-12 13:10:53.818 | DEBUG    | aivc_trade.execution.position_manager:check_exit:230 - REGIME BREAK HOLD: BTCUSDC regime=RANGE count=1/3
2026-02-12 13:10:53.822 | INFO     | aivc_trade.execution.position_manager:check_exit:158 - EXIT STOP_LOSS: BTCUSDC close=51738.08 stop=51757.36
2026-02-12 13:11:01.968 | INFO     | aivc_trade.strategy.signal:generate_signals:253 - Signal: ETHUSDC score=0.0408 entry=3811.80 stop=3729.05
2026-02-12 13:11:01.969 | INFO     | aivc_trade.strategy.sizing:compute_qty:66 - Sizing: qty=2.3845, notional=9089.50, risk=2.06%, equity=9568.23
2026-02-12 13:11:01.983 | DEBUG    | aivc_trade.execution.position_manager:update_stop:98 - Trail updated: ETHUSDC trail=3801.46 (close=3916.85)
2026-02-12 13:11:01.983 | INFO     | aivc_trade.execution.position_manager:check_partial_tp:48 - PARTIAL TP TRIGGER: ETHUSDC unrealized=2.75% threshold=2.0% close=3916.85
2026-02-12 13:11:01.987 | DEBUG    | aivc_trade.execution.position_manager:update_stop:111 - Runner trail updated: ETHUSDC trail=3792.61 peak=3916.85 atr=62.12
2026-02-12 13:11:01.991 | INFO     | aivc_trade.execution.position_manager:check_exit:137 - EXIT TRAILING_STOP_RUNNER: ETHUSDC close=3781.60 trail=3792.61
2026-02-12 13:11:14.561 | INFO     | aivc_trade.strategy.signal:generate_signals:253 - Signal: BTCUSDC score=-0.0306 entry=62377.89 stop=61366.71
2026-02-12 13:11:14.562 | INFO     | aivc_trade.strategy.sizing:compute_qty:66 - Sizing: qty=0.14659000000000003, notional=9143.86, risk=1.54%, equity=9625.49
2026-02-12 13:11:14.587 | DEBUG    | aivc_trade.execution.position_manager:check_exit:230 - REGIME BREAK HOLD: BTCUSDC regime=RANGE count=1/3
2026-02-12 13:11:14.592 | DEBUG    | aivc_trade.execution.position_manager:check_exit:230 - REGIME BREAK HOLD: BTCUSDC regime=RANGE count=2/3
2026-02-12 13:11:14.596 | INFO     | aivc_trade.execution.position_manager:check_exit:236 - EXIT REGIME_EXIT_RANGE: BTCUSDC count=3/3 unrealised_pnl=-509.11
2026-02-12 13:11:16.602 | INFO     | aivc_trade.strategy.signal:generate_signals:253 - Signal: BTCUSDC score=-0.0628 entry=68284.73 stop=67369.97
2026-02-12 13:11:16.603 | INFO     | aivc_trade.strategy.sizing:compute_qty:66 - Sizing: qty=0.13249000000000002, notional=9047.04, risk=1.27%, equity=9523.54
2026-02-12 13:11:16.649 | DEBUG    | aivc_trade.execution.position_manager:check_exit:230 - REGIME BREAK HOLD: BTCUSDC regime=RANGE count=1/3
2026-02-12 13:11:16.654 | DEBUG    | aivc_trade.execution.position_manager:check_exit:230 - REGIME BREAK HOLD: BTCUSDC regime=RANGE count=2/3
2026-02-12 13:11:16.659 | INFO     | aivc_trade.execution.position_manager:check_exit:236 - EXIT REGIME_EXIT_RANGE: BTCUSDC count=3/3 unrealised_pnl=-773.17
2026-02-12 13:11:18.179 | INFO     | aivc_trade.strategy.signal:generate_signals:253 - Signal: BTCUSDC score=0.1596 entry=76896.02 stop=75620.86
2026-02-12 13:11:18.180 | INFO     | aivc_trade.strategy.sizing:compute_qty:66 - Sizing: qty=0.11608, notional=8924.24, risk=1.56%, equity=9394.28
2026-02-12 13:11:18.203 | DEBUG    | aivc_trade.execution.position_manager:check_exit:230 - REGIME BREAK HOLD: BTCUSDC regime=RANGE count=1/3
2026-02-12 13:11:18.207 | DEBUG    | aivc_trade.execution.position_manager:check_exit:230 - REGIME BREAK HOLD: BTCUSDC regime=RANGE count=2/3
2026-02-12 13:11:18.212 | INFO     | aivc_trade.execution.position_manager:check_exit:236 - EXIT REGIME_EXIT_RANGE: BTCUSDC count=3/3 unrealised_pnl=-513.28
2026-02-12 13:11:25.783 | INFO     | aivc_trade.strategy.signal:generate_signals:253 - Signal: BTCUSDC score=0.1378 entry=95516.21 stop=94185.88
2026-02-12 13:11:25.784 | INFO     | aivc_trade.strategy.sizing:compute_qty:66 - Sizing: qty=0.09255000000000001, notional=8841.72, risk=1.34%, equity=9308.02
2026-02-12 13:11:25.798 | DEBUG    | aivc_trade.execution.position_manager:check_exit:230 - REGIME BREAK HOLD: BTCUSDC regime=RANGE count=1/6
2026-02-12 13:11:25.803 | DEBUG    | aivc_trade.execution.position_manager:check_exit:230 - REGIME BREAK HOLD: BTCUSDC regime=RANGE count=2/6
2026-02-12 13:11:25.811 | DEBUG    | aivc_trade.execution.position_manager:check_exit:230 - REGIME BREAK HOLD: BTCUSDC regime=RANGE count=1/6
2026-02-12 13:11:25.816 | DEBUG    | aivc_trade.execution.position_manager:check_exit:230 - REGIME BREAK HOLD: BTCUSDC regime=RANGE count=2/6
2026-02-12 13:11:25.820 | DEBUG    | aivc_trade.execution.position_manager:check_exit:230 - REGIME BREAK HOLD: BTCUSDC regime=RANGE count=3/6
2026-02-12 13:11:25.825 | DEBUG    | aivc_trade.execution.position_manager:check_exit:230 - REGIME BREAK HOLD: BTCUSDC regime=RANGE count=4/6
2026-02-12 13:11:25.891 | DEBUG    | aivc_trade.execution.position_manager:check_exit:230 - REGIME BREAK HOLD: BTCUSDC regime=RANGE count=1/6
2026-02-12 13:11:25.896 | DEBUG    | aivc_trade.execution.position_manager:check_exit:230 - REGIME BREAK HOLD: BTCUSDC regime=RANGE count=2/6
2026-02-12 13:11:25.900 | DEBUG    | aivc_trade.execution.position_manager:check_exit:230 - REGIME BREAK HOLD: BTCUSDC regime=RANGE count=3/6
2026-02-12 13:11:25.905 | DEBUG    | aivc_trade.execution.position_manager:check_exit:230 - REGIME BREAK HOLD: BTCUSDC regime=RANGE count=4/6
2026-02-12 13:11:25.909 | DEBUG    | aivc_trade.execution.position_manager:check_exit:230 - REGIME BREAK HOLD: BTCUSDC regime=RANGE count=5/6
2026-02-12 13:11:25.914 | INFO     | aivc_trade.execution.position_manager:check_exit:236 - EXIT REGIME_EXIT_RANGE: BTCUSDC count=6/6 unrealised_pnl=519.57
2026-02-12 13:11:39.594 | INFO     | aivc_trade.strategy.signal:generate_signals:253 - Signal: BTCUSDC score=-0.3367 entry=97823.25 stop=96466.11
2026-02-12 13:11:39.595 | INFO     | aivc_trade.strategy.sizing:compute_qty:66 - Sizing: qty=0.09060000000000001, notional=8862.79, risk=1.32%, equity=9329.51
2026-02-12 13:11:39.632 | DEBUG    | aivc_trade.execution.position_manager:update_stop:98 - Trail updated: BTCUSDC trail=98535.53 (close=99800.01)
2026-02-12 13:11:39.633 | INFO     | aivc_trade.execution.position_manager:check_partial_tp:48 - PARTIAL TP TRIGGER: BTCUSDC unrealized=2.02% threshold=2.0% close=99800.01
2026-02-12 13:11:39.638 | DEBUG    | aivc_trade.execution.position_manager:update_stop:111 - Runner trail updated: BTCUSDC trail=98866.28 peak=99800.01 atr=466.87
2026-02-12 13:11:39.643 | DEBUG    | aivc_trade.execution.position_manager:update_stop:111 - Runner trail updated: BTCUSDC trail=98890.25 peak=99800.01 atr=454.88
2026-02-12 13:11:39.648 | DEBUG    | aivc_trade.execution.position_manager:update_stop:111 - Runner trail updated: BTCUSDC trail=98928.00 peak=99800.01 atr=436.00
2026-02-12 13:11:39.663 | DEBUG    | aivc_trade.execution.position_manager:update_stop:111 - Runner trail updated: BTCUSDC trail=99362.02 peak=100773.98 atr=705.98
2026-02-12 13:11:39.668 | DEBUG    | aivc_trade.execution.position_manager:update_stop:111 - Runner trail updated: BTCUSDC trail=99871.97 peak=101299.99 atr=714.01
2026-02-12 13:11:39.672 | INFO     | aivc_trade.execution.position_manager:check_exit:178 - EXIT REGIME_EXIT_CHAOS: BTCUSDC count=1
2026-02-12 13:11:41.100 | INFO     | aivc_trade.strategy.signal:generate_signals:253 - Signal: BTCUSDC score=-0.1105 entry=107816.00 stop=106191.54
2026-02-12 13:11:41.101 | INFO     | aivc_trade.strategy.sizing:compute_qty:66 - Sizing: qty=0.08403000000000001, notional=9059.78, risk=1.43%, equity=9537.55
2026-02-12 13:11:41.115 | DEBUG    | aivc_trade.execution.position_manager:check_exit:230 - REGIME BREAK HOLD: BTCUSDC regime=RANGE count=1/3
2026-02-12 13:11:41.120 | DEBUG    | aivc_trade.execution.position_manager:check_exit:230 - REGIME BREAK HOLD: BTCUSDC regime=RANGE count=2/3
2026-02-12 13:11:41.126 | INFO     | aivc_trade.execution.position_manager:check_exit:236 - EXIT REGIME_EXIT_RANGE: BTCUSDC count=3/3 unrealised_pnl=-1221.98
2026-02-12 13:11:43.313 | INFO     | aivc_trade.strategy.signal:generate_signals:253 - Signal: ETHUSDC score=0.0259 entry=2559.80 stop=2510.07
2026-02-12 13:11:43.314 | INFO     | aivc_trade.strategy.sizing:compute_qty:66 - Sizing: qty=3.4913000000000003, notional=8937.34, risk=1.85%, equity=9407.84
2026-02-12 13:11:43.340 | DEBUG    | aivc_trade.execution.position_manager:update_stop:98 - Trail updated: ETHUSDC trail=2579.97 (close=2644.85)
2026-02-12 13:11:43.341 | INFO     | aivc_trade.execution.position_manager:check_partial_tp:48 - PARTIAL TP TRIGGER: ETHUSDC unrealized=3.32% threshold=2.0% close=2644.85
2026-02-12 13:11:43.346 | DEBUG    | aivc_trade.execution.position_manager:update_stop:111 - Runner trail updated: ETHUSDC trail=2614.95 peak=2667.46 atr=26.25
2026-02-12 13:11:43.351 | DEBUG    | aivc_trade.execution.position_manager:update_stop:111 - Runner trail updated: ETHUSDC trail=2626.12 peak=2681.38 atr=27.63
2026-02-12 13:11:43.356 | DEBUG    | aivc_trade.execution.position_manager:update_stop:111 - Runner trail updated: ETHUSDC trail=2638.97 peak=2700.17 atr=30.60
2026-02-12 13:11:43.362 | DEBUG    | aivc_trade.execution.position_manager:update_stop:111 - Runner trail updated: ETHUSDC trail=2651.56 peak=2709.51 atr=28.97
2026-02-12 13:11:43.372 | DEBUG    | aivc_trade.execution.position_manager:update_stop:111 - Runner trail updated: ETHUSDC trail=2653.47 peak=2709.51 atr=28.02
2026-02-12 13:11:43.377 | DEBUG    | aivc_trade.execution.position_manager:update_stop:111 - Runner trail updated: ETHUSDC trail=2659.13 peak=2709.51 atr=25.19
2026-02-12 13:11:43.396 | DEBUG    | aivc_trade.execution.position_manager:update_stop:111 - Runner trail updated: ETHUSDC trail=2661.62 peak=2709.51 atr=23.95
2026-02-12 13:11:43.402 | DEBUG    | aivc_trade.execution.position_manager:update_stop:111 - Runner trail updated: ETHUSDC trail=2662.40 peak=2709.51 atr=23.56
2026-02-12 13:11:43.407 | DEBUG    | aivc_trade.execution.position_manager:update_stop:111 - Runner trail updated: ETHUSDC trail=2664.26 peak=2709.51 atr=22.62
2026-02-12 13:11:43.412 | DEBUG    | aivc_trade.execution.position_manager:update_stop:111 - Runner trail updated: ETHUSDC trail=2706.10 peak=2774.74 atr=34.32
2026-02-12 13:11:43.417 | DEBUG    | aivc_trade.execution.position_manager:update_stop:111 - Runner trail updated: ETHUSDC trail=2706.55 peak=2774.74 atr=34.09
2026-02-12 13:11:43.433 | INFO     | aivc_trade.execution.position_manager:check_exit:178 - EXIT REGIME_EXIT_CHAOS: ETHUSDC count=1
2026-02-12 13:12:10.872 | INFO     | aivc_trade.backtest.simulator:run:302 - Backtest done: 19 trades, final equity=9832.94
2026-02-12 13:12:41.737 | INFO     | __main__:main:206 - Backtest reports saved → data/backtest_results
2026-02-12 13:12:43.367 | INFO     | __main__:main:213 - Data/safety checks saved → data/backtest_results/data_quality_checks.csv , data/backtest_results/safety_checks.csv
2026-02-12 13:15:09.739 | INFO     | __main__:main:166 - ==================================================
2026-02-12 13:15:09.741 | INFO     | __main__:main:167 - AIVC Trade – Phase A Backtest
2026-02-12 13:15:09.741 | INFO     | __main__:main:168 - Period: 2023-03-13 → 2025-12-31
2026-02-12 13:15:09.742 | INFO     | __main__:main:169 - Initial equity: 10000.0
2026-02-12 13:15:09.742 | INFO     | __main__:main:170 - ==================================================
2026-02-12 13:15:09.797 | DEBUG    | aivc_trade.data.candles_store:load:37 - Loaded 24594 rows ← data/candles/BTCUSDC/1h.parquet
2026-02-12 13:15:09.804 | INFO     | __main__:_ensure_data:55 - Using cached 1h data for BTCUSDC (24594 rows)
2026-02-12 13:15:09.881 | DEBUG    | aivc_trade.data.candles_store:load:37 - Loaded 295107 rows ← data/candles/BTCUSDC/5m.parquet
2026-02-12 13:15:09.889 | INFO     | __main__:_ensure_data:78 - Using cached 5m data for BTCUSDC (295107 rows)
2026-02-12 13:15:09.923 | DEBUG    | aivc_trade.data.candles_store:load:37 - Loaded 24594 rows ← data/candles/ETHUSDC/1h.parquet
2026-02-12 13:15:09.927 | INFO     | __main__:_ensure_data:55 - Using cached 1h data for ETHUSDC (24594 rows)
2026-02-12 13:15:09.984 | DEBUG    | aivc_trade.data.candles_store:load:37 - Loaded 295107 rows ← data/candles/ETHUSDC/5m.parquet
2026-02-12 13:15:09.989 | INFO     | __main__:_ensure_data:78 - Using cached 5m data for ETHUSDC (295107 rows)
2026-02-12 13:15:12.409 | INFO     | aivc_trade.strategy.signal:generate_signals:253 - Signal: BTCUSDC score=-0.0619 entry=30772.51 stop=30358.27
2026-02-12 13:15:12.411 | INFO     | aivc_trade.strategy.sizing:compute_qty:66 - Sizing: qty=0.30871000000000004, notional=9499.78, risk=1.28%, equity=10000.00
2026-02-12 13:15:12.463 | INFO     | aivc_trade.execution.position_manager:check_exit:158 - EXIT STOP_LOSS: BTCUSDC close=30266.69 stop=30358.27
2026-02-12 13:15:14.319 | INFO     | aivc_trade.strategy.signal:generate_signals:253 - Signal: BTCUSDC score=0.0189 entry=29704.54 stop=29236.67
2026-02-12 13:15:14.322 | INFO     | aivc_trade.strategy.sizing:compute_qty:66 - Sizing: qty=0.31389, notional=9322.89, risk=1.49%, equity=9813.71
2026-02-12 13:15:14.343 | DEBUG    | aivc_trade.execution.position_manager:check_exit:230 - REGIME BREAK HOLD: BTCUSDC regime=RANGE count=1/3
2026-02-12 13:15:14.347 | DEBUG    | aivc_trade.execution.position_manager:check_exit:230 - REGIME BREAK HOLD: BTCUSDC regime=RANGE count=2/3
2026-02-12 13:15:14.351 | INFO     | aivc_trade.execution.position_manager:check_exit:236 - EXIT REGIME_EXIT_RANGE: BTCUSDC count=3/3 unrealised_pnl=-307.39
2026-02-12 13:15:26.587 | INFO     | aivc_trade.strategy.signal:generate_signals:253 - Signal: BTCUSDC score=-0.0654 entry=26518.41 stop=26163.03
2026-02-12 13:15:26.589 | INFO     | aivc_trade.strategy.sizing:compute_qty:66 - Sizing: qty=0.34711000000000003, notional=9204.39, risk=1.27%, equity=9689.01
2026-02-12 13:15:26.614 | DEBUG    | aivc_trade.execution.position_manager:check_exit:230 - REGIME BREAK HOLD: BTCUSDC regime=RANGE count=1/3
2026-02-12 13:15:26.626 | DEBUG    | aivc_trade.execution.position_manager:check_exit:230 - REGIME BREAK HOLD: BTCUSDC regime=RANGE count=1/3
2026-02-12 13:15:26.694 | DEBUG    | aivc_trade.execution.position_manager:check_exit:230 - REGIME BREAK HOLD: BTCUSDC regime=RANGE count=1/3
2026-02-12 13:15:26.698 | DEBUG    | aivc_trade.execution.position_manager:check_exit:230 - REGIME BREAK HOLD: BTCUSDC regime=RANGE count=2/6
2026-02-12 13:15:26.702 | DEBUG    | aivc_trade.execution.position_manager:check_exit:230 - REGIME BREAK HOLD: BTCUSDC regime=RANGE count=3/6
2026-02-12 13:15:26.707 | DEBUG    | aivc_trade.execution.position_manager:check_exit:230 - REGIME BREAK HOLD: BTCUSDC regime=RANGE count=4/6
2026-02-12 13:15:26.711 | DEBUG    | aivc_trade.execution.position_manager:check_exit:230 - REGIME BREAK HOLD: BTCUSDC regime=RANGE count=5/6
2026-02-12 13:15:26.716 | INFO     | aivc_trade.execution.position_manager:check_exit:236 - EXIT REGIME_EXIT_RANGE: BTCUSDC count=6/6 unrealised_pnl=62.38
2026-02-12 13:15:30.935 | INFO     | aivc_trade.strategy.signal:generate_signals:253 - Signal: BTCUSDC score=-0.0149 entry=34495.81 stop=33746.14
2026-02-12 13:15:30.937 | INFO     | aivc_trade.strategy.sizing:compute_qty:66 - Sizing: qty=0.26664000000000004, notional=9197.40, risk=2.06%, equity=9681.53
2026-02-12 13:15:30.991 | DEBUG    | aivc_trade.execution.position_manager:check_exit:230 - REGIME BREAK HOLD: BTCUSDC regime=RANGE count=1/6
2026-02-12 13:15:30.995 | DEBUG    | aivc_trade.execution.position_manager:check_exit:230 - REGIME BREAK HOLD: BTCUSDC regime=RANGE count=2/6
2026-02-12 13:15:31.000 | DEBUG    | aivc_trade.execution.position_manager:check_exit:230 - REGIME BREAK HOLD: BTCUSDC regime=RANGE count=3/6
2026-02-12 13:15:31.005 | DEBUG    | aivc_trade.execution.position_manager:check_exit:230 - REGIME BREAK HOLD: BTCUSDC regime=RANGE count=4/6
2026-02-12 13:15:31.009 | DEBUG    | aivc_trade.execution.position_manager:check_exit:230 - REGIME BREAK HOLD: BTCUSDC regime=RANGE count=5/6
2026-02-12 13:15:31.014 | INFO     | aivc_trade.execution.position_manager:check_exit:236 - EXIT REGIME_EXIT_RANGE: BTCUSDC count=6/6 unrealised_pnl=130.94
2026-02-12 13:15:32.646 | INFO     | aivc_trade.strategy.signal:generate_signals:253 - Signal: BTCUSDC score=-0.1270 entry=37388.10 stop=36719.36
2026-02-12 13:15:32.648 | INFO     | aivc_trade.strategy.sizing:compute_qty:66 - Sizing: qty=0.24615, notional=9203.04, risk=1.70%, equity=9687.77
2026-02-12 13:15:32.698 | DEBUG    | aivc_trade.execution.position_manager:check_exit:230 - REGIME BREAK HOLD: BTCUSDC regime=RANGE count=1/3
2026-02-12 13:15:32.703 | DEBUG    | aivc_trade.execution.position_manager:check_exit:230 - REGIME BREAK HOLD: BTCUSDC regime=RANGE count=2/3
2026-02-12 13:15:32.707 | INFO     | aivc_trade.execution.position_manager:check_exit:236 - EXIT REGIME_EXIT_RANGE: BTCUSDC count=3/3 unrealised_pnl=-279.03
2026-02-12 13:15:35.763 | INFO     | aivc_trade.strategy.signal:generate_signals:253 - Signal: ETHUSDC score=0.0672 entry=2030.49 stop=1993.04
2026-02-12 13:15:35.765 | INFO     | aivc_trade.strategy.sizing:compute_qty:66 - Sizing: qty=4.4846, notional=9112.57, risk=1.82%, equity=9592.30
2026-02-12 13:15:35.791 | DEBUG    | aivc_trade.execution.position_manager:update_stop:98 - Trail updated: ETHUSDC trail=2027.09 (close=2077.12)
2026-02-12 13:15:35.791 | INFO     | aivc_trade.execution.position_manager:check_partial_tp:48 - PARTIAL TP TRIGGER: ETHUSDC unrealized=2.22% threshold=2.0% close=2077.12
2026-02-12 13:15:35.798 | DEBUG    | aivc_trade.execution.position_manager:update_stop:111 - Runner trail updated: ETHUSDC trail=2040.12 peak=2077.12 atr=18.50
2026-02-12 13:15:35.802 | DEBUG    | aivc_trade.execution.position_manager:update_stop:111 - Runner trail updated: ETHUSDC trail=2043.93 peak=2081.70 atr=18.89
2026-02-12 13:15:35.811 | DEBUG    | aivc_trade.execution.position_manager:update_stop:111 - Runner trail updated: ETHUSDC trail=2045.31 peak=2081.70 atr=18.20
2026-02-12 13:15:35.816 | DEBUG    | aivc_trade.execution.position_manager:update_stop:111 - Runner trail updated: ETHUSDC trail=2046.75 peak=2081.70 atr=17.47
2026-02-12 13:15:35.825 | DEBUG    | aivc_trade.execution.position_manager:update_stop:111 - Runner trail updated: ETHUSDC trail=2048.30 peak=2081.70 atr=16.70
2026-02-12 13:15:35.829 | DEBUG    | aivc_trade.execution.position_manager:update_stop:111 - Runner trail updated: ETHUSDC trail=2050.20 peak=2081.70 atr=15.75
2026-02-12 13:15:35.834 | DEBUG    | aivc_trade.execution.position_manager:update_stop:111 - Runner trail updated: ETHUSDC trail=2052.03 peak=2081.70 atr=14.84
2026-02-12 13:15:35.839 | DEBUG    | aivc_trade.execution.position_manager:update_stop:111 - Runner trail updated: ETHUSDC trail=2053.99 peak=2081.70 atr=13.85
2026-02-12 13:15:35.839 | DEBUG    | aivc_trade.execution.position_manager:check_exit:197 - RUNNER RANGE HOLD (buffer): ETHUSDC bars=1/6 unrealized=1.59%
2026-02-12 13:15:35.844 | DEBUG    | aivc_trade.execution.position_manager:update_stop:111 - Runner trail updated: ETHUSDC trail=2056.13 peak=2081.70 atr=12.79
2026-02-12 13:15:35.844 | DEBUG    | aivc_trade.execution.position_manager:check_exit:197 - RUNNER RANGE HOLD (buffer): ETHUSDC bars=2/6 unrealized=1.48%
2026-02-12 13:15:35.849 | DEBUG    | aivc_trade.execution.position_manager:update_stop:111 - Runner trail updated: ETHUSDC trail=2057.60 peak=2081.70 atr=12.05
2026-02-12 13:15:35.849 | DEBUG    | aivc_trade.execution.position_manager:check_exit:197 - RUNNER RANGE HOLD (buffer): ETHUSDC bars=3/6 unrealized=1.68%
2026-02-12 13:15:35.854 | DEBUG    | aivc_trade.execution.position_manager:check_exit:197 - RUNNER RANGE HOLD (buffer): ETHUSDC bars=4/6 unrealized=2.45%
2026-02-12 13:15:35.859 | DEBUG    | aivc_trade.execution.position_manager:update_stop:111 - Runner trail updated: ETHUSDC trail=2062.28 peak=2088.10 atr=12.91
2026-02-12 13:15:35.859 | DEBUG    | aivc_trade.execution.position_manager:check_exit:197 - RUNNER RANGE HOLD (buffer): ETHUSDC bars=5/6 unrealized=2.76%
2026-02-12 13:15:35.864 | INFO     | aivc_trade.execution.position_manager:check_exit:203 - EXIT REGIME_EXIT_RANGE_RUNNER_TIMEOUT: ETHUSDC bars=6 unrealized=1.97%
2026-02-12 13:15:35.876 | DEBUG    | aivc_trade.strategy.signal:generate_signals:212 - ETHUSDC in cooldown until 2023-11-23 18:00:00+00:00
2026-02-12 13:15:35.881 | DEBUG    | aivc_trade.strategy.signal:generate_signals:212 - ETHUSDC in cooldown until 2023-11-23 18:00:00+00:00
2026-02-12 13:15:35.886 | DEBUG    | aivc_trade.strategy.signal:generate_signals:212 - ETHUSDC in cooldown until 2023-11-23 18:00:00+00:00
2026-02-12 13:15:44.965 | INFO     | aivc_trade.strategy.signal:generate_signals:253 - Signal: BTCUSDC score=0.0667 entry=52650.20 stop=51757.36
2026-02-12 13:15:44.967 | INFO     | aivc_trade.strategy.sizing:compute_qty:66 - Sizing: qty=0.17605, notional=9267.98, risk=1.60%, equity=9756.30
2026-02-12 13:15:44.991 | DEBUG    | aivc_trade.execution.position_manager:check_exit:230 - REGIME BREAK HOLD: BTCUSDC regime=RANGE count=1/3
2026-02-12 13:15:44.996 | INFO     | aivc_trade.execution.position_manager:check_exit:158 - EXIT STOP_LOSS: BTCUSDC close=51738.08 stop=51757.36
2026-02-12 13:15:56.146 | INFO     | aivc_trade.strategy.signal:generate_signals:253 - Signal: ETHUSDC score=0.0408 entry=3811.80 stop=3729.05
2026-02-12 13:15:56.148 | INFO     | aivc_trade.strategy.sizing:compute_qty:66 - Sizing: qty=2.3845, notional=9089.50, risk=2.06%, equity=9568.23
2026-02-12 13:15:56.168 | DEBUG    | aivc_trade.execution.position_manager:update_stop:98 - Trail updated: ETHUSDC trail=3801.46 (close=3916.85)
2026-02-12 13:15:56.170 | INFO     | aivc_trade.execution.position_manager:check_partial_tp:48 - PARTIAL TP TRIGGER: ETHUSDC unrealized=2.75% threshold=2.0% close=3916.85
2026-02-12 13:15:56.177 | DEBUG    | aivc_trade.execution.position_manager:update_stop:111 - Runner trail updated: ETHUSDC trail=3792.61 peak=3916.85 atr=62.12
2026-02-12 13:15:56.182 | INFO     | aivc_trade.execution.position_manager:check_exit:137 - EXIT TRAILING_STOP_RUNNER: ETHUSDC close=3781.60 trail=3792.61
2026-02-12 13:16:14.556 | INFO     | aivc_trade.strategy.signal:generate_signals:253 - Signal: BTCUSDC score=-0.0306 entry=62377.89 stop=61366.71
2026-02-12 13:16:14.558 | INFO     | aivc_trade.strategy.sizing:compute_qty:66 - Sizing: qty=0.14659000000000003, notional=9143.86, risk=1.54%, equity=9625.49
2026-02-12 13:16:14.590 | DEBUG    | aivc_trade.execution.position_manager:check_exit:230 - REGIME BREAK HOLD: BTCUSDC regime=RANGE count=1/3
2026-02-12 13:16:14.595 | DEBUG    | aivc_trade.execution.position_manager:check_exit:230 - REGIME BREAK HOLD: BTCUSDC regime=RANGE count=2/3
2026-02-12 13:16:14.601 | INFO     | aivc_trade.execution.position_manager:check_exit:236 - EXIT REGIME_EXIT_RANGE: BTCUSDC count=3/3 unrealised_pnl=-509.11
2026-02-12 13:16:17.277 | INFO     | aivc_trade.strategy.signal:generate_signals:253 - Signal: BTCUSDC score=-0.0628 entry=68284.73 stop=67369.97
2026-02-12 13:16:17.279 | INFO     | aivc_trade.strategy.sizing:compute_qty:66 - Sizing: qty=0.13249000000000002, notional=9047.04, risk=1.27%, equity=9523.54
2026-02-12 13:16:17.336 | DEBUG    | aivc_trade.execution.position_manager:check_exit:230 - REGIME BREAK HOLD: BTCUSDC regime=RANGE count=1/3
2026-02-12 13:16:17.342 | DEBUG    | aivc_trade.execution.position_manager:check_exit:230 - REGIME BREAK HOLD: BTCUSDC regime=RANGE count=2/3
2026-02-12 13:16:17.348 | INFO     | aivc_trade.execution.position_manager:check_exit:236 - EXIT REGIME_EXIT_RANGE: BTCUSDC count=3/3 unrealised_pnl=-773.17
2026-02-12 13:16:19.267 | INFO     | aivc_trade.strategy.signal:generate_signals:253 - Signal: BTCUSDC score=0.1596 entry=76896.02 stop=75620.86
2026-02-12 13:16:19.269 | INFO     | aivc_trade.strategy.sizing:compute_qty:66 - Sizing: qty=0.11608, notional=8924.24, risk=1.56%, equity=9394.28
2026-02-12 13:16:19.297 | DEBUG    | aivc_trade.execution.position_manager:check_exit:230 - REGIME BREAK HOLD: BTCUSDC regime=RANGE count=1/3
2026-02-12 13:16:19.303 | DEBUG    | aivc_trade.execution.position_manager:check_exit:230 - REGIME BREAK HOLD: BTCUSDC regime=RANGE count=2/3
2026-02-12 13:16:19.309 | INFO     | aivc_trade.execution.position_manager:check_exit:236 - EXIT REGIME_EXIT_RANGE: BTCUSDC count=3/3 unrealised_pnl=-513.28
2026-02-12 13:16:26.537 | INFO     | aivc_trade.strategy.signal:generate_signals:253 - Signal: BTCUSDC score=0.1378 entry=95516.21 stop=94185.88
2026-02-12 13:16:26.539 | INFO     | aivc_trade.strategy.sizing:compute_qty:66 - Sizing: qty=0.09255000000000001, notional=8841.72, risk=1.34%, equity=9308.02
2026-02-12 13:16:26.562 | DEBUG    | aivc_trade.execution.position_manager:check_exit:230 - REGIME BREAK HOLD: BTCUSDC regime=RANGE count=1/6
2026-02-12 13:16:26.568 | DEBUG    | aivc_trade.execution.position_manager:check_exit:230 - REGIME BREAK HOLD: BTCUSDC regime=RANGE count=2/6
2026-02-12 13:16:26.580 | DEBUG    | aivc_trade.execution.position_manager:check_exit:230 - REGIME BREAK HOLD: BTCUSDC regime=RANGE count=1/6
2026-02-12 13:16:26.586 | DEBUG    | aivc_trade.execution.position_manager:check_exit:230 - REGIME BREAK HOLD: BTCUSDC regime=RANGE count=2/6
2026-02-12 13:16:26.592 | DEBUG    | aivc_trade.execution.position_manager:check_exit:230 - REGIME BREAK HOLD: BTCUSDC regime=RANGE count=3/6
2026-02-12 13:16:26.598 | DEBUG    | aivc_trade.execution.position_manager:check_exit:230 - REGIME BREAK HOLD: BTCUSDC regime=RANGE count=4/6
2026-02-12 13:16:26.677 | DEBUG    | aivc_trade.execution.position_manager:check_exit:230 - REGIME BREAK HOLD: BTCUSDC regime=RANGE count=1/6
2026-02-12 13:16:26.684 | DEBUG    | aivc_trade.execution.position_manager:check_exit:230 - REGIME BREAK HOLD: BTCUSDC regime=RANGE count=2/6
2026-02-12 13:16:26.689 | DEBUG    | aivc_trade.execution.position_manager:check_exit:230 - REGIME BREAK HOLD: BTCUSDC regime=RANGE count=3/6
2026-02-12 13:16:26.695 | DEBUG    | aivc_trade.execution.position_manager:check_exit:230 - REGIME BREAK HOLD: BTCUSDC regime=RANGE count=4/6
2026-02-12 13:16:26.701 | DEBUG    | aivc_trade.execution.position_manager:check_exit:230 - REGIME BREAK HOLD: BTCUSDC regime=RANGE count=5/6
2026-02-12 13:16:26.707 | INFO     | aivc_trade.execution.position_manager:check_exit:236 - EXIT REGIME_EXIT_RANGE: BTCUSDC count=6/6 unrealised_pnl=519.57
2026-02-12 13:16:46.321 | INFO     | aivc_trade.strategy.signal:generate_signals:253 - Signal: BTCUSDC score=-0.3367 entry=97823.25 stop=96466.11
2026-02-12 13:16:46.323 | INFO     | aivc_trade.strategy.sizing:compute_qty:66 - Sizing: qty=0.09060000000000001, notional=8862.79, risk=1.32%, equity=9329.51
2026-02-12 13:16:46.378 | DEBUG    | aivc_trade.execution.position_manager:update_stop:98 - Trail updated: BTCUSDC trail=98535.53 (close=99800.01)
2026-02-12 13:16:46.378 | INFO     | aivc_trade.execution.position_manager:check_partial_tp:48 - PARTIAL TP TRIGGER: BTCUSDC unrealized=2.02% threshold=2.0% close=99800.01
2026-02-12 13:16:46.387 | DEBUG    | aivc_trade.execution.position_manager:update_stop:111 - Runner trail updated: BTCUSDC trail=98866.28 peak=99800.01 atr=466.87
2026-02-12 13:16:46.393 | DEBUG    | aivc_trade.execution.position_manager:update_stop:111 - Runner trail updated: BTCUSDC trail=98890.25 peak=99800.01 atr=454.88
2026-02-12 13:16:46.402 | DEBUG    | aivc_trade.execution.position_manager:update_stop:111 - Runner trail updated: BTCUSDC trail=98928.00 peak=99800.01 atr=436.00
2026-02-12 13:16:46.425 | DEBUG    | aivc_trade.execution.position_manager:update_stop:111 - Runner trail updated: BTCUSDC trail=99362.02 peak=100773.98 atr=705.98
2026-02-12 13:16:46.432 | DEBUG    | aivc_trade.execution.position_manager:update_stop:111 - Runner trail updated: BTCUSDC trail=99871.97 peak=101299.99 atr=714.01
2026-02-12 13:16:46.439 | INFO     | aivc_trade.execution.position_manager:check_exit:178 - EXIT REGIME_EXIT_CHAOS: BTCUSDC count=1
2026-02-12 13:16:48.348 | INFO     | aivc_trade.strategy.signal:generate_signals:253 - Signal: BTCUSDC score=-0.1105 entry=107816.00 stop=106191.54
2026-02-12 13:16:48.349 | INFO     | aivc_trade.strategy.sizing:compute_qty:66 - Sizing: qty=0.08403000000000001, notional=9059.78, risk=1.43%, equity=9537.55
2026-02-12 13:16:48.369 | DEBUG    | aivc_trade.execution.position_manager:check_exit:230 - REGIME BREAK HOLD: BTCUSDC regime=RANGE count=1/3
2026-02-12 13:16:48.375 | DEBUG    | aivc_trade.execution.position_manager:check_exit:230 - REGIME BREAK HOLD: BTCUSDC regime=RANGE count=2/3
2026-02-12 13:16:48.382 | INFO     | aivc_trade.execution.position_manager:check_exit:236 - EXIT REGIME_EXIT_RANGE: BTCUSDC count=3/3 unrealised_pnl=-1221.98
2026-02-12 13:16:51.184 | INFO     | aivc_trade.strategy.signal:generate_signals:253 - Signal: ETHUSDC score=0.0259 entry=2559.80 stop=2510.07
2026-02-12 13:16:51.185 | INFO     | aivc_trade.strategy.sizing:compute_qty:66 - Sizing: qty=3.4913000000000003, notional=8937.34, risk=1.85%, equity=9407.84
2026-02-12 13:16:51.222 | DEBUG    | aivc_trade.execution.position_manager:update_stop:98 - Trail updated: ETHUSDC trail=2579.97 (close=2644.85)
2026-02-12 13:16:51.222 | INFO     | aivc_trade.execution.position_manager:check_partial_tp:48 - PARTIAL TP TRIGGER: ETHUSDC unrealized=3.32% threshold=2.0% close=2644.85
2026-02-12 13:16:51.229 | DEBUG    | aivc_trade.execution.position_manager:update_stop:111 - Runner trail updated: ETHUSDC trail=2614.95 peak=2667.46 atr=26.25
2026-02-12 13:16:51.236 | DEBUG    | aivc_trade.execution.position_manager:update_stop:111 - Runner trail updated: ETHUSDC trail=2626.12 peak=2681.38 atr=27.63
2026-02-12 13:16:51.243 | DEBUG    | aivc_trade.execution.position_manager:update_stop:111 - Runner trail updated: ETHUSDC trail=2638.97 peak=2700.17 atr=30.60
2026-02-12 13:16:51.250 | DEBUG    | aivc_trade.execution.position_manager:update_stop:111 - Runner trail updated: ETHUSDC trail=2651.56 peak=2709.51 atr=28.97
2026-02-12 13:16:51.263 | DEBUG    | aivc_trade.execution.position_manager:update_stop:111 - Runner trail updated: ETHUSDC trail=2653.47 peak=2709.51 atr=28.02
2026-02-12 13:16:51.269 | DEBUG    | aivc_trade.execution.position_manager:update_stop:111 - Runner trail updated: ETHUSDC trail=2659.13 peak=2709.51 atr=25.19
2026-02-12 13:16:51.299 | DEBUG    | aivc_trade.execution.position_manager:update_stop:111 - Runner trail updated: ETHUSDC trail=2661.62 peak=2709.51 atr=23.95
2026-02-12 13:16:51.305 | DEBUG    | aivc_trade.execution.position_manager:update_stop:111 - Runner trail updated: ETHUSDC trail=2662.40 peak=2709.51 atr=23.56
2026-02-12 13:16:51.312 | DEBUG    | aivc_trade.execution.position_manager:update_stop:111 - Runner trail updated: ETHUSDC trail=2664.26 peak=2709.51 atr=22.62
2026-02-12 13:16:51.319 | DEBUG    | aivc_trade.execution.position_manager:update_stop:111 - Runner trail updated: ETHUSDC trail=2706.10 peak=2774.74 atr=34.32
2026-02-12 13:16:51.325 | DEBUG    | aivc_trade.execution.position_manager:update_stop:111 - Runner trail updated: ETHUSDC trail=2706.55 peak=2774.74 atr=34.09
2026-02-12 13:16:51.344 | INFO     | aivc_trade.execution.position_manager:check_exit:178 - EXIT REGIME_EXIT_CHAOS: ETHUSDC count=1
2026-02-12 13:17:25.867 | INFO     | aivc_trade.backtest.simulator:run:302 - Backtest done: 19 trades, final equity=9832.94
2026-02-12 13:18:07.776 | DEBUG    | aivc_trade.data.candles_store:load:37 - Loaded 24594 rows ← data/candles/BTCUSDC/1h.parquet
2026-02-12 13:18:07.845 | DEBUG    | aivc_trade.data.candles_store:load:37 - Loaded 295107 rows ← data/candles/BTCUSDC/5m.parquet
2026-02-12 13:18:07.871 | DEBUG    | aivc_trade.data.candles_store:load:37 - Loaded 24594 rows ← data/candles/ETHUSDC/1h.parquet
2026-02-12 13:18:07.929 | DEBUG    | aivc_trade.data.candles_store:load:37 - Loaded 295107 rows ← data/candles/ETHUSDC/5m.parquet
2026-02-12 13:18:22.450 | INFO     | __main__:main:206 - Backtest reports saved → data/backtest_results
2026-02-12 13:18:25.016 | INFO     | __main__:main:213 - Data/safety checks saved → data/backtest_results/data_quality_checks.csv , data/backtest_results/safety_checks.csv
2026-02-12 13:20:54.407 | INFO     | __main__:main:166 - ==================================================
2026-02-12 13:20:54.410 | INFO     | __main__:main:167 - AIVC Trade – Phase A Backtest
2026-02-12 13:20:54.410 | INFO     | __main__:main:168 - Period: 2023-03-13 → 2025-12-31
2026-02-12 13:20:54.410 | INFO     | __main__:main:169 - Initial equity: 100000.0
2026-02-12 13:20:54.410 | INFO     | __main__:main:170 - ==================================================
2026-02-12 13:20:54.462 | DEBUG    | aivc_trade.data.candles_store:load:37 - Loaded 24594 rows ← data/candles/BTCUSDC/1h.parquet
2026-02-12 13:20:54.469 | INFO     | __main__:_ensure_data:55 - Using cached 1h data for BTCUSDC (24594 rows)
2026-02-12 13:20:54.536 | DEBUG    | aivc_trade.data.candles_store:load:37 - Loaded 295107 rows ← data/candles/BTCUSDC/5m.parquet
2026-02-12 13:20:54.543 | INFO     | __main__:_ensure_data:78 - Using cached 5m data for BTCUSDC (295107 rows)
2026-02-12 13:20:54.576 | DEBUG    | aivc_trade.data.candles_store:load:37 - Loaded 24594 rows ← data/candles/ETHUSDC/1h.parquet
2026-02-12 13:20:54.585 | INFO     | __main__:_ensure_data:55 - Using cached 1h data for ETHUSDC (24594 rows)
2026-02-12 13:20:54.643 | DEBUG    | aivc_trade.data.candles_store:load:37 - Loaded 295107 rows ← data/candles/ETHUSDC/5m.parquet
2026-02-12 13:20:54.648 | INFO     | __main__:_ensure_data:78 - Using cached 5m data for ETHUSDC (295107 rows)
2026-02-12 13:20:57.122 | INFO     | aivc_trade.strategy.signal:generate_signals:253 - Signal: BTCUSDC score=-0.0619 entry=30772.51 stop=30358.27
2026-02-12 13:20:57.124 | INFO     | aivc_trade.strategy.sizing:compute_qty:66 - Sizing: qty=3.0871700000000004, notional=94999.97, risk=1.28%, equity=100000.00
2026-02-12 13:20:57.176 | INFO     | aivc_trade.execution.position_manager:check_exit:158 - EXIT STOP_LOSS: BTCUSDC close=30266.69 stop=30358.27
2026-02-12 13:20:58.984 | INFO     | aivc_trade.strategy.signal:generate_signals:253 - Signal: BTCUSDC score=0.0189 entry=29704.54 stop=29236.67
2026-02-12 13:20:58.986 | INFO     | aivc_trade.strategy.sizing:compute_qty:66 - Sizing: qty=3.1389400000000003, notional=93230.13, risk=1.49%, equity=98137.05
2026-02-12 13:20:59.005 | DEBUG    | aivc_trade.execution.position_manager:check_exit:230 - REGIME BREAK HOLD: BTCUSDC regime=RANGE count=1/3
2026-02-12 13:20:59.009 | DEBUG    | aivc_trade.execution.position_manager:check_exit:230 - REGIME BREAK HOLD: BTCUSDC regime=RANGE count=2/3
2026-02-12 13:20:59.013 | INFO     | aivc_trade.execution.position_manager:check_exit:236 - EXIT REGIME_EXIT_RANGE: BTCUSDC count=3/3 unrealised_pnl=-307.39
2026-02-12 13:21:10.792 | INFO     | aivc_trade.strategy.signal:generate_signals:253 - Signal: BTCUSDC score=-0.0654 entry=26518.41 stop=26163.03
2026-02-12 13:21:10.795 | INFO     | aivc_trade.strategy.sizing:compute_qty:66 - Sizing: qty=3.4711600000000002, notional=92045.51, risk=1.27%, equity=96890.07
2026-02-12 13:21:10.819 | DEBUG    | aivc_trade.execution.position_manager:check_exit:230 - REGIME BREAK HOLD: BTCUSDC regime=RANGE count=1/3
2026-02-12 13:21:10.831 | DEBUG    | aivc_trade.execution.position_manager:check_exit:230 - REGIME BREAK HOLD: BTCUSDC regime=RANGE count=1/3
2026-02-12 13:21:10.894 | DEBUG    | aivc_trade.execution.position_manager:check_exit:230 - REGIME BREAK HOLD: BTCUSDC regime=RANGE count=1/3
2026-02-12 13:21:10.898 | DEBUG    | aivc_trade.execution.position_manager:check_exit:230 - REGIME BREAK HOLD: BTCUSDC regime=RANGE count=2/6
2026-02-12 13:21:10.904 | DEBUG    | aivc_trade.execution.position_manager:check_exit:230 - REGIME BREAK HOLD: BTCUSDC regime=RANGE count=3/6
2026-02-12 13:21:10.908 | DEBUG    | aivc_trade.execution.position_manager:check_exit:230 - REGIME BREAK HOLD: BTCUSDC regime=RANGE count=4/6
2026-02-12 13:21:10.912 | DEBUG    | aivc_trade.execution.position_manager:check_exit:230 - REGIME BREAK HOLD: BTCUSDC regime=RANGE count=5/6
2026-02-12 13:21:10.917 | INFO     | aivc_trade.execution.position_manager:check_exit:236 - EXIT REGIME_EXIT_RANGE: BTCUSDC count=6/6 unrealised_pnl=62.38
2026-02-12 13:21:14.923 | INFO     | aivc_trade.strategy.signal:generate_signals:253 - Signal: BTCUSDC score=-0.0149 entry=34495.81 stop=33746.14
2026-02-12 13:21:14.925 | INFO     | aivc_trade.strategy.sizing:compute_qty:66 - Sizing: qty=2.6664100000000004, notional=91974.32, risk=2.06%, equity=96815.20
2026-02-12 13:21:14.973 | DEBUG    | aivc_trade.execution.position_manager:check_exit:230 - REGIME BREAK HOLD: BTCUSDC regime=RANGE count=1/6
2026-02-12 13:21:14.977 | DEBUG    | aivc_trade.execution.position_manager:check_exit:230 - REGIME BREAK HOLD: BTCUSDC regime=RANGE count=2/6
2026-02-12 13:21:14.982 | DEBUG    | aivc_trade.execution.position_manager:check_exit:230 - REGIME BREAK HOLD: BTCUSDC regime=RANGE count=3/6
2026-02-12 13:21:14.987 | DEBUG    | aivc_trade.execution.position_manager:check_exit:230 - REGIME BREAK HOLD: BTCUSDC regime=RANGE count=4/6
2026-02-12 13:21:14.992 | DEBUG    | aivc_trade.execution.position_manager:check_exit:230 - REGIME BREAK HOLD: BTCUSDC regime=RANGE count=5/6
2026-02-12 13:21:14.996 | INFO     | aivc_trade.execution.position_manager:check_exit:236 - EXIT REGIME_EXIT_RANGE: BTCUSDC count=6/6 unrealised_pnl=130.94
2026-02-12 13:21:16.556 | INFO     | aivc_trade.strategy.signal:generate_signals:253 - Signal: BTCUSDC score=-0.1270 entry=37388.10 stop=36719.36
2026-02-12 13:21:16.558 | INFO     | aivc_trade.strategy.sizing:compute_qty:66 - Sizing: qty=2.46158, notional=92033.43, risk=1.70%, equity=96877.67
2026-02-12 13:21:16.606 | DEBUG    | aivc_trade.execution.position_manager:check_exit:230 - REGIME BREAK HOLD: BTCUSDC regime=RANGE count=1/3
2026-02-12 13:21:16.611 | DEBUG    | aivc_trade.execution.position_manager:check_exit:230 - REGIME BREAK HOLD: BTCUSDC regime=RANGE count=2/3
2026-02-12 13:21:16.616 | INFO     | aivc_trade.execution.position_manager:check_exit:236 - EXIT REGIME_EXIT_RANGE: BTCUSDC count=3/3 unrealised_pnl=-279.03
2026-02-12 13:21:17.836 | INFO     | aivc_trade.strategy.signal:generate_signals:253 - Signal: ETHUSDC score=0.0672 entry=2030.49 stop=1993.04
2026-02-12 13:21:17.838 | INFO     | aivc_trade.strategy.sizing:compute_qty:66 - Sizing: qty=44.8465, notional=91126.74, risk=1.82%, equity=95922.90
2026-02-12 13:21:17.862 | DEBUG    | aivc_trade.execution.position_manager:update_stop:98 - Trail updated: ETHUSDC trail=2027.09 (close=2077.12)
2026-02-12 13:21:17.863 | INFO     | aivc_trade.execution.position_manager:check_partial_tp:48 - PARTIAL TP TRIGGER: ETHUSDC unrealized=2.22% threshold=2.0% close=2077.12
2026-02-12 13:21:17.869 | DEBUG    | aivc_trade.execution.position_manager:update_stop:111 - Runner trail updated: ETHUSDC trail=2040.12 peak=2077.12 atr=18.50
2026-02-12 13:21:17.874 | DEBUG    | aivc_trade.execution.position_manager:update_stop:111 - Runner trail updated: ETHUSDC trail=2043.93 peak=2081.70 atr=18.89
2026-02-12 13:21:17.882 | DEBUG    | aivc_trade.execution.position_manager:update_stop:111 - Runner trail updated: ETHUSDC trail=2045.31 peak=2081.70 atr=18.20
2026-02-12 13:21:17.887 | DEBUG    | aivc_trade.execution.position_manager:update_stop:111 - Runner trail updated: ETHUSDC trail=2046.75 peak=2081.70 atr=17.47
2026-02-12 13:21:17.896 | DEBUG    | aivc_trade.execution.position_manager:update_stop:111 - Runner trail updated: ETHUSDC trail=2048.30 peak=2081.70 atr=16.70
2026-02-12 13:21:17.901 | DEBUG    | aivc_trade.execution.position_manager:update_stop:111 - Runner trail updated: ETHUSDC trail=2050.20 peak=2081.70 atr=15.75
2026-02-12 13:21:17.906 | DEBUG    | aivc_trade.execution.position_manager:update_stop:111 - Runner trail updated: ETHUSDC trail=2052.03 peak=2081.70 atr=14.84
2026-02-12 13:21:17.911 | DEBUG    | aivc_trade.execution.position_manager:update_stop:111 - Runner trail updated: ETHUSDC trail=2053.99 peak=2081.70 atr=13.85
2026-02-12 13:21:17.911 | DEBUG    | aivc_trade.execution.position_manager:check_exit:197 - RUNNER RANGE HOLD (buffer): ETHUSDC bars=1/6 unrealized=1.59%
2026-02-12 13:21:17.916 | DEBUG    | aivc_trade.execution.position_manager:update_stop:111 - Runner trail updated: ETHUSDC trail=2056.13 peak=2081.70 atr=12.79
2026-02-12 13:21:17.917 | DEBUG    | aivc_trade.execution.position_manager:check_exit:197 - RUNNER RANGE HOLD (buffer): ETHUSDC bars=2/6 unrealized=1.48%
2026-02-12 13:21:17.921 | DEBUG    | aivc_trade.execution.position_manager:update_stop:111 - Runner trail updated: ETHUSDC trail=2057.60 peak=2081.70 atr=12.05
2026-02-12 13:21:17.921 | DEBUG    | aivc_trade.execution.position_manager:check_exit:197 - RUNNER RANGE HOLD (buffer): ETHUSDC bars=3/6 unrealized=1.68%
2026-02-12 13:21:17.926 | DEBUG    | aivc_trade.execution.position_manager:check_exit:197 - RUNNER RANGE HOLD (buffer): ETHUSDC bars=4/6 unrealized=2.45%
2026-02-12 13:21:17.931 | DEBUG    | aivc_trade.execution.position_manager:update_stop:111 - Runner trail updated: ETHUSDC trail=2062.28 peak=2088.10 atr=12.91
2026-02-12 13:21:17.931 | DEBUG    | aivc_trade.execution.position_manager:check_exit:197 - RUNNER RANGE HOLD (buffer): ETHUSDC bars=5/6 unrealized=2.76%
2026-02-12 13:21:17.936 | INFO     | aivc_trade.execution.position_manager:check_exit:203 - EXIT REGIME_EXIT_RANGE_RUNNER_TIMEOUT: ETHUSDC bars=6 unrealized=1.97%
2026-02-12 13:21:17.948 | DEBUG    | aivc_trade.strategy.signal:generate_signals:212 - ETHUSDC in cooldown until 2023-11-23 18:00:00+00:00
2026-02-12 13:21:17.953 | DEBUG    | aivc_trade.strategy.signal:generate_signals:212 - ETHUSDC in cooldown until 2023-11-23 18:00:00+00:00
2026-02-12 13:21:17.958 | DEBUG    | aivc_trade.strategy.signal:generate_signals:212 - ETHUSDC in cooldown until 2023-11-23 18:00:00+00:00
2026-02-12 13:21:28.867 | INFO     | aivc_trade.strategy.signal:generate_signals:253 - Signal: BTCUSDC score=0.0667 entry=52650.20 stop=51757.36
2026-02-12 13:21:28.869 | INFO     | aivc_trade.strategy.sizing:compute_qty:66 - Sizing: qty=1.76059, notional=92684.52, risk=1.60%, equity=97562.94
2026-02-12 13:21:28.891 | DEBUG    | aivc_trade.execution.position_manager:check_exit:230 - REGIME BREAK HOLD: BTCUSDC regime=RANGE count=1/3
2026-02-12 13:21:28.896 | INFO     | aivc_trade.execution.position_manager:check_exit:158 - EXIT STOP_LOSS: BTCUSDC close=51738.08 stop=51757.36
2026-02-12 13:21:39.909 | INFO     | aivc_trade.strategy.signal:generate_signals:253 - Signal: ETHUSDC score=0.0408 entry=3811.80 stop=3729.05
2026-02-12 13:21:39.911 | INFO     | aivc_trade.strategy.sizing:compute_qty:66 - Sizing: qty=23.8457, notional=90897.66, risk=2.06%, equity=95682.09
2026-02-12 13:21:39.934 | DEBUG    | aivc_trade.execution.position_manager:update_stop:98 - Trail updated: ETHUSDC trail=3801.46 (close=3916.85)
2026-02-12 13:21:39.934 | INFO     | aivc_trade.execution.position_manager:check_partial_tp:48 - PARTIAL TP TRIGGER: ETHUSDC unrealized=2.75% threshold=2.0% close=3916.85
2026-02-12 13:21:39.940 | DEBUG    | aivc_trade.execution.position_manager:update_stop:111 - Runner trail updated: ETHUSDC trail=3792.61 peak=3916.85 atr=62.12
2026-02-12 13:21:39.946 | INFO     | aivc_trade.execution.position_manager:check_exit:137 - EXIT TRAILING_STOP_RUNNER: ETHUSDC close=3781.60 trail=3792.61
2026-02-12 13:21:58.079 | INFO     | aivc_trade.strategy.signal:generate_signals:253 - Signal: BTCUSDC score=-0.0306 entry=62377.89 stop=61366.71
2026-02-12 13:21:58.081 | INFO     | aivc_trade.strategy.sizing:compute_qty:66 - Sizing: qty=1.46595, notional=91441.71, risk=1.54%, equity=96254.77
2026-02-12 13:21:58.114 | DEBUG    | aivc_trade.execution.position_manager:check_exit:230 - REGIME BREAK HOLD: BTCUSDC regime=RANGE count=1/3
2026-02-12 13:21:58.120 | DEBUG    | aivc_trade.execution.position_manager:check_exit:230 - REGIME BREAK HOLD: BTCUSDC regime=RANGE count=2/3
2026-02-12 13:21:58.126 | INFO     | aivc_trade.execution.position_manager:check_exit:236 - EXIT REGIME_EXIT_RANGE: BTCUSDC count=3/3 unrealised_pnl=-509.11
2026-02-12 13:22:00.680 | INFO     | aivc_trade.strategy.signal:generate_signals:253 - Signal: BTCUSDC score=-0.0628 entry=68284.73 stop=67369.97
2026-02-12 13:22:00.681 | INFO     | aivc_trade.strategy.sizing:compute_qty:66 - Sizing: qty=1.32494, notional=90473.17, risk=1.27%, equity=95235.23
2026-02-12 13:22:00.735 | DEBUG    | aivc_trade.execution.position_manager:check_exit:230 - REGIME BREAK HOLD: BTCUSDC regime=RANGE count=1/3
2026-02-12 13:22:00.740 | DEBUG    | aivc_trade.execution.position_manager:check_exit:230 - REGIME BREAK HOLD: BTCUSDC regime=RANGE count=2/3
2026-02-12 13:22:00.746 | INFO     | aivc_trade.execution.position_manager:check_exit:236 - EXIT REGIME_EXIT_RANGE: BTCUSDC count=3/3 unrealised_pnl=-773.17
2026-02-12 13:22:02.638 | INFO     | aivc_trade.strategy.signal:generate_signals:253 - Signal: BTCUSDC score=0.1596 entry=76896.02 stop=75620.86
2026-02-12 13:22:02.640 | INFO     | aivc_trade.strategy.sizing:compute_qty:66 - Sizing: qty=1.16084, notional=89245.45, risk=1.56%, equity=93942.59
2026-02-12 13:22:02.668 | DEBUG    | aivc_trade.execution.position_manager:check_exit:230 - REGIME BREAK HOLD: BTCUSDC regime=RANGE count=1/3
2026-02-12 13:22:02.674 | DEBUG    | aivc_trade.execution.position_manager:check_exit:230 - REGIME BREAK HOLD: BTCUSDC regime=RANGE count=2/3
2026-02-12 13:22:02.680 | INFO     | aivc_trade.execution.position_manager:check_exit:236 - EXIT REGIME_EXIT_RANGE: BTCUSDC count=3/3 unrealised_pnl=-513.28
2026-02-12 13:22:09.926 | INFO     | aivc_trade.strategy.signal:generate_signals:253 - Signal: BTCUSDC score=0.1378 entry=95516.21 stop=94185.88
2026-02-12 13:22:09.928 | INFO     | aivc_trade.strategy.sizing:compute_qty:66 - Sizing: qty=0.92559, notional=88425.83, risk=1.34%, equity=93079.91
2026-02-12 13:22:09.950 | DEBUG    | aivc_trade.execution.position_manager:check_exit:230 - REGIME BREAK HOLD: BTCUSDC regime=RANGE count=1/6
2026-02-12 13:22:09.957 | DEBUG    | aivc_trade.execution.position_manager:check_exit:230 - REGIME BREAK HOLD: BTCUSDC regime=RANGE count=2/6
2026-02-12 13:22:09.968 | DEBUG    | aivc_trade.execution.position_manager:check_exit:230 - REGIME BREAK HOLD: BTCUSDC regime=RANGE count=1/6
2026-02-12 13:22:09.974 | DEBUG    | aivc_trade.execution.position_manager:check_exit:230 - REGIME BREAK HOLD: BTCUSDC regime=RANGE count=2/6
2026-02-12 13:22:09.980 | DEBUG    | aivc_trade.execution.position_manager:check_exit:230 - REGIME BREAK HOLD: BTCUSDC regime=RANGE count=3/6
2026-02-12 13:22:09.986 | DEBUG    | aivc_trade.execution.position_manager:check_exit:230 - REGIME BREAK HOLD: BTCUSDC regime=RANGE count=4/6
2026-02-12 13:22:10.067 | DEBUG    | aivc_trade.execution.position_manager:check_exit:230 - REGIME BREAK HOLD: BTCUSDC regime=RANGE count=1/6
2026-02-12 13:22:10.073 | DEBUG    | aivc_trade.execution.position_manager:check_exit:230 - REGIME BREAK HOLD: BTCUSDC regime=RANGE count=2/6
2026-02-12 13:22:10.079 | DEBUG    | aivc_trade.execution.position_manager:check_exit:230 - REGIME BREAK HOLD: BTCUSDC regime=RANGE count=3/6
2026-02-12 13:22:10.085 | DEBUG    | aivc_trade.execution.position_manager:check_exit:230 - REGIME BREAK HOLD: BTCUSDC regime=RANGE count=4/6
2026-02-12 13:22:10.091 | DEBUG    | aivc_trade.execution.position_manager:check_exit:230 - REGIME BREAK HOLD: BTCUSDC regime=RANGE count=5/6
2026-02-12 13:22:10.097 | INFO     | aivc_trade.execution.position_manager:check_exit:236 - EXIT REGIME_EXIT_RANGE: BTCUSDC count=6/6 unrealised_pnl=519.57
2026-02-12 13:22:27.614 | INFO     | aivc_trade.strategy.signal:generate_signals:253 - Signal: BTCUSDC score=-0.3367 entry=97823.25 stop=96466.11
2026-02-12 13:22:27.616 | INFO     | aivc_trade.strategy.sizing:compute_qty:66 - Sizing: qty=0.90602, notional=88629.83, risk=1.32%, equity=93294.82
2026-02-12 13:22:27.667 | DEBUG    | aivc_trade.execution.position_manager:update_stop:98 - Trail updated: BTCUSDC trail=98535.53 (close=99800.01)
2026-02-12 13:22:27.667 | INFO     | aivc_trade.execution.position_manager:check_partial_tp:48 - PARTIAL TP TRIGGER: BTCUSDC unrealized=2.02% threshold=2.0% close=99800.01
2026-02-12 13:22:27.674 | DEBUG    | aivc_trade.execution.position_manager:update_stop:111 - Runner trail updated: BTCUSDC trail=98866.28 peak=99800.01 atr=466.87
2026-02-12 13:22:27.681 | DEBUG    | aivc_trade.execution.position_manager:update_stop:111 - Runner trail updated: BTCUSDC trail=98890.25 peak=99800.01 atr=454.88
2026-02-12 13:22:27.688 | DEBUG    | aivc_trade.execution.position_manager:update_stop:111 - Runner trail updated: BTCUSDC trail=98928.00 peak=99800.01 atr=436.00
2026-02-12 13:22:27.707 | DEBUG    | aivc_trade.execution.position_manager:update_stop:111 - Runner trail updated: BTCUSDC trail=99362.02 peak=100773.98 atr=705.98
2026-02-12 13:22:27.714 | DEBUG    | aivc_trade.execution.position_manager:update_stop:111 - Runner trail updated: BTCUSDC trail=99871.97 peak=101299.99 atr=714.01
2026-02-12 13:22:28.509 | INFO     | aivc_trade.execution.position_manager:check_exit:178 - EXIT REGIME_EXIT_CHAOS: BTCUSDC count=1
2026-02-12 13:22:31.439 | INFO     | aivc_trade.strategy.signal:generate_signals:253 - Signal: BTCUSDC score=-0.1105 entry=107816.00 stop=106191.54
2026-02-12 13:22:31.441 | INFO     | aivc_trade.strategy.sizing:compute_qty:66 - Sizing: qty=0.84038, notional=90606.42, risk=1.43%, equity=95375.28
2026-02-12 13:22:31.459 | DEBUG    | aivc_trade.execution.position_manager:check_exit:230 - REGIME BREAK HOLD: BTCUSDC regime=RANGE count=1/3
2026-02-12 13:22:31.466 | DEBUG    | aivc_trade.execution.position_manager:check_exit:230 - REGIME BREAK HOLD: BTCUSDC regime=RANGE count=2/3
2026-02-12 13:22:31.472 | INFO     | aivc_trade.execution.position_manager:check_exit:236 - EXIT REGIME_EXIT_RANGE: BTCUSDC count=3/3 unrealised_pnl=-1221.98
2026-02-12 13:22:34.312 | INFO     | aivc_trade.strategy.signal:generate_signals:253 - Signal: ETHUSDC score=0.0259 entry=2559.80 stop=2510.07
2026-02-12 13:22:34.313 | INFO     | aivc_trade.strategy.sizing:compute_qty:66 - Sizing: qty=34.9132, notional=89373.95, risk=1.85%, equity=94078.06
2026-02-12 13:22:34.344 | DEBUG    | aivc_trade.execution.position_manager:update_stop:98 - Trail updated: ETHUSDC trail=2579.97 (close=2644.85)
2026-02-12 13:22:34.345 | INFO     | aivc_trade.execution.position_manager:check_partial_tp:48 - PARTIAL TP TRIGGER: ETHUSDC unrealized=3.32% threshold=2.0% close=2644.85
2026-02-12 13:22:34.352 | DEBUG    | aivc_trade.execution.position_manager:update_stop:111 - Runner trail updated: ETHUSDC trail=2614.95 peak=2667.46 atr=26.25
2026-02-12 13:22:34.359 | DEBUG    | aivc_trade.execution.position_manager:update_stop:111 - Runner trail updated: ETHUSDC trail=2626.12 peak=2681.38 atr=27.63
2026-02-12 13:22:34.365 | DEBUG    | aivc_trade.execution.position_manager:update_stop:111 - Runner trail updated: ETHUSDC trail=2638.97 peak=2700.17 atr=30.60
2026-02-12 13:22:34.372 | DEBUG    | aivc_trade.execution.position_manager:update_stop:111 - Runner trail updated: ETHUSDC trail=2651.56 peak=2709.51 atr=28.97
2026-02-12 13:22:34.384 | DEBUG    | aivc_trade.execution.position_manager:update_stop:111 - Runner trail updated: ETHUSDC trail=2653.47 peak=2709.51 atr=28.02
2026-02-12 13:22:34.391 | DEBUG    | aivc_trade.execution.position_manager:update_stop:111 - Runner trail updated: ETHUSDC trail=2659.13 peak=2709.51 atr=25.19
2026-02-12 13:22:34.417 | DEBUG    | aivc_trade.execution.position_manager:update_stop:111 - Runner trail updated: ETHUSDC trail=2661.62 peak=2709.51 atr=23.95
2026-02-12 13:22:34.423 | DEBUG    | aivc_trade.execution.position_manager:update_stop:111 - Runner trail updated: ETHUSDC trail=2662.40 peak=2709.51 atr=23.56
2026-02-12 13:22:34.430 | DEBUG    | aivc_trade.execution.position_manager:update_stop:111 - Runner trail updated: ETHUSDC trail=2664.26 peak=2709.51 atr=22.62
2026-02-12 13:22:34.436 | DEBUG    | aivc_trade.execution.position_manager:update_stop:111 - Runner trail updated: ETHUSDC trail=2706.10 peak=2774.74 atr=34.32
2026-02-12 13:22:34.443 | DEBUG    | aivc_trade.execution.position_manager:update_stop:111 - Runner trail updated: ETHUSDC trail=2706.55 peak=2774.74 atr=34.09
2026-02-12 13:22:34.461 | INFO     | aivc_trade.execution.position_manager:check_exit:178 - EXIT REGIME_EXIT_CHAOS: ETHUSDC count=1
2026-02-12 13:23:08.520 | INFO     | aivc_trade.backtest.simulator:run:302 - Backtest done: 19 trades, final equity=98329.12
2026-02-12 13:24:03.202 | INFO     | __main__:main:206 - Backtest reports saved → data/backtest_results
2026-02-12 13:24:07.595 | INFO     | __main__:main:213 - Data/safety checks saved → data/backtest_results/data_quality_checks.csv , data/backtest_results/safety_checks.csv
2026-02-12 13:25:29.914 | INFO     | __main__:main:166 - ==================================================
2026-02-12 13:25:29.916 | INFO     | __main__:main:167 - AIVC Trade – Phase A Backtest
2026-02-12 13:25:29.916 | INFO     | __main__:main:168 - Period: 2023-03-13 → 2025-12-31
2026-02-12 13:25:29.916 | INFO     | __main__:main:169 - Initial equity: 100000.0
2026-02-12 13:25:29.917 | INFO     | __main__:main:170 - ==================================================
2026-02-12 13:25:29.975 | DEBUG    | aivc_trade.data.candles_store:load:37 - Loaded 24594 rows ← data/candles/BTCUSDC/1h.parquet
2026-02-12 13:25:29.982 | INFO     | __main__:_ensure_data:55 - Using cached 1h data for BTCUSDC (24594 rows)
2026-02-12 13:25:30.055 | DEBUG    | aivc_trade.data.candles_store:load:37 - Loaded 295107 rows ← data/candles/BTCUSDC/5m.parquet
2026-02-12 13:25:30.063 | INFO     | __main__:_ensure_data:78 - Using cached 5m data for BTCUSDC (295107 rows)
2026-02-12 13:25:30.097 | DEBUG    | aivc_trade.data.candles_store:load:37 - Loaded 24594 rows ← data/candles/ETHUSDC/1h.parquet
2026-02-12 13:25:30.100 | INFO     | __main__:_ensure_data:55 - Using cached 1h data for ETHUSDC (24594 rows)
2026-02-12 13:25:30.157 | DEBUG    | aivc_trade.data.candles_store:load:37 - Loaded 295107 rows ← data/candles/ETHUSDC/5m.parquet
2026-02-12 13:25:30.161 | INFO     | __main__:_ensure_data:78 - Using cached 5m data for ETHUSDC (295107 rows)
2026-02-12 13:25:32.691 | INFO     | aivc_trade.strategy.signal:generate_signals:253 - Signal: BTCUSDC score=-0.0619 entry=30772.51 stop=30358.27
2026-02-12 13:25:32.694 | INFO     | aivc_trade.strategy.sizing:compute_qty:66 - Sizing: qty=3.0871700000000004, notional=94999.97, risk=1.28%, equity=100000.00
2026-02-12 13:25:32.745 | INFO     | aivc_trade.execution.position_manager:check_exit:158 - EXIT STOP_LOSS: BTCUSDC close=30266.69 stop=30358.27
2026-02-12 13:25:34.567 | INFO     | aivc_trade.strategy.signal:generate_signals:253 - Signal: BTCUSDC score=0.0189 entry=29704.54 stop=29236.67
2026-02-12 13:25:34.570 | INFO     | aivc_trade.strategy.sizing:compute_qty:66 - Sizing: qty=3.1389400000000003, notional=93230.13, risk=1.49%, equity=98137.05
2026-02-12 13:25:34.591 | DEBUG    | aivc_trade.execution.position_manager:check_exit:230 - REGIME BREAK HOLD: BTCUSDC regime=RANGE count=1/3
2026-02-12 13:25:34.596 | DEBUG    | aivc_trade.execution.position_manager:check_exit:230 - REGIME BREAK HOLD: BTCUSDC regime=RANGE count=2/3
2026-02-12 13:25:34.600 | INFO     | aivc_trade.execution.position_manager:check_exit:236 - EXIT REGIME_EXIT_RANGE: BTCUSDC count=3/3 unrealised_pnl=-307.39
2026-02-12 13:25:48.756 | INFO     | aivc_trade.strategy.signal:generate_signals:253 - Signal: BTCUSDC score=-0.0654 entry=26518.41 stop=26163.03
2026-02-12 13:25:48.758 | INFO     | aivc_trade.strategy.sizing:compute_qty:66 - Sizing: qty=3.4711600000000002, notional=92045.51, risk=1.27%, equity=96890.07
2026-02-12 13:25:48.782 | DEBUG    | aivc_trade.execution.position_manager:check_exit:230 - REGIME BREAK HOLD: BTCUSDC regime=RANGE count=1/3
2026-02-12 13:25:48.794 | DEBUG    | aivc_trade.execution.position_manager:check_exit:230 - REGIME BREAK HOLD: BTCUSDC regime=RANGE count=1/3
2026-02-12 13:25:48.799 | INFO     | aivc_trade.execution.position_manager:check_exit:178 - EXIT REGIME_EXIT_CHAOS: BTCUSDC count=2
2026-02-12 13:25:48.810 | DEBUG    | aivc_trade.strategy.signal:generate_signals:212 - BTCUSDC in cooldown until 2023-09-14 18:00:00+00:00
2026-02-12 13:25:48.815 | DEBUG    | aivc_trade.strategy.signal:generate_signals:212 - BTCUSDC in cooldown until 2023-09-14 18:00:00+00:00
2026-02-12 13:25:48.821 | DEBUG    | aivc_trade.strategy.signal:generate_signals:212 - BTCUSDC in cooldown until 2023-09-14 18:00:00+00:00
2026-02-12 13:25:48.826 | DEBUG    | aivc_trade.strategy.signal:generate_signals:212 - BTCUSDC in cooldown until 2023-09-14 18:00:00+00:00
2026-02-12 13:25:48.831 | DEBUG    | aivc_trade.strategy.signal:generate_signals:212 - BTCUSDC in cooldown until 2023-09-14 18:00:00+00:00
2026-02-12 13:25:48.837 | DEBUG    | aivc_trade.strategy.signal:generate_signals:212 - BTCUSDC in cooldown until 2023-09-14 18:00:00+00:00
2026-02-12 13:25:52.906 | INFO     | aivc_trade.strategy.signal:generate_signals:253 - Signal: BTCUSDC score=-0.0149 entry=34495.81 stop=33746.14
2026-02-12 13:25:52.908 | INFO     | aivc_trade.strategy.sizing:compute_qty:66 - Sizing: qty=2.6430900000000004, notional=91169.93, risk=2.06%, equity=95968.40
2026-02-12 13:25:52.961 | DEBUG    | aivc_trade.execution.position_manager:check_exit:230 - REGIME BREAK HOLD: BTCUSDC regime=RANGE count=1/6
2026-02-12 13:25:52.967 | DEBUG    | aivc_trade.execution.position_manager:check_exit:230 - REGIME BREAK HOLD: BTCUSDC regime=RANGE count=2/6
2026-02-12 13:25:52.971 | DEBUG    | aivc_trade.execution.position_manager:check_exit:230 - REGIME BREAK HOLD: BTCUSDC regime=RANGE count=3/6
2026-02-12 13:25:52.976 | DEBUG    | aivc_trade.execution.position_manager:check_exit:230 - REGIME BREAK HOLD: BTCUSDC regime=RANGE count=4/6
2026-02-12 13:25:52.980 | DEBUG    | aivc_trade.execution.position_manager:check_exit:230 - REGIME BREAK HOLD: BTCUSDC regime=RANGE count=5/6
2026-02-12 13:25:52.985 | INFO     | aivc_trade.execution.position_manager:check_exit:236 - EXIT REGIME_EXIT_RANGE: BTCUSDC count=6/6 unrealised_pnl=130.94
2026-02-12 13:25:54.576 | INFO     | aivc_trade.strategy.signal:generate_signals:253 - Signal: BTCUSDC score=-0.1270 entry=37388.10 stop=36719.36
2026-02-12 13:25:54.578 | INFO     | aivc_trade.strategy.sizing:compute_qty:66 - Sizing: qty=2.4400500000000003, notional=91228.47, risk=1.70%, equity=96030.32
2026-02-12 13:25:54.627 | DEBUG    | aivc_trade.execution.position_manager:check_exit:230 - REGIME BREAK HOLD: BTCUSDC regime=RANGE count=1/3
2026-02-12 13:25:54.632 | DEBUG    | aivc_trade.execution.position_manager:check_exit:230 - REGIME BREAK HOLD: BTCUSDC regime=RANGE count=2/3
2026-02-12 13:25:54.636 | INFO     | aivc_trade.execution.position_manager:check_exit:236 - EXIT REGIME_EXIT_RANGE: BTCUSDC count=3/3 unrealised_pnl=-279.03
2026-02-12 13:25:55.821 | INFO     | aivc_trade.strategy.signal:generate_signals:253 - Signal: ETHUSDC score=0.0672 entry=2030.49 stop=1993.04
2026-02-12 13:25:55.823 | INFO     | aivc_trade.strategy.sizing:compute_qty:66 - Sizing: qty=44.4542, notional=90329.60, risk=1.82%, equity=95083.90
2026-02-12 13:25:55.850 | DEBUG    | aivc_trade.execution.position_manager:update_stop:98 - Trail updated: ETHUSDC trail=2027.09 (close=2077.12)
2026-02-12 13:25:55.850 | INFO     | aivc_trade.execution.position_manager:check_partial_tp:48 - PARTIAL TP TRIGGER: ETHUSDC unrealized=2.22% threshold=2.0% close=2077.12
2026-02-12 13:25:55.857 | DEBUG    | aivc_trade.execution.position_manager:update_stop:111 - Runner trail updated: ETHUSDC trail=2040.12 peak=2077.12 atr=18.50
2026-02-12 13:25:55.861 | DEBUG    | aivc_trade.execution.position_manager:update_stop:111 - Runner trail updated: ETHUSDC trail=2043.93 peak=2081.70 atr=18.89
2026-02-12 13:25:55.870 | DEBUG    | aivc_trade.execution.position_manager:update_stop:111 - Runner trail updated: ETHUSDC trail=2045.31 peak=2081.70 atr=18.20
2026-02-12 13:25:55.875 | DEBUG    | aivc_trade.execution.position_manager:update_stop:111 - Runner trail updated: ETHUSDC trail=2046.75 peak=2081.70 atr=17.47
2026-02-12 13:25:55.885 | DEBUG    | aivc_trade.execution.position_manager:update_stop:111 - Runner trail updated: ETHUSDC trail=2048.30 peak=2081.70 atr=16.70
2026-02-12 13:25:55.889 | DEBUG    | aivc_trade.execution.position_manager:update_stop:111 - Runner trail updated: ETHUSDC trail=2050.20 peak=2081.70 atr=15.75
2026-02-12 13:25:55.894 | DEBUG    | aivc_trade.execution.position_manager:update_stop:111 - Runner trail updated: ETHUSDC trail=2052.03 peak=2081.70 atr=14.84
2026-02-12 13:25:55.899 | DEBUG    | aivc_trade.execution.position_manager:update_stop:111 - Runner trail updated: ETHUSDC trail=2053.99 peak=2081.70 atr=13.85
2026-02-12 13:25:55.899 | DEBUG    | aivc_trade.execution.position_manager:check_exit:197 - RUNNER RANGE HOLD (buffer): ETHUSDC bars=1/6 unrealized=1.59%
2026-02-12 13:25:55.903 | DEBUG    | aivc_trade.execution.position_manager:update_stop:111 - Runner trail updated: ETHUSDC trail=2056.13 peak=2081.70 atr=12.79
2026-02-12 13:25:55.904 | DEBUG    | aivc_trade.execution.position_manager:check_exit:197 - RUNNER RANGE HOLD (buffer): ETHUSDC bars=2/6 unrealized=1.48%
2026-02-12 13:25:55.908 | DEBUG    | aivc_trade.execution.position_manager:update_stop:111 - Runner trail updated: ETHUSDC trail=2057.60 peak=2081.70 atr=12.05
2026-02-12 13:25:55.909 | DEBUG    | aivc_trade.execution.position_manager:check_exit:197 - RUNNER RANGE HOLD (buffer): ETHUSDC bars=3/6 unrealized=1.68%
2026-02-12 13:25:55.913 | DEBUG    | aivc_trade.execution.position_manager:check_exit:197 - RUNNER RANGE HOLD (buffer): ETHUSDC bars=4/6 unrealized=2.45%
2026-02-12 13:25:55.918 | DEBUG    | aivc_trade.execution.position_manager:update_stop:111 - Runner trail updated: ETHUSDC trail=2062.28 peak=2088.10 atr=12.91
2026-02-12 13:25:55.919 | DEBUG    | aivc_trade.execution.position_manager:check_exit:197 - RUNNER RANGE HOLD (buffer): ETHUSDC bars=5/6 unrealized=2.76%
2026-02-12 13:25:55.924 | INFO     | aivc_trade.execution.position_manager:check_exit:203 - EXIT REGIME_EXIT_RANGE_RUNNER_TIMEOUT: ETHUSDC bars=6 unrealized=1.97%
2026-02-12 13:25:55.936 | DEBUG    | aivc_trade.strategy.signal:generate_signals:212 - ETHUSDC in cooldown until 2023-11-23 18:00:00+00:00
2026-02-12 13:25:55.941 | DEBUG    | aivc_trade.strategy.signal:generate_signals:212 - ETHUSDC in cooldown until 2023-11-23 18:00:00+00:00
2026-02-12 13:25:55.946 | DEBUG    | aivc_trade.strategy.signal:generate_signals:212 - ETHUSDC in cooldown until 2023-11-23 18:00:00+00:00
2026-02-12 13:26:05.092 | INFO     | aivc_trade.strategy.signal:generate_signals:253 - Signal: BTCUSDC score=0.0667 entry=52650.20 stop=51757.36
2026-02-12 13:26:05.094 | INFO     | aivc_trade.strategy.sizing:compute_qty:66 - Sizing: qty=1.7451900000000002, notional=91873.80, risk=1.60%, equity=96709.59
2026-02-12 13:26:05.122 | DEBUG    | aivc_trade.execution.position_manager:check_exit:230 - REGIME BREAK HOLD: BTCUSDC regime=RANGE count=1/3
2026-02-12 13:26:05.127 | INFO     | aivc_trade.execution.position_manager:check_exit:158 - EXIT STOP_LOSS: BTCUSDC close=51738.08 stop=51757.36
2026-02-12 13:26:18.685 | INFO     | aivc_trade.strategy.signal:generate_signals:253 - Signal: ETHUSDC score=0.0408 entry=3811.80 stop=3729.05
2026-02-12 13:26:18.686 | INFO     | aivc_trade.strategy.sizing:compute_qty:66 - Sizing: qty=23.6372, notional=90102.88, risk=2.06%, equity=94845.20
2026-02-12 13:26:18.715 | DEBUG    | aivc_trade.execution.position_manager:update_stop:98 - Trail updated: ETHUSDC trail=3801.46 (close=3916.85)
2026-02-12 13:26:18.715 | INFO     | aivc_trade.execution.position_manager:check_partial_tp:48 - PARTIAL TP TRIGGER: ETHUSDC unrealized=2.75% threshold=2.0% close=3916.85
2026-02-12 13:26:18.723 | DEBUG    | aivc_trade.execution.position_manager:update_stop:111 - Runner trail updated: ETHUSDC trail=3792.61 peak=3916.85 atr=62.12
2026-02-12 13:26:18.729 | INFO     | aivc_trade.execution.position_manager:check_exit:137 - EXIT TRAILING_STOP_RUNNER: ETHUSDC close=3781.60 trail=3792.61
2026-02-12 13:26:35.927 | INFO     | aivc_trade.strategy.signal:generate_signals:253 - Signal: BTCUSDC score=-0.0306 entry=62377.89 stop=61366.71
2026-02-12 13:26:35.929 | INFO     | aivc_trade.strategy.sizing:compute_qty:66 - Sizing: qty=1.45313, notional=90642.04, risk=1.54%, equity=95412.87
2026-02-12 13:26:35.964 | DEBUG    | aivc_trade.execution.position_manager:check_exit:230 - REGIME BREAK HOLD: BTCUSDC regime=RANGE count=1/3
2026-02-12 13:26:35.970 | DEBUG    | aivc_trade.execution.position_manager:check_exit:230 - REGIME BREAK HOLD: BTCUSDC regime=RANGE count=2/3
2026-02-12 13:26:35.975 | INFO     | aivc_trade.execution.position_manager:check_exit:236 - EXIT REGIME_EXIT_RANGE: BTCUSDC count=3/3 unrealised_pnl=-509.11
2026-02-12 13:26:38.613 | INFO     | aivc_trade.strategy.signal:generate_signals:253 - Signal: BTCUSDC score=-0.0628 entry=68284.73 stop=67369.97
2026-02-12 13:26:38.615 | INFO     | aivc_trade.strategy.sizing:compute_qty:66 - Sizing: qty=1.31335, notional=89681.75, risk=1.27%, equity=94402.25
2026-02-12 13:26:38.673 | DEBUG    | aivc_trade.execution.position_manager:check_exit:230 - REGIME BREAK HOLD: BTCUSDC regime=RANGE count=1/3
2026-02-12 13:26:38.679 | DEBUG    | aivc_trade.execution.position_manager:check_exit:230 - REGIME BREAK HOLD: BTCUSDC regime=RANGE count=2/3
2026-02-12 13:26:38.684 | INFO     | aivc_trade.execution.position_manager:check_exit:236 - EXIT REGIME_EXIT_RANGE: BTCUSDC count=3/3 unrealised_pnl=-773.17
2026-02-12 13:26:40.796 | INFO     | aivc_trade.strategy.signal:generate_signals:253 - Signal: BTCUSDC score=0.1596 entry=76896.02 stop=75620.86
2026-02-12 13:26:40.798 | INFO     | aivc_trade.strategy.sizing:compute_qty:66 - Sizing: qty=1.1506800000000001, notional=88464.35, risk=1.56%, equity=93120.91
2026-02-12 13:26:40.827 | DEBUG    | aivc_trade.execution.position_manager:check_exit:230 - REGIME BREAK HOLD: BTCUSDC regime=RANGE count=1/3
2026-02-12 13:26:40.833 | DEBUG    | aivc_trade.execution.position_manager:check_exit:230 - REGIME BREAK HOLD: BTCUSDC regime=RANGE count=2/3
2026-02-12 13:26:40.839 | INFO     | aivc_trade.execution.position_manager:check_exit:236 - EXIT REGIME_EXIT_RANGE: BTCUSDC count=3/3 unrealised_pnl=-513.28
2026-02-12 13:26:50.039 | INFO     | aivc_trade.strategy.signal:generate_signals:253 - Signal: BTCUSDC score=0.1378 entry=95516.21 stop=94185.88
2026-02-12 13:26:50.041 | INFO     | aivc_trade.strategy.sizing:compute_qty:66 - Sizing: qty=0.91749, notional=87652.00, risk=1.34%, equity=92265.78
2026-02-12 13:26:50.060 | DEBUG    | aivc_trade.execution.position_manager:check_exit:230 - REGIME BREAK HOLD: BTCUSDC regime=RANGE count=1/6
2026-02-12 13:26:50.066 | DEBUG    | aivc_trade.execution.position_manager:check_exit:230 - REGIME BREAK HOLD: BTCUSDC regime=RANGE count=2/6
2026-02-12 13:26:50.079 | DEBUG    | aivc_trade.execution.position_manager:check_exit:230 - REGIME BREAK HOLD: BTCUSDC regime=RANGE count=1/6
2026-02-12 13:26:50.084 | DEBUG    | aivc_trade.execution.position_manager:check_exit:230 - REGIME BREAK HOLD: BTCUSDC regime=RANGE count=2/6
2026-02-12 13:26:50.090 | DEBUG    | aivc_trade.execution.position_manager:check_exit:230 - REGIME BREAK HOLD: BTCUSDC regime=RANGE count=3/6
2026-02-12 13:26:50.097 | DEBUG    | aivc_trade.execution.position_manager:check_exit:230 - REGIME BREAK HOLD: BTCUSDC regime=RANGE count=4/6
2026-02-12 13:26:50.177 | DEBUG    | aivc_trade.execution.position_manager:check_exit:230 - REGIME BREAK HOLD: BTCUSDC regime=RANGE count=1/6
2026-02-12 13:26:50.183 | DEBUG    | aivc_trade.execution.position_manager:check_exit:230 - REGIME BREAK HOLD: BTCUSDC regime=RANGE count=2/6
2026-02-12 13:26:50.189 | DEBUG    | aivc_trade.execution.position_manager:check_exit:230 - REGIME BREAK HOLD: BTCUSDC regime=RANGE count=3/6
2026-02-12 13:26:50.195 | DEBUG    | aivc_trade.execution.position_manager:check_exit:230 - REGIME BREAK HOLD: BTCUSDC regime=RANGE count=4/6
2026-02-12 13:26:50.202 | DEBUG    | aivc_trade.execution.position_manager:check_exit:230 - REGIME BREAK HOLD: BTCUSDC regime=RANGE count=5/6
2026-02-12 13:26:50.208 | INFO     | aivc_trade.execution.position_manager:check_exit:236 - EXIT REGIME_EXIT_RANGE: BTCUSDC count=6/6 unrealised_pnl=519.57
2026-02-12 13:27:08.071 | INFO     | aivc_trade.strategy.signal:generate_signals:253 - Signal: BTCUSDC score=-0.3367 entry=97823.25 stop=96466.11
2026-02-12 13:27:08.073 | INFO     | aivc_trade.strategy.sizing:compute_qty:66 - Sizing: qty=0.89809, notional=87854.09, risk=1.32%, equity=92478.81
2026-02-12 13:27:08.122 | DEBUG    | aivc_trade.execution.position_manager:update_stop:98 - Trail updated: BTCUSDC trail=98535.53 (close=99800.01)
2026-02-12 13:27:08.122 | INFO     | aivc_trade.execution.position_manager:check_partial_tp:48 - PARTIAL TP TRIGGER: BTCUSDC unrealized=2.02% threshold=2.0% close=99800.01
2026-02-12 13:27:08.129 | DEBUG    | aivc_trade.execution.position_manager:update_stop:111 - Runner trail updated: BTCUSDC trail=98866.28 peak=99800.01 atr=466.87
2026-02-12 13:27:08.136 | DEBUG    | aivc_trade.execution.position_manager:update_stop:111 - Runner trail updated: BTCUSDC trail=98890.25 peak=99800.01 atr=454.88
2026-02-12 13:27:08.143 | DEBUG    | aivc_trade.execution.position_manager:update_stop:111 - Runner trail updated: BTCUSDC trail=98928.00 peak=99800.01 atr=436.00
2026-02-12 13:27:08.161 | DEBUG    | aivc_trade.execution.position_manager:update_stop:111 - Runner trail updated: BTCUSDC trail=99362.02 peak=100773.98 atr=705.98
2026-02-12 13:27:08.168 | DEBUG    | aivc_trade.execution.position_manager:update_stop:111 - Runner trail updated: BTCUSDC trail=99871.97 peak=101299.99 atr=714.01
2026-02-12 13:27:08.174 | INFO     | aivc_trade.execution.position_manager:check_exit:178 - EXIT REGIME_EXIT_CHAOS: BTCUSDC count=1
2026-02-12 13:27:10.059 | INFO     | aivc_trade.strategy.signal:generate_signals:253 - Signal: BTCUSDC score=-0.1105 entry=107816.00 stop=106191.54
2026-02-12 13:27:10.060 | INFO     | aivc_trade.strategy.sizing:compute_qty:66 - Sizing: qty=0.83303, notional=89813.97, risk=1.43%, equity=94541.06
2026-02-12 13:27:10.078 | DEBUG    | aivc_trade.execution.position_manager:check_exit:230 - REGIME BREAK HOLD: BTCUSDC regime=RANGE count=1/3
2026-02-12 13:27:10.085 | DEBUG    | aivc_trade.execution.position_manager:check_exit:230 - REGIME BREAK HOLD: BTCUSDC regime=RANGE count=2/3
2026-02-12 13:27:10.091 | INFO     | aivc_trade.execution.position_manager:check_exit:236 - EXIT REGIME_EXIT_RANGE: BTCUSDC count=3/3 unrealised_pnl=-1221.98
2026-02-12 13:27:12.941 | INFO     | aivc_trade.strategy.signal:generate_signals:253 - Signal: ETHUSDC score=0.0259 entry=2559.80 stop=2510.07
2026-02-12 13:27:12.943 | INFO     | aivc_trade.strategy.sizing:compute_qty:66 - Sizing: qty=34.6079, notional=88592.42, risk=1.85%, equity=93255.19
2026-02-12 13:27:12.974 | DEBUG    | aivc_trade.execution.position_manager:update_stop:98 - Trail updated: ETHUSDC trail=2579.97 (close=2644.85)
2026-02-12 13:27:12.975 | INFO     | aivc_trade.execution.position_manager:check_partial_tp:48 - PARTIAL TP TRIGGER: ETHUSDC unrealized=3.32% threshold=2.0% close=2644.85
2026-02-12 13:27:12.982 | DEBUG    | aivc_trade.execution.position_manager:update_stop:111 - Runner trail updated: ETHUSDC trail=2614.95 peak=2667.46 atr=26.25
2026-02-12 13:27:12.988 | DEBUG    | aivc_trade.execution.position_manager:update_stop:111 - Runner trail updated: ETHUSDC trail=2626.12 peak=2681.38 atr=27.63
2026-02-12 13:27:12.995 | DEBUG    | aivc_trade.execution.position_manager:update_stop:111 - Runner trail updated: ETHUSDC trail=2638.97 peak=2700.17 atr=30.60
2026-02-12 13:27:13.001 | DEBUG    | aivc_trade.execution.position_manager:update_stop:111 - Runner trail updated: ETHUSDC trail=2651.56 peak=2709.51 atr=28.97
2026-02-12 13:27:13.014 | DEBUG    | aivc_trade.execution.position_manager:update_stop:111 - Runner trail updated: ETHUSDC trail=2653.47 peak=2709.51 atr=28.02
2026-02-12 13:27:13.021 | DEBUG    | aivc_trade.execution.position_manager:update_stop:111 - Runner trail updated: ETHUSDC trail=2659.13 peak=2709.51 atr=25.19
2026-02-12 13:27:13.044 | DEBUG    | aivc_trade.execution.position_manager:update_stop:111 - Runner trail updated: ETHUSDC trail=2661.62 peak=2709.51 atr=23.95
2026-02-12 13:27:13.051 | DEBUG    | aivc_trade.execution.position_manager:update_stop:111 - Runner trail updated: ETHUSDC trail=2662.40 peak=2709.51 atr=23.56
2026-02-12 13:27:13.058 | DEBUG    | aivc_trade.execution.position_manager:update_stop:111 - Runner trail updated: ETHUSDC trail=2664.26 peak=2709.51 atr=22.62
2026-02-12 13:27:13.065 | DEBUG    | aivc_trade.execution.position_manager:update_stop:111 - Runner trail updated: ETHUSDC trail=2706.10 peak=2774.74 atr=34.32
2026-02-12 13:27:13.072 | DEBUG    | aivc_trade.execution.position_manager:update_stop:111 - Runner trail updated: ETHUSDC trail=2706.55 peak=2774.74 atr=34.09
2026-02-12 13:27:13.090 | INFO     | aivc_trade.execution.position_manager:check_exit:178 - EXIT REGIME_EXIT_CHAOS: ETHUSDC count=1
2026-02-12 13:27:49.102 | INFO     | aivc_trade.backtest.simulator:run:302 - Backtest done: 19 trades, final equity=97469.08
2026-02-12 13:28:43.316 | INFO     | __main__:main:206 - Backtest reports saved → data/backtest_results
2026-02-12 13:28:45.726 | INFO     | __main__:main:213 - Data/safety checks saved → data/backtest_results/data_quality_checks.csv , data/backtest_results/safety_checks.csv
