2026-02-12 08:20:31.541 | INFO     | __main__:main:60 - ==================================================
2026-02-12 08:20:31.543 | INFO     | __main__:main:61 - AIVC Trade – Phase A Live Bot starting
2026-02-12 08:20:31.543 | INFO     | __main__:main:62 - ==================================================
2026-02-12 08:20:31.547 | INFO     | aivc_trade.ops.persistence:load:33 - No state file found – starting fresh
2026-02-12 08:20:31.549 | WARNING  | __main__:main:110 - Could not fetch lot_size for BTCUSDC: HTTPSConnectionPool(host='api.binance.com', port=443): Max retries exceeded with url: /api/v3/exchangeInfo?symbol=BTCUSDC (Caused by NameResolutionError("HTTPSConnection(host='api.binance.com', port=443): Failed to resolve 'api.binance.com' ([Errno -2] Name or service not known)"))
2026-02-12 08:20:31.556 | WARNING  | __main__:main:110 - Could not fetch lot_size for ETHUSDC: HTTPSConnectionPool(host='api.binance.com', port=443): Max retries exceeded with url: /api/v3/exchangeInfo?symbol=ETHUSDC (Caused by NameResolutionError("HTTPSConnection(host='api.binance.com', port=443): Failed to resolve 'api.binance.com' ([Errno -2] Name or service not known)"))
2026-02-12 08:20:31.556 | INFO     | __main__:main:113 - Entering main loop
2026-02-12 08:20:31.557 | ERROR    | __main__:main:159 - Data fetch error for BTCUSDC: HTTPSConnectionPool(host='api.binance.com', port=443): Max retries exceeded with url: /api/v3/klines?symbol=BTCUSDC&interval=1h&limit=250 (Caused by NameResolutionError("HTTPSConnection(host='api.binance.com', port=443): Failed to resolve 'api.binance.com' ([Errno -2] Name or service not known)"))
2026-02-12 08:20:31.557 | ERROR    | __main__:main:159 - Data fetch error for ETHUSDC: HTTPSConnectionPool(host='api.binance.com', port=443): Max retries exceeded with url: /api/v3/klines?symbol=ETHUSDC&interval=1h&limit=250 (Caused by NameResolutionError("HTTPSConnection(host='api.binance.com', port=443): Failed to resolve 'api.binance.com' ([Errno -2] Name or service not known)"))
2026-02-12 08:20:31.561 | DEBUG    | aivc_trade.ops.persistence:save:29 - State saved → data/position_state.json
2026-02-12 08:25:48.800 | ERROR    | __main__:main:159 - Data fetch error for BTCUSDC: HTTPSConnectionPool(host='api.binance.com', port=443): Max retries exceeded with url: /api/v3/klines?symbol=BTCUSDC&interval=1h&limit=250 (Caused by NameResolutionError("HTTPSConnection(host='api.binance.com', port=443): Failed to resolve 'api.binance.com' ([Errno -2] Name or service not known)"))
2026-02-12 08:25:48.801 | ERROR    | __main__:main:159 - Data fetch error for ETHUSDC: HTTPSConnectionPool(host='api.binance.com', port=443): Max retries exceeded with url: /api/v3/klines?symbol=ETHUSDC&interval=1h&limit=250 (Caused by NameResolutionError("HTTPSConnection(host='api.binance.com', port=443): Failed to resolve 'api.binance.com' ([Errno -2] Name or service not known)"))
2026-02-12 08:25:48.806 | DEBUG    | aivc_trade.ops.persistence:save:29 - State saved → data/position_state.json
2026-02-12 08:31:06.264 | ERROR    | __main__:main:159 - Data fetch error for BTCUSDC: HTTPSConnectionPool(host='api.binance.com', port=443): Max retries exceeded with url: /api/v3/klines?symbol=BTCUSDC&interval=1h&limit=250 (Caused by NameResolutionError("HTTPSConnection(host='api.binance.com', port=443): Failed to resolve 'api.binance.com' ([Errno -2] Name or service not known)"))
2026-02-12 08:31:06.264 | ERROR    | aivc_trade.strategy.risk:record_api_error:67 - API error streak = 5 → HALT
2026-02-12 08:31:06.265 | DEBUG    | aivc_trade.ops.notifier:send:26 - Notification (disabled): 🚨 Error | API error streak for BTCUSDC: HTTPSConnectionPool(host='api.binance.com', port=443): Max retries exceeded with url: /api/v3/klines?symbol=BTCUSDC&interval=1h&limit=250 (Caused by NameResolutionError("HTTPSConnection(host='api.binance.com', port=443): Failed to resolve 'api.binance.com' ([Errno -2] Name or service not known)"))
2026-02-12 08:31:06.265 | ERROR    | __main__:main:159 - Data fetch error for ETHUSDC: HTTPSConnectionPool(host='api.binance.com', port=443): Max retries exceeded with url: /api/v3/klines?symbol=ETHUSDC&interval=1h&limit=250 (Caused by NameResolutionError("HTTPSConnection(host='api.binance.com', port=443): Failed to resolve 'api.binance.com' ([Errno -2] Name or service not known)"))
2026-02-12 08:31:06.265 | ERROR    | aivc_trade.strategy.risk:record_api_error:67 - API error streak = 6 → HALT
2026-02-12 08:31:06.266 | DEBUG    | aivc_trade.ops.notifier:send:26 - Notification (disabled): 🚨 Error | API error streak for ETHUSDC: HTTPSConnectionPool(host='api.binance.com', port=443): Max retries exceeded with url: /api/v3/klines?symbol=ETHUSDC&interval=1h&limit=250 (Caused by NameResolutionError("HTTPSConnection(host='api.binance.com', port=443): Failed to resolve 'api.binance.com' ([Errno -2] Name or service not known)"))
2026-02-12 08:31:06.271 | DEBUG    | aivc_trade.ops.persistence:save:29 - State saved → data/position_state.json
2026-02-12 08:36:23.717 | ERROR    | __main__:main:159 - Data fetch error for BTCUSDC: HTTPSConnectionPool(host='api.binance.com', port=443): Max retries exceeded with url: /api/v3/klines?symbol=BTCUSDC&interval=1h&limit=250 (Caused by NameResolutionError("HTTPSConnection(host='api.binance.com', port=443): Failed to resolve 'api.binance.com' ([Errno -2] Name or service not known)"))
2026-02-12 08:36:23.717 | ERROR    | aivc_trade.strategy.risk:record_api_error:67 - API error streak = 7 → HALT
2026-02-12 08:36:23.717 | DEBUG    | aivc_trade.ops.notifier:send:26 - Notification (disabled): 🚨 Error | API error streak for BTCUSDC: HTTPSConnectionPool(host='api.binance.com', port=443): Max retries exceeded with url: /api/v3/klines?symbol=BTCUSDC&interval=1h&limit=250 (Caused by NameResolutionError("HTTPSConnection(host='api.binance.com', port=443): Failed to resolve 'api.binance.com' ([Errno -2] Name or service not known)"))
2026-02-12 08:36:23.718 | ERROR    | __main__:main:159 - Data fetch error for ETHUSDC: HTTPSConnectionPool(host='api.binance.com', port=443): Max retries exceeded with url: /api/v3/klines?symbol=ETHUSDC&interval=1h&limit=250 (Caused by NameResolutionError("HTTPSConnection(host='api.binance.com', port=443): Failed to resolve 'api.binance.com' ([Errno -2] Name or service not known)"))
2026-02-12 08:36:23.718 | ERROR    | aivc_trade.strategy.risk:record_api_error:67 - API error streak = 8 → HALT
2026-02-12 08:36:23.718 | DEBUG    | aivc_trade.ops.notifier:send:26 - Notification (disabled): 🚨 Error | API error streak for ETHUSDC: HTTPSConnectionPool(host='api.binance.com', port=443): Max retries exceeded with url: /api/v3/klines?symbol=ETHUSDC&interval=1h&limit=250 (Caused by NameResolutionError("HTTPSConnection(host='api.binance.com', port=443): Failed to resolve 'api.binance.com' ([Errno -2] Name or service not known)"))
2026-02-12 08:36:23.723 | DEBUG    | aivc_trade.ops.persistence:save:29 - State saved → data/position_state.json
2026-02-12 08:41:41.336 | ERROR    | __main__:main:159 - Data fetch error for BTCUSDC: HTTPSConnectionPool(host='api.binance.com', port=443): Max retries exceeded with url: /api/v3/klines?symbol=BTCUSDC&interval=1h&limit=250 (Caused by NameResolutionError("HTTPSConnection(host='api.binance.com', port=443): Failed to resolve 'api.binance.com' ([Errno -2] Name or service not known)"))
2026-02-12 08:41:41.337 | ERROR    | aivc_trade.strategy.risk:record_api_error:67 - API error streak = 9 → HALT
2026-02-12 08:41:41.337 | DEBUG    | aivc_trade.ops.notifier:send:26 - Notification (disabled): 🚨 Error | API error streak for BTCUSDC: HTTPSConnectionPool(host='api.binance.com', port=443): Max retries exceeded with url: /api/v3/klines?symbol=BTCUSDC&interval=1h&limit=250 (Caused by NameResolutionError("HTTPSConnection(host='api.binance.com', port=443): Failed to resolve 'api.binance.com' ([Errno -2] Name or service not known)"))
2026-02-12 08:41:41.338 | ERROR    | __main__:main:159 - Data fetch error for ETHUSDC: HTTPSConnectionPool(host='api.binance.com', port=443): Max retries exceeded with url: /api/v3/klines?symbol=ETHUSDC&interval=1h&limit=250 (Caused by NameResolutionError("HTTPSConnection(host='api.binance.com', port=443): Failed to resolve 'api.binance.com' ([Errno -2] Name or service not known)"))
2026-02-12 08:41:41.338 | ERROR    | aivc_trade.strategy.risk:record_api_error:67 - API error streak = 10 → HALT
2026-02-12 08:41:41.338 | DEBUG    | aivc_trade.ops.notifier:send:26 - Notification (disabled): 🚨 Error | API error streak for ETHUSDC: HTTPSConnectionPool(host='api.binance.com', port=443): Max retries exceeded with url: /api/v3/klines?symbol=ETHUSDC&interval=1h&limit=250 (Caused by NameResolutionError("HTTPSConnection(host='api.binance.com', port=443): Failed to resolve 'api.binance.com' ([Errno -2] Name or service not known)"))
2026-02-12 08:41:41.343 | DEBUG    | aivc_trade.ops.persistence:save:29 - State saved → data/position_state.json
2026-02-12 08:46:59.145 | ERROR    | __main__:main:159 - Data fetch error for BTCUSDC: HTTPSConnectionPool(host='api.binance.com', port=443): Max retries exceeded with url: /api/v3/klines?symbol=BTCUSDC&interval=1h&limit=250 (Caused by NameResolutionError("HTTPSConnection(host='api.binance.com', port=443): Failed to resolve 'api.binance.com' ([Errno -2] Name or service not known)"))
2026-02-12 08:46:59.145 | ERROR    | aivc_trade.strategy.risk:record_api_error:67 - API error streak = 11 → HALT
2026-02-12 08:46:59.145 | DEBUG    | aivc_trade.ops.notifier:send:26 - Notification (disabled): 🚨 Error | API error streak for BTCUSDC: HTTPSConnectionPool(host='api.binance.com', port=443): Max retries exceeded with url: /api/v3/klines?symbol=BTCUSDC&interval=1h&limit=250 (Caused by NameResolutionError("HTTPSConnection(host='api.binance.com', port=443): Failed to resolve 'api.binance.com' ([Errno -2] Name or service not known)"))
2026-02-12 08:46:59.146 | ERROR    | __main__:main:159 - Data fetch error for ETHUSDC: HTTPSConnectionPool(host='api.binance.com', port=443): Max retries exceeded with url: /api/v3/klines?symbol=ETHUSDC&interval=1h&limit=250 (Caused by NameResolutionError("HTTPSConnection(host='api.binance.com', port=443): Failed to resolve 'api.binance.com' ([Errno -2] Name or service not known)"))
2026-02-12 08:46:59.146 | ERROR    | aivc_trade.strategy.risk:record_api_error:67 - API error streak = 12 → HALT
2026-02-12 08:46:59.147 | DEBUG    | aivc_trade.ops.notifier:send:26 - Notification (disabled): 🚨 Error | API error streak for ETHUSDC: HTTPSConnectionPool(host='api.binance.com', port=443): Max retries exceeded with url: /api/v3/klines?symbol=ETHUSDC&interval=1h&limit=250 (Caused by NameResolutionError("HTTPSConnection(host='api.binance.com', port=443): Failed to resolve 'api.binance.com' ([Errno -2] Name or service not known)"))
2026-02-12 08:46:59.152 | DEBUG    | aivc_trade.ops.persistence:save:29 - State saved → data/position_state.json
2026-02-12 08:52:16.980 | ERROR    | __main__:main:159 - Data fetch error for BTCUSDC: HTTPSConnectionPool(host='api.binance.com', port=443): Max retries exceeded with url: /api/v3/klines?symbol=BTCUSDC&interval=1h&limit=250 (Caused by NameResolutionError("HTTPSConnection(host='api.binance.com', port=443): Failed to resolve 'api.binance.com' ([Errno -2] Name or service not known)"))
2026-02-12 08:52:16.981 | ERROR    | aivc_trade.strategy.risk:record_api_error:67 - API error streak = 13 → HALT
2026-02-12 08:52:16.981 | DEBUG    | aivc_trade.ops.notifier:send:26 - Notification (disabled): 🚨 Error | API error streak for BTCUSDC: HTTPSConnectionPool(host='api.binance.com', port=443): Max retries exceeded with url: /api/v3/klines?symbol=BTCUSDC&interval=1h&limit=250 (Caused by NameResolutionError("HTTPSConnection(host='api.binance.com', port=443): Failed to resolve 'api.binance.com' ([Errno -2] Name or service not known)"))
2026-02-12 08:52:16.981 | ERROR    | __main__:main:159 - Data fetch error for ETHUSDC: HTTPSConnectionPool(host='api.binance.com', port=443): Max retries exceeded with url: /api/v3/klines?symbol=ETHUSDC&interval=1h&limit=250 (Caused by NameResolutionError("HTTPSConnection(host='api.binance.com', port=443): Failed to resolve 'api.binance.com' ([Errno -2] Name or service not known)"))
2026-02-12 08:52:16.982 | ERROR    | aivc_trade.strategy.risk:record_api_error:67 - API error streak = 14 → HALT
2026-02-12 08:52:16.982 | DEBUG    | aivc_trade.ops.notifier:send:26 - Notification (disabled): 🚨 Error | API error streak for ETHUSDC: HTTPSConnectionPool(host='api.binance.com', port=443): Max retries exceeded with url: /api/v3/klines?symbol=ETHUSDC&interval=1h&limit=250 (Caused by NameResolutionError("HTTPSConnection(host='api.binance.com', port=443): Failed to resolve 'api.binance.com' ([Errno -2] Name or service not known)"))
2026-02-12 08:52:16.987 | DEBUG    | aivc_trade.ops.persistence:save:29 - State saved → data/position_state.json
2026-02-12 08:57:34.933 | ERROR    | __main__:main:159 - Data fetch error for BTCUSDC: HTTPSConnectionPool(host='api.binance.com', port=443): Max retries exceeded with url: /api/v3/klines?symbol=BTCUSDC&interval=1h&limit=250 (Caused by NameResolutionError("HTTPSConnection(host='api.binance.com', port=443): Failed to resolve 'api.binance.com' ([Errno -2] Name or service not known)"))
2026-02-12 08:57:34.933 | ERROR    | aivc_trade.strategy.risk:record_api_error:67 - API error streak = 15 → HALT
2026-02-12 08:57:34.933 | DEBUG    | aivc_trade.ops.notifier:send:26 - Notification (disabled): 🚨 Error | API error streak for BTCUSDC: HTTPSConnectionPool(host='api.binance.com', port=443): Max retries exceeded with url: /api/v3/klines?symbol=BTCUSDC&interval=1h&limit=250 (Caused by NameResolutionError("HTTPSConnection(host='api.binance.com', port=443): Failed to resolve 'api.binance.com' ([Errno -2] Name or service not known)"))
2026-02-12 08:57:34.934 | ERROR    | __main__:main:159 - Data fetch error for ETHUSDC: HTTPSConnectionPool(host='api.binance.com', port=443): Max retries exceeded with url: /api/v3/klines?symbol=ETHUSDC&interval=1h&limit=250 (Caused by NameResolutionError("HTTPSConnection(host='api.binance.com', port=443): Failed to resolve 'api.binance.com' ([Errno -2] Name or service not known)"))
2026-02-12 08:57:34.934 | ERROR    | aivc_trade.strategy.risk:record_api_error:67 - API error streak = 16 → HALT
2026-02-12 08:57:34.934 | DEBUG    | aivc_trade.ops.notifier:send:26 - Notification (disabled): 🚨 Error | API error streak for ETHUSDC: HTTPSConnectionPool(host='api.binance.com', port=443): Max retries exceeded with url: /api/v3/klines?symbol=ETHUSDC&interval=1h&limit=250 (Caused by NameResolutionError("HTTPSConnection(host='api.binance.com', port=443): Failed to resolve 'api.binance.com' ([Errno -2] Name or service not known)"))
2026-02-12 08:57:34.939 | DEBUG    | aivc_trade.ops.persistence:save:29 - State saved → data/position_state.json
2026-02-12 09:02:52.759 | ERROR    | __main__:main:159 - Data fetch error for BTCUSDC: HTTPSConnectionPool(host='api.binance.com', port=443): Max retries exceeded with url: /api/v3/klines?symbol=BTCUSDC&interval=1h&limit=250 (Caused by NameResolutionError("HTTPSConnection(host='api.binance.com', port=443): Failed to resolve 'api.binance.com' ([Errno -2] Name or service not known)"))
2026-02-12 09:02:52.759 | ERROR    | aivc_trade.strategy.risk:record_api_error:67 - API error streak = 17 → HALT
2026-02-12 09:02:52.760 | DEBUG    | aivc_trade.ops.notifier:send:26 - Notification (disabled): 🚨 Error | API error streak for BTCUSDC: HTTPSConnectionPool(host='api.binance.com', port=443): Max retries exceeded with url: /api/v3/klines?symbol=BTCUSDC&interval=1h&limit=250 (Caused by NameResolutionError("HTTPSConnection(host='api.binance.com', port=443): Failed to resolve 'api.binance.com' ([Errno -2] Name or service not known)"))
2026-02-12 09:02:52.760 | ERROR    | __main__:main:159 - Data fetch error for ETHUSDC: HTTPSConnectionPool(host='api.binance.com', port=443): Max retries exceeded with url: /api/v3/klines?symbol=ETHUSDC&interval=1h&limit=250 (Caused by NameResolutionError("HTTPSConnection(host='api.binance.com', port=443): Failed to resolve 'api.binance.com' ([Errno -2] Name or service not known)"))
2026-02-12 09:02:52.760 | ERROR    | aivc_trade.strategy.risk:record_api_error:67 - API error streak = 18 → HALT
2026-02-12 09:02:52.761 | DEBUG    | aivc_trade.ops.notifier:send:26 - Notification (disabled): 🚨 Error | API error streak for ETHUSDC: HTTPSConnectionPool(host='api.binance.com', port=443): Max retries exceeded with url: /api/v3/klines?symbol=ETHUSDC&interval=1h&limit=250 (Caused by NameResolutionError("HTTPSConnection(host='api.binance.com', port=443): Failed to resolve 'api.binance.com' ([Errno -2] Name or service not known)"))
2026-02-12 09:02:52.765 | DEBUG    | aivc_trade.ops.persistence:save:29 - State saved → data/position_state.json
2026-02-12 09:08:10.603 | ERROR    | __main__:main:159 - Data fetch error for BTCUSDC: HTTPSConnectionPool(host='api.binance.com', port=443): Max retries exceeded with url: /api/v3/klines?symbol=BTCUSDC&interval=1h&limit=250 (Caused by NameResolutionError("HTTPSConnection(host='api.binance.com', port=443): Failed to resolve 'api.binance.com' ([Errno -2] Name or service not known)"))
2026-02-12 09:08:10.604 | ERROR    | aivc_trade.strategy.risk:record_api_error:67 - API error streak = 19 → HALT
2026-02-12 09:08:10.604 | DEBUG    | aivc_trade.ops.notifier:send:26 - Notification (disabled): 🚨 Error | API error streak for BTCUSDC: HTTPSConnectionPool(host='api.binance.com', port=443): Max retries exceeded with url: /api/v3/klines?symbol=BTCUSDC&interval=1h&limit=250 (Caused by NameResolutionError("HTTPSConnection(host='api.binance.com', port=443): Failed to resolve 'api.binance.com' ([Errno -2] Name or service not known)"))
2026-02-12 09:08:10.605 | ERROR    | __main__:main:159 - Data fetch error for ETHUSDC: HTTPSConnectionPool(host='api.binance.com', port=443): Max retries exceeded with url: /api/v3/klines?symbol=ETHUSDC&interval=1h&limit=250 (Caused by NameResolutionError("HTTPSConnection(host='api.binance.com', port=443): Failed to resolve 'api.binance.com' ([Errno -2] Name or service not known)"))
2026-02-12 09:08:10.605 | ERROR    | aivc_trade.strategy.risk:record_api_error:67 - API error streak = 20 → HALT
2026-02-12 09:08:10.605 | DEBUG    | aivc_trade.ops.notifier:send:26 - Notification (disabled): 🚨 Error | API error streak for ETHUSDC: HTTPSConnectionPool(host='api.binance.com', port=443): Max retries exceeded with url: /api/v3/klines?symbol=ETHUSDC&interval=1h&limit=250 (Caused by NameResolutionError("HTTPSConnection(host='api.binance.com', port=443): Failed to resolve 'api.binance.com' ([Errno -2] Name or service not known)"))
2026-02-12 09:08:10.610 | DEBUG    | aivc_trade.ops.persistence:save:29 - State saved → data/position_state.json
2026-02-12 09:13:28.479 | ERROR    | __main__:main:159 - Data fetch error for BTCUSDC: HTTPSConnectionPool(host='api.binance.com', port=443): Max retries exceeded with url: /api/v3/klines?symbol=BTCUSDC&interval=1h&limit=250 (Caused by NameResolutionError("HTTPSConnection(host='api.binance.com', port=443): Failed to resolve 'api.binance.com' ([Errno -2] Name or service not known)"))
2026-02-12 09:13:28.479 | ERROR    | aivc_trade.strategy.risk:record_api_error:67 - API error streak = 21 → HALT
2026-02-12 09:13:28.480 | DEBUG    | aivc_trade.ops.notifier:send:26 - Notification (disabled): 🚨 Error | API error streak for BTCUSDC: HTTPSConnectionPool(host='api.binance.com', port=443): Max retries exceeded with url: /api/v3/klines?symbol=BTCUSDC&interval=1h&limit=250 (Caused by NameResolutionError("HTTPSConnection(host='api.binance.com', port=443): Failed to resolve 'api.binance.com' ([Errno -2] Name or service not known)"))
2026-02-12 09:13:28.480 | ERROR    | __main__:main:159 - Data fetch error for ETHUSDC: HTTPSConnectionPool(host='api.binance.com', port=443): Max retries exceeded with url: /api/v3/klines?symbol=ETHUSDC&interval=1h&limit=250 (Caused by NameResolutionError("HTTPSConnection(host='api.binance.com', port=443): Failed to resolve 'api.binance.com' ([Errno -2] Name or service not known)"))
2026-02-12 09:13:28.480 | ERROR    | aivc_trade.strategy.risk:record_api_error:67 - API error streak = 22 → HALT
2026-02-12 09:13:28.481 | DEBUG    | aivc_trade.ops.notifier:send:26 - Notification (disabled): 🚨 Error | API error streak for ETHUSDC: HTTPSConnectionPool(host='api.binance.com', port=443): Max retries exceeded with url: /api/v3/klines?symbol=ETHUSDC&interval=1h&limit=250 (Caused by NameResolutionError("HTTPSConnection(host='api.binance.com', port=443): Failed to resolve 'api.binance.com' ([Errno -2] Name or service not known)"))
2026-02-12 09:13:28.485 | DEBUG    | aivc_trade.ops.persistence:save:29 - State saved → data/position_state.json
2026-02-12 09:18:46.496 | ERROR    | __main__:main:159 - Data fetch error for BTCUSDC: HTTPSConnectionPool(host='api.binance.com', port=443): Max retries exceeded with url: /api/v3/klines?symbol=BTCUSDC&interval=1h&limit=250 (Caused by NameResolutionError("HTTPSConnection(host='api.binance.com', port=443): Failed to resolve 'api.binance.com' ([Errno -2] Name or service not known)"))
2026-02-12 09:18:46.497 | ERROR    | aivc_trade.strategy.risk:record_api_error:67 - API error streak = 23 → HALT
2026-02-12 09:18:46.497 | DEBUG    | aivc_trade.ops.notifier:send:26 - Notification (disabled): 🚨 Error | API error streak for BTCUSDC: HTTPSConnectionPool(host='api.binance.com', port=443): Max retries exceeded with url: /api/v3/klines?symbol=BTCUSDC&interval=1h&limit=250 (Caused by NameResolutionError("HTTPSConnection(host='api.binance.com', port=443): Failed to resolve 'api.binance.com' ([Errno -2] Name or service not known)"))
2026-02-12 09:18:46.497 | ERROR    | __main__:main:159 - Data fetch error for ETHUSDC: HTTPSConnectionPool(host='api.binance.com', port=443): Max retries exceeded with url: /api/v3/klines?symbol=ETHUSDC&interval=1h&limit=250 (Caused by NameResolutionError("HTTPSConnection(host='api.binance.com', port=443): Failed to resolve 'api.binance.com' ([Errno -2] Name or service not known)"))
2026-02-12 09:18:46.498 | ERROR    | aivc_trade.strategy.risk:record_api_error:67 - API error streak = 24 → HALT
2026-02-12 09:18:46.498 | DEBUG    | aivc_trade.ops.notifier:send:26 - Notification (disabled): 🚨 Error | API error streak for ETHUSDC: HTTPSConnectionPool(host='api.binance.com', port=443): Max retries exceeded with url: /api/v3/klines?symbol=ETHUSDC&interval=1h&limit=250 (Caused by NameResolutionError("HTTPSConnection(host='api.binance.com', port=443): Failed to resolve 'api.binance.com' ([Errno -2] Name or service not known)"))
2026-02-12 09:18:46.503 | DEBUG    | aivc_trade.ops.persistence:save:29 - State saved → data/position_state.json
2026-02-12 09:24:04.521 | ERROR    | __main__:main:159 - Data fetch error for BTCUSDC: HTTPSConnectionPool(host='api.binance.com', port=443): Max retries exceeded with url: /api/v3/klines?symbol=BTCUSDC&interval=1h&limit=250 (Caused by NameResolutionError("HTTPSConnection(host='api.binance.com', port=443): Failed to resolve 'api.binance.com' ([Errno -2] Name or service not known)"))
2026-02-12 09:24:04.522 | ERROR    | aivc_trade.strategy.risk:record_api_error:67 - API error streak = 25 → HALT
2026-02-12 09:24:04.522 | DEBUG    | aivc_trade.ops.notifier:send:26 - Notification (disabled): 🚨 Error | API error streak for BTCUSDC: HTTPSConnectionPool(host='api.binance.com', port=443): Max retries exceeded with url: /api/v3/klines?symbol=BTCUSDC&interval=1h&limit=250 (Caused by NameResolutionError("HTTPSConnection(host='api.binance.com', port=443): Failed to resolve 'api.binance.com' ([Errno -2] Name or service not known)"))
2026-02-12 09:24:04.523 | ERROR    | __main__:main:159 - Data fetch error for ETHUSDC: HTTPSConnectionPool(host='api.binance.com', port=443): Max retries exceeded with url: /api/v3/klines?symbol=ETHUSDC&interval=1h&limit=250 (Caused by NameResolutionError("HTTPSConnection(host='api.binance.com', port=443): Failed to resolve 'api.binance.com' ([Errno -2] Name or service not known)"))
2026-02-12 09:24:04.523 | ERROR    | aivc_trade.strategy.risk:record_api_error:67 - API error streak = 26 → HALT
2026-02-12 09:24:04.523 | DEBUG    | aivc_trade.ops.notifier:send:26 - Notification (disabled): 🚨 Error | API error streak for ETHUSDC: HTTPSConnectionPool(host='api.binance.com', port=443): Max retries exceeded with url: /api/v3/klines?symbol=ETHUSDC&interval=1h&limit=250 (Caused by NameResolutionError("HTTPSConnection(host='api.binance.com', port=443): Failed to resolve 'api.binance.com' ([Errno -2] Name or service not known)"))
2026-02-12 09:24:04.528 | DEBUG    | aivc_trade.ops.persistence:save:29 - State saved → data/position_state.json
2026-02-12 09:29:22.683 | ERROR    | __main__:main:159 - Data fetch error for BTCUSDC: HTTPSConnectionPool(host='api.binance.com', port=443): Max retries exceeded with url: /api/v3/klines?symbol=BTCUSDC&interval=1h&limit=250 (Caused by NameResolutionError("HTTPSConnection(host='api.binance.com', port=443): Failed to resolve 'api.binance.com' ([Errno -2] Name or service not known)"))
2026-02-12 09:29:22.683 | ERROR    | aivc_trade.strategy.risk:record_api_error:67 - API error streak = 27 → HALT
2026-02-12 09:29:22.683 | DEBUG    | aivc_trade.ops.notifier:send:26 - Notification (disabled): 🚨 Error | API error streak for BTCUSDC: HTTPSConnectionPool(host='api.binance.com', port=443): Max retries exceeded with url: /api/v3/klines?symbol=BTCUSDC&interval=1h&limit=250 (Caused by NameResolutionError("HTTPSConnection(host='api.binance.com', port=443): Failed to resolve 'api.binance.com' ([Errno -2] Name or service not known)"))
2026-02-12 09:29:22.684 | ERROR    | __main__:main:159 - Data fetch error for ETHUSDC: HTTPSConnectionPool(host='api.binance.com', port=443): Max retries exceeded with url: /api/v3/klines?symbol=ETHUSDC&interval=1h&limit=250 (Caused by NameResolutionError("HTTPSConnection(host='api.binance.com', port=443): Failed to resolve 'api.binance.com' ([Errno -2] Name or service not known)"))
2026-02-12 09:29:22.684 | ERROR    | aivc_trade.strategy.risk:record_api_error:67 - API error streak = 28 → HALT
2026-02-12 09:29:22.684 | DEBUG    | aivc_trade.ops.notifier:send:26 - Notification (disabled): 🚨 Error | API error streak for ETHUSDC: HTTPSConnectionPool(host='api.binance.com', port=443): Max retries exceeded with url: /api/v3/klines?symbol=ETHUSDC&interval=1h&limit=250 (Caused by NameResolutionError("HTTPSConnection(host='api.binance.com', port=443): Failed to resolve 'api.binance.com' ([Errno -2] Name or service not known)"))
2026-02-12 09:29:22.689 | DEBUG    | aivc_trade.ops.persistence:save:29 - State saved → data/position_state.json
2026-02-12 09:34:41.051 | ERROR    | __main__:main:159 - Data fetch error for BTCUSDC: HTTPSConnectionPool(host='api.binance.com', port=443): Max retries exceeded with url: /api/v3/klines?symbol=BTCUSDC&interval=1h&limit=250 (Caused by NameResolutionError("HTTPSConnection(host='api.binance.com', port=443): Failed to resolve 'api.binance.com' ([Errno -2] Name or service not known)"))
2026-02-12 09:34:41.051 | ERROR    | aivc_trade.strategy.risk:record_api_error:67 - API error streak = 29 → HALT
2026-02-12 09:34:41.052 | DEBUG    | aivc_trade.ops.notifier:send:26 - Notification (disabled): 🚨 Error | API error streak for BTCUSDC: HTTPSConnectionPool(host='api.binance.com', port=443): Max retries exceeded with url: /api/v3/klines?symbol=BTCUSDC&interval=1h&limit=250 (Caused by NameResolutionError("HTTPSConnection(host='api.binance.com', port=443): Failed to resolve 'api.binance.com' ([Errno -2] Name or service not known)"))
2026-02-12 09:34:41.052 | ERROR    | __main__:main:159 - Data fetch error for ETHUSDC: HTTPSConnectionPool(host='api.binance.com', port=443): Max retries exceeded with url: /api/v3/klines?symbol=ETHUSDC&interval=1h&limit=250 (Caused by NameResolutionError("HTTPSConnection(host='api.binance.com', port=443): Failed to resolve 'api.binance.com' ([Errno -2] Name or service not known)"))
2026-02-12 09:34:41.053 | ERROR    | aivc_trade.strategy.risk:record_api_error:67 - API error streak = 30 → HALT
2026-02-12 09:34:41.053 | DEBUG    | aivc_trade.ops.notifier:send:26 - Notification (disabled): 🚨 Error | API error streak for ETHUSDC: HTTPSConnectionPool(host='api.binance.com', port=443): Max retries exceeded with url: /api/v3/klines?symbol=ETHUSDC&interval=1h&limit=250 (Caused by NameResolutionError("HTTPSConnection(host='api.binance.com', port=443): Failed to resolve 'api.binance.com' ([Errno -2] Name or service not known)"))
2026-02-12 09:34:41.058 | DEBUG    | aivc_trade.ops.persistence:save:29 - State saved → data/position_state.json
2026-02-12 09:39:59.338 | ERROR    | __main__:main:159 - Data fetch error for BTCUSDC: HTTPSConnectionPool(host='api.binance.com', port=443): Max retries exceeded with url: /api/v3/klines?symbol=BTCUSDC&interval=1h&limit=250 (Caused by NameResolutionError("HTTPSConnection(host='api.binance.com', port=443): Failed to resolve 'api.binance.com' ([Errno -2] Name or service not known)"))
2026-02-12 09:39:59.338 | ERROR    | aivc_trade.strategy.risk:record_api_error:67 - API error streak = 31 → HALT
2026-02-12 09:39:59.338 | DEBUG    | aivc_trade.ops.notifier:send:26 - Notification (disabled): 🚨 Error | API error streak for BTCUSDC: HTTPSConnectionPool(host='api.binance.com', port=443): Max retries exceeded with url: /api/v3/klines?symbol=BTCUSDC&interval=1h&limit=250 (Caused by NameResolutionError("HTTPSConnection(host='api.binance.com', port=443): Failed to resolve 'api.binance.com' ([Errno -2] Name or service not known)"))
2026-02-12 09:39:59.339 | ERROR    | __main__:main:159 - Data fetch error for ETHUSDC: HTTPSConnectionPool(host='api.binance.com', port=443): Max retries exceeded with url: /api/v3/klines?symbol=ETHUSDC&interval=1h&limit=250 (Caused by NameResolutionError("HTTPSConnection(host='api.binance.com', port=443): Failed to resolve 'api.binance.com' ([Errno -2] Name or service not known)"))
2026-02-12 09:39:59.339 | ERROR    | aivc_trade.strategy.risk:record_api_error:67 - API error streak = 32 → HALT
2026-02-12 09:39:59.339 | DEBUG    | aivc_trade.ops.notifier:send:26 - Notification (disabled): 🚨 Error | API error streak for ETHUSDC: HTTPSConnectionPool(host='api.binance.com', port=443): Max retries exceeded with url: /api/v3/klines?symbol=ETHUSDC&interval=1h&limit=250 (Caused by NameResolutionError("HTTPSConnection(host='api.binance.com', port=443): Failed to resolve 'api.binance.com' ([Errno -2] Name or service not known)"))
2026-02-12 09:39:59.352 | DEBUG    | aivc_trade.ops.persistence:save:29 - State saved → data/position_state.json
2026-02-12 09:45:17.677 | ERROR    | __main__:main:159 - Data fetch error for BTCUSDC: HTTPSConnectionPool(host='api.binance.com', port=443): Max retries exceeded with url: /api/v3/klines?symbol=BTCUSDC&interval=1h&limit=250 (Caused by NameResolutionError("HTTPSConnection(host='api.binance.com', port=443): Failed to resolve 'api.binance.com' ([Errno -2] Name or service not known)"))
2026-02-12 09:45:17.677 | ERROR    | aivc_trade.strategy.risk:record_api_error:67 - API error streak = 33 → HALT
2026-02-12 09:45:17.678 | DEBUG    | aivc_trade.ops.notifier:send:26 - Notification (disabled): 🚨 Error | API error streak for BTCUSDC: HTTPSConnectionPool(host='api.binance.com', port=443): Max retries exceeded with url: /api/v3/klines?symbol=BTCUSDC&interval=1h&limit=250 (Caused by NameResolutionError("HTTPSConnection(host='api.binance.com', port=443): Failed to resolve 'api.binance.com' ([Errno -2] Name or service not known)"))
2026-02-12 09:45:17.678 | ERROR    | __main__:main:159 - Data fetch error for ETHUSDC: HTTPSConnectionPool(host='api.binance.com', port=443): Max retries exceeded with url: /api/v3/klines?symbol=ETHUSDC&interval=1h&limit=250 (Caused by NameResolutionError("HTTPSConnection(host='api.binance.com', port=443): Failed to resolve 'api.binance.com' ([Errno -2] Name or service not known)"))
2026-02-12 09:45:17.678 | ERROR    | aivc_trade.strategy.risk:record_api_error:67 - API error streak = 34 → HALT
2026-02-12 09:45:17.679 | DEBUG    | aivc_trade.ops.notifier:send:26 - Notification (disabled): 🚨 Error | API error streak for ETHUSDC: HTTPSConnectionPool(host='api.binance.com', port=443): Max retries exceeded with url: /api/v3/klines?symbol=ETHUSDC&interval=1h&limit=250 (Caused by NameResolutionError("HTTPSConnection(host='api.binance.com', port=443): Failed to resolve 'api.binance.com' ([Errno -2] Name or service not known)"))
2026-02-12 09:45:17.683 | DEBUG    | aivc_trade.ops.persistence:save:29 - State saved → data/position_state.json
2026-02-12 09:50:35.985 | ERROR    | __main__:main:159 - Data fetch error for BTCUSDC: HTTPSConnectionPool(host='api.binance.com', port=443): Max retries exceeded with url: /api/v3/klines?symbol=BTCUSDC&interval=1h&limit=250 (Caused by NameResolutionError("HTTPSConnection(host='api.binance.com', port=443): Failed to resolve 'api.binance.com' ([Errno -2] Name or service not known)"))
2026-02-12 09:50:35.986 | ERROR    | aivc_trade.strategy.risk:record_api_error:67 - API error streak = 35 → HALT
2026-02-12 09:50:35.986 | DEBUG    | aivc_trade.ops.notifier:send:26 - Notification (disabled): 🚨 Error | API error streak for BTCUSDC: HTTPSConnectionPool(host='api.binance.com', port=443): Max retries exceeded with url: /api/v3/klines?symbol=BTCUSDC&interval=1h&limit=250 (Caused by NameResolutionError("HTTPSConnection(host='api.binance.com', port=443): Failed to resolve 'api.binance.com' ([Errno -2] Name or service not known)"))
2026-02-12 09:50:35.986 | ERROR    | __main__:main:159 - Data fetch error for ETHUSDC: HTTPSConnectionPool(host='api.binance.com', port=443): Max retries exceeded with url: /api/v3/klines?symbol=ETHUSDC&interval=1h&limit=250 (Caused by NameResolutionError("HTTPSConnection(host='api.binance.com', port=443): Failed to resolve 'api.binance.com' ([Errno -2] Name or service not known)"))
2026-02-12 09:50:35.987 | ERROR    | aivc_trade.strategy.risk:record_api_error:67 - API error streak = 36 → HALT
2026-02-12 09:50:35.987 | DEBUG    | aivc_trade.ops.notifier:send:26 - Notification (disabled): 🚨 Error | API error streak for ETHUSDC: HTTPSConnectionPool(host='api.binance.com', port=443): Max retries exceeded with url: /api/v3/klines?symbol=ETHUSDC&interval=1h&limit=250 (Caused by NameResolutionError("HTTPSConnection(host='api.binance.com', port=443): Failed to resolve 'api.binance.com' ([Errno -2] Name or service not known)"))
2026-02-12 09:50:35.992 | DEBUG    | aivc_trade.ops.persistence:save:29 - State saved → data/position_state.json
2026-02-12 09:55:54.208 | ERROR    | __main__:main:159 - Data fetch error for BTCUSDC: HTTPSConnectionPool(host='api.binance.com', port=443): Max retries exceeded with url: /api/v3/klines?symbol=BTCUSDC&interval=1h&limit=250 (Caused by NameResolutionError("HTTPSConnection(host='api.binance.com', port=443): Failed to resolve 'api.binance.com' ([Errno -2] Name or service not known)"))
2026-02-12 09:55:54.208 | ERROR    | aivc_trade.strategy.risk:record_api_error:67 - API error streak = 37 → HALT
2026-02-12 09:55:54.209 | DEBUG    | aivc_trade.ops.notifier:send:26 - Notification (disabled): 🚨 Error | API error streak for BTCUSDC: HTTPSConnectionPool(host='api.binance.com', port=443): Max retries exceeded with url: /api/v3/klines?symbol=BTCUSDC&interval=1h&limit=250 (Caused by NameResolutionError("HTTPSConnection(host='api.binance.com', port=443): Failed to resolve 'api.binance.com' ([Errno -2] Name or service not known)"))
2026-02-12 09:55:54.209 | ERROR    | __main__:main:159 - Data fetch error for ETHUSDC: HTTPSConnectionPool(host='api.binance.com', port=443): Max retries exceeded with url: /api/v3/klines?symbol=ETHUSDC&interval=1h&limit=250 (Caused by NameResolutionError("HTTPSConnection(host='api.binance.com', port=443): Failed to resolve 'api.binance.com' ([Errno -2] Name or service not known)"))
2026-02-12 09:55:54.209 | ERROR    | aivc_trade.strategy.risk:record_api_error:67 - API error streak = 38 → HALT
2026-02-12 09:55:54.210 | DEBUG    | aivc_trade.ops.notifier:send:26 - Notification (disabled): 🚨 Error | API error streak for ETHUSDC: HTTPSConnectionPool(host='api.binance.com', port=443): Max retries exceeded with url: /api/v3/klines?symbol=ETHUSDC&interval=1h&limit=250 (Caused by NameResolutionError("HTTPSConnection(host='api.binance.com', port=443): Failed to resolve 'api.binance.com' ([Errno -2] Name or service not known)"))
2026-02-12 09:55:54.214 | DEBUG    | aivc_trade.ops.persistence:save:29 - State saved → data/position_state.json
2026-02-12 10:01:12.580 | ERROR    | __main__:main:159 - Data fetch error for BTCUSDC: HTTPSConnectionPool(host='api.binance.com', port=443): Max retries exceeded with url: /api/v3/klines?symbol=BTCUSDC&interval=1h&limit=250 (Caused by NameResolutionError("HTTPSConnection(host='api.binance.com', port=443): Failed to resolve 'api.binance.com' ([Errno -2] Name or service not known)"))
2026-02-12 10:01:12.580 | ERROR    | aivc_trade.strategy.risk:record_api_error:67 - API error streak = 39 → HALT
2026-02-12 10:01:12.580 | DEBUG    | aivc_trade.ops.notifier:send:26 - Notification (disabled): 🚨 Error | API error streak for BTCUSDC: HTTPSConnectionPool(host='api.binance.com', port=443): Max retries exceeded with url: /api/v3/klines?symbol=BTCUSDC&interval=1h&limit=250 (Caused by NameResolutionError("HTTPSConnection(host='api.binance.com', port=443): Failed to resolve 'api.binance.com' ([Errno -2] Name or service not known)"))
2026-02-12 10:01:12.581 | ERROR    | __main__:main:159 - Data fetch error for ETHUSDC: HTTPSConnectionPool(host='api.binance.com', port=443): Max retries exceeded with url: /api/v3/klines?symbol=ETHUSDC&interval=1h&limit=250 (Caused by NameResolutionError("HTTPSConnection(host='api.binance.com', port=443): Failed to resolve 'api.binance.com' ([Errno -2] Name or service not known)"))
2026-02-12 10:01:12.581 | ERROR    | aivc_trade.strategy.risk:record_api_error:67 - API error streak = 40 → HALT
2026-02-12 10:01:12.581 | DEBUG    | aivc_trade.ops.notifier:send:26 - Notification (disabled): 🚨 Error | API error streak for ETHUSDC: HTTPSConnectionPool(host='api.binance.com', port=443): Max retries exceeded with url: /api/v3/klines?symbol=ETHUSDC&interval=1h&limit=250 (Caused by NameResolutionError("HTTPSConnection(host='api.binance.com', port=443): Failed to resolve 'api.binance.com' ([Errno -2] Name or service not known)"))
2026-02-12 10:01:12.586 | DEBUG    | aivc_trade.ops.persistence:save:29 - State saved → data/position_state.json
2026-02-12 10:06:30.880 | ERROR    | __main__:main:159 - Data fetch error for BTCUSDC: HTTPSConnectionPool(host='api.binance.com', port=443): Max retries exceeded with url: /api/v3/klines?symbol=BTCUSDC&interval=1h&limit=250 (Caused by NameResolutionError("HTTPSConnection(host='api.binance.com', port=443): Failed to resolve 'api.binance.com' ([Errno -2] Name or service not known)"))
2026-02-12 10:06:30.881 | ERROR    | aivc_trade.strategy.risk:record_api_error:67 - API error streak = 41 → HALT
2026-02-12 10:06:30.882 | DEBUG    | aivc_trade.ops.notifier:send:26 - Notification (disabled): 🚨 Error | API error streak for BTCUSDC: HTTPSConnectionPool(host='api.binance.com', port=443): Max retries exceeded with url: /api/v3/klines?symbol=BTCUSDC&interval=1h&limit=250 (Caused by NameResolutionError("HTTPSConnection(host='api.binance.com', port=443): Failed to resolve 'api.binance.com' ([Errno -2] Name or service not known)"))
2026-02-12 10:06:30.882 | ERROR    | __main__:main:159 - Data fetch error for ETHUSDC: HTTPSConnectionPool(host='api.binance.com', port=443): Max retries exceeded with url: /api/v3/klines?symbol=ETHUSDC&interval=1h&limit=250 (Caused by NameResolutionError("HTTPSConnection(host='api.binance.com', port=443): Failed to resolve 'api.binance.com' ([Errno -2] Name or service not known)"))
2026-02-12 10:06:30.883 | ERROR    | aivc_trade.strategy.risk:record_api_error:67 - API error streak = 42 → HALT
2026-02-12 10:06:30.883 | DEBUG    | aivc_trade.ops.notifier:send:26 - Notification (disabled): 🚨 Error | API error streak for ETHUSDC: HTTPSConnectionPool(host='api.binance.com', port=443): Max retries exceeded with url: /api/v3/klines?symbol=ETHUSDC&interval=1h&limit=250 (Caused by NameResolutionError("HTTPSConnection(host='api.binance.com', port=443): Failed to resolve 'api.binance.com' ([Errno -2] Name or service not known)"))
2026-02-12 10:06:30.888 | DEBUG    | aivc_trade.ops.persistence:save:29 - State saved → data/position_state.json
2026-02-12 10:11:49.205 | ERROR    | __main__:main:159 - Data fetch error for BTCUSDC: HTTPSConnectionPool(host='api.binance.com', port=443): Max retries exceeded with url: /api/v3/klines?symbol=BTCUSDC&interval=1h&limit=250 (Caused by NameResolutionError("HTTPSConnection(host='api.binance.com', port=443): Failed to resolve 'api.binance.com' ([Errno -2] Name or service not known)"))
2026-02-12 10:11:49.205 | ERROR    | aivc_trade.strategy.risk:record_api_error:67 - API error streak = 43 → HALT
2026-02-12 10:11:49.206 | DEBUG    | aivc_trade.ops.notifier:send:26 - Notification (disabled): 🚨 Error | API error streak for BTCUSDC: HTTPSConnectionPool(host='api.binance.com', port=443): Max retries exceeded with url: /api/v3/klines?symbol=BTCUSDC&interval=1h&limit=250 (Caused by NameResolutionError("HTTPSConnection(host='api.binance.com', port=443): Failed to resolve 'api.binance.com' ([Errno -2] Name or service not known)"))
2026-02-12 10:11:49.206 | ERROR    | __main__:main:159 - Data fetch error for ETHUSDC: HTTPSConnectionPool(host='api.binance.com', port=443): Max retries exceeded with url: /api/v3/klines?symbol=ETHUSDC&interval=1h&limit=250 (Caused by NameResolutionError("HTTPSConnection(host='api.binance.com', port=443): Failed to resolve 'api.binance.com' ([Errno -2] Name or service not known)"))
2026-02-12 10:11:49.206 | ERROR    | aivc_trade.strategy.risk:record_api_error:67 - API error streak = 44 → HALT
2026-02-12 10:11:49.207 | DEBUG    | aivc_trade.ops.notifier:send:26 - Notification (disabled): 🚨 Error | API error streak for ETHUSDC: HTTPSConnectionPool(host='api.binance.com', port=443): Max retries exceeded with url: /api/v3/klines?symbol=ETHUSDC&interval=1h&limit=250 (Caused by NameResolutionError("HTTPSConnection(host='api.binance.com', port=443): Failed to resolve 'api.binance.com' ([Errno -2] Name or service not known)"))
2026-02-12 10:11:49.211 | DEBUG    | aivc_trade.ops.persistence:save:29 - State saved → data/position_state.json
2026-02-12 10:17:07.675 | ERROR    | __main__:main:159 - Data fetch error for BTCUSDC: HTTPSConnectionPool(host='api.binance.com', port=443): Max retries exceeded with url: /api/v3/klines?symbol=BTCUSDC&interval=1h&limit=250 (Caused by NameResolutionError("HTTPSConnection(host='api.binance.com', port=443): Failed to resolve 'api.binance.com' ([Errno -2] Name or service not known)"))
2026-02-12 10:17:07.675 | ERROR    | aivc_trade.strategy.risk:record_api_error:67 - API error streak = 45 → HALT
2026-02-12 10:17:07.675 | DEBUG    | aivc_trade.ops.notifier:send:26 - Notification (disabled): 🚨 Error | API error streak for BTCUSDC: HTTPSConnectionPool(host='api.binance.com', port=443): Max retries exceeded with url: /api/v3/klines?symbol=BTCUSDC&interval=1h&limit=250 (Caused by NameResolutionError("HTTPSConnection(host='api.binance.com', port=443): Failed to resolve 'api.binance.com' ([Errno -2] Name or service not known)"))
2026-02-12 10:17:07.676 | ERROR    | __main__:main:159 - Data fetch error for ETHUSDC: HTTPSConnectionPool(host='api.binance.com', port=443): Max retries exceeded with url: /api/v3/klines?symbol=ETHUSDC&interval=1h&limit=250 (Caused by NameResolutionError("HTTPSConnection(host='api.binance.com', port=443): Failed to resolve 'api.binance.com' ([Errno -2] Name or service not known)"))
2026-02-12 10:17:07.676 | ERROR    | aivc_trade.strategy.risk:record_api_error:67 - API error streak = 46 → HALT
2026-02-12 10:17:07.676 | DEBUG    | aivc_trade.ops.notifier:send:26 - Notification (disabled): 🚨 Error | API error streak for ETHUSDC: HTTPSConnectionPool(host='api.binance.com', port=443): Max retries exceeded with url: /api/v3/klines?symbol=ETHUSDC&interval=1h&limit=250 (Caused by NameResolutionError("HTTPSConnection(host='api.binance.com', port=443): Failed to resolve 'api.binance.com' ([Errno -2] Name or service not known)"))
2026-02-12 10:17:07.681 | DEBUG    | aivc_trade.ops.persistence:save:29 - State saved → data/position_state.json
2026-02-12 10:22:26.150 | ERROR    | __main__:main:159 - Data fetch error for BTCUSDC: HTTPSConnectionPool(host='api.binance.com', port=443): Max retries exceeded with url: /api/v3/klines?symbol=BTCUSDC&interval=1h&limit=250 (Caused by NameResolutionError("HTTPSConnection(host='api.binance.com', port=443): Failed to resolve 'api.binance.com' ([Errno -2] Name or service not known)"))
2026-02-12 10:22:26.151 | ERROR    | aivc_trade.strategy.risk:record_api_error:67 - API error streak = 47 → HALT
2026-02-12 10:22:26.151 | DEBUG    | aivc_trade.ops.notifier:send:26 - Notification (disabled): 🚨 Error | API error streak for BTCUSDC: HTTPSConnectionPool(host='api.binance.com', port=443): Max retries exceeded with url: /api/v3/klines?symbol=BTCUSDC&interval=1h&limit=250 (Caused by NameResolutionError("HTTPSConnection(host='api.binance.com', port=443): Failed to resolve 'api.binance.com' ([Errno -2] Name or service not known)"))
2026-02-12 10:22:26.152 | ERROR    | __main__:main:159 - Data fetch error for ETHUSDC: HTTPSConnectionPool(host='api.binance.com', port=443): Max retries exceeded with url: /api/v3/klines?symbol=ETHUSDC&interval=1h&limit=250 (Caused by NameResolutionError("HTTPSConnection(host='api.binance.com', port=443): Failed to resolve 'api.binance.com' ([Errno -2] Name or service not known)"))
2026-02-12 10:22:26.152 | ERROR    | aivc_trade.strategy.risk:record_api_error:67 - API error streak = 48 → HALT
2026-02-12 10:22:26.152 | DEBUG    | aivc_trade.ops.notifier:send:26 - Notification (disabled): 🚨 Error | API error streak for ETHUSDC: HTTPSConnectionPool(host='api.binance.com', port=443): Max retries exceeded with url: /api/v3/klines?symbol=ETHUSDC&interval=1h&limit=250 (Caused by NameResolutionError("HTTPSConnection(host='api.binance.com', port=443): Failed to resolve 'api.binance.com' ([Errno -2] Name or service not known)"))
2026-02-12 10:22:26.157 | DEBUG    | aivc_trade.ops.persistence:save:29 - State saved → data/position_state.json
2026-02-12 10:27:44.691 | ERROR    | __main__:main:159 - Data fetch error for BTCUSDC: HTTPSConnectionPool(host='api.binance.com', port=443): Max retries exceeded with url: /api/v3/klines?symbol=BTCUSDC&interval=1h&limit=250 (Caused by NameResolutionError("HTTPSConnection(host='api.binance.com', port=443): Failed to resolve 'api.binance.com' ([Errno -2] Name or service not known)"))
2026-02-12 10:27:44.692 | ERROR    | aivc_trade.strategy.risk:record_api_error:67 - API error streak = 49 → HALT
2026-02-12 10:27:44.692 | DEBUG    | aivc_trade.ops.notifier:send:26 - Notification (disabled): 🚨 Error | API error streak for BTCUSDC: HTTPSConnectionPool(host='api.binance.com', port=443): Max retries exceeded with url: /api/v3/klines?symbol=BTCUSDC&interval=1h&limit=250 (Caused by NameResolutionError("HTTPSConnection(host='api.binance.com', port=443): Failed to resolve 'api.binance.com' ([Errno -2] Name or service not known)"))
2026-02-12 10:27:44.692 | ERROR    | __main__:main:159 - Data fetch error for ETHUSDC: HTTPSConnectionPool(host='api.binance.com', port=443): Max retries exceeded with url: /api/v3/klines?symbol=ETHUSDC&interval=1h&limit=250 (Caused by NameResolutionError("HTTPSConnection(host='api.binance.com', port=443): Failed to resolve 'api.binance.com' ([Errno -2] Name or service not known)"))
2026-02-12 10:27:44.693 | ERROR    | aivc_trade.strategy.risk:record_api_error:67 - API error streak = 50 → HALT
2026-02-12 10:27:44.693 | DEBUG    | aivc_trade.ops.notifier:send:26 - Notification (disabled): 🚨 Error | API error streak for ETHUSDC: HTTPSConnectionPool(host='api.binance.com', port=443): Max retries exceeded with url: /api/v3/klines?symbol=ETHUSDC&interval=1h&limit=250 (Caused by NameResolutionError("HTTPSConnection(host='api.binance.com', port=443): Failed to resolve 'api.binance.com' ([Errno -2] Name or service not known)"))
2026-02-12 10:27:44.698 | DEBUG    | aivc_trade.ops.persistence:save:29 - State saved → data/position_state.json
2026-02-12 10:33:03.059 | ERROR    | __main__:main:159 - Data fetch error for BTCUSDC: HTTPSConnectionPool(host='api.binance.com', port=443): Max retries exceeded with url: /api/v3/klines?symbol=BTCUSDC&interval=1h&limit=250 (Caused by NameResolutionError("HTTPSConnection(host='api.binance.com', port=443): Failed to resolve 'api.binance.com' ([Errno -2] Name or service not known)"))
2026-02-12 10:33:03.060 | ERROR    | aivc_trade.strategy.risk:record_api_error:67 - API error streak = 51 → HALT
2026-02-12 10:33:03.060 | DEBUG    | aivc_trade.ops.notifier:send:26 - Notification (disabled): 🚨 Error | API error streak for BTCUSDC: HTTPSConnectionPool(host='api.binance.com', port=443): Max retries exceeded with url: /api/v3/klines?symbol=BTCUSDC&interval=1h&limit=250 (Caused by NameResolutionError("HTTPSConnection(host='api.binance.com', port=443): Failed to resolve 'api.binance.com' ([Errno -2] Name or service not known)"))
2026-02-12 10:33:03.061 | ERROR    | __main__:main:159 - Data fetch error for ETHUSDC: HTTPSConnectionPool(host='api.binance.com', port=443): Max retries exceeded with url: /api/v3/klines?symbol=ETHUSDC&interval=1h&limit=250 (Caused by NameResolutionError("HTTPSConnection(host='api.binance.com', port=443): Failed to resolve 'api.binance.com' ([Errno -2] Name or service not known)"))
2026-02-12 10:33:03.061 | ERROR    | aivc_trade.strategy.risk:record_api_error:67 - API error streak = 52 → HALT
2026-02-12 10:33:03.061 | DEBUG    | aivc_trade.ops.notifier:send:26 - Notification (disabled): 🚨 Error | API error streak for ETHUSDC: HTTPSConnectionPool(host='api.binance.com', port=443): Max retries exceeded with url: /api/v3/klines?symbol=ETHUSDC&interval=1h&limit=250 (Caused by NameResolutionError("HTTPSConnection(host='api.binance.com', port=443): Failed to resolve 'api.binance.com' ([Errno -2] Name or service not known)"))
2026-02-12 10:33:03.066 | DEBUG    | aivc_trade.ops.persistence:save:29 - State saved → data/position_state.json
2026-02-12 10:38:21.494 | ERROR    | __main__:main:159 - Data fetch error for BTCUSDC: HTTPSConnectionPool(host='api.binance.com', port=443): Max retries exceeded with url: /api/v3/klines?symbol=BTCUSDC&interval=1h&limit=250 (Caused by NameResolutionError("HTTPSConnection(host='api.binance.com', port=443): Failed to resolve 'api.binance.com' ([Errno -2] Name or service not known)"))
2026-02-12 10:38:21.494 | ERROR    | aivc_trade.strategy.risk:record_api_error:67 - API error streak = 53 → HALT
2026-02-12 10:38:21.494 | DEBUG    | aivc_trade.ops.notifier:send:26 - Notification (disabled): 🚨 Error | API error streak for BTCUSDC: HTTPSConnectionPool(host='api.binance.com', port=443): Max retries exceeded with url: /api/v3/klines?symbol=BTCUSDC&interval=1h&limit=250 (Caused by NameResolutionError("HTTPSConnection(host='api.binance.com', port=443): Failed to resolve 'api.binance.com' ([Errno -2] Name or service not known)"))
2026-02-12 10:38:21.495 | ERROR    | __main__:main:159 - Data fetch error for ETHUSDC: HTTPSConnectionPool(host='api.binance.com', port=443): Max retries exceeded with url: /api/v3/klines?symbol=ETHUSDC&interval=1h&limit=250 (Caused by NameResolutionError("HTTPSConnection(host='api.binance.com', port=443): Failed to resolve 'api.binance.com' ([Errno -2] Name or service not known)"))
2026-02-12 10:38:21.495 | ERROR    | aivc_trade.strategy.risk:record_api_error:67 - API error streak = 54 → HALT
2026-02-12 10:38:21.495 | DEBUG    | aivc_trade.ops.notifier:send:26 - Notification (disabled): 🚨 Error | API error streak for ETHUSDC: HTTPSConnectionPool(host='api.binance.com', port=443): Max retries exceeded with url: /api/v3/klines?symbol=ETHUSDC&interval=1h&limit=250 (Caused by NameResolutionError("HTTPSConnection(host='api.binance.com', port=443): Failed to resolve 'api.binance.com' ([Errno -2] Name or service not known)"))
2026-02-12 10:38:21.500 | DEBUG    | aivc_trade.ops.persistence:save:29 - State saved → data/position_state.json
2026-02-12 10:43:39.927 | ERROR    | __main__:main:159 - Data fetch error for BTCUSDC: HTTPSConnectionPool(host='api.binance.com', port=443): Max retries exceeded with url: /api/v3/klines?symbol=BTCUSDC&interval=1h&limit=250 (Caused by NameResolutionError("HTTPSConnection(host='api.binance.com', port=443): Failed to resolve 'api.binance.com' ([Errno -2] Name or service not known)"))
2026-02-12 10:43:39.928 | ERROR    | aivc_trade.strategy.risk:record_api_error:67 - API error streak = 55 → HALT
2026-02-12 10:43:39.928 | DEBUG    | aivc_trade.ops.notifier:send:26 - Notification (disabled): 🚨 Error | API error streak for BTCUSDC: HTTPSConnectionPool(host='api.binance.com', port=443): Max retries exceeded with url: /api/v3/klines?symbol=BTCUSDC&interval=1h&limit=250 (Caused by NameResolutionError("HTTPSConnection(host='api.binance.com', port=443): Failed to resolve 'api.binance.com' ([Errno -2] Name or service not known)"))
2026-02-12 10:43:39.929 | ERROR    | __main__:main:159 - Data fetch error for ETHUSDC: HTTPSConnectionPool(host='api.binance.com', port=443): Max retries exceeded with url: /api/v3/klines?symbol=ETHUSDC&interval=1h&limit=250 (Caused by NameResolutionError("HTTPSConnection(host='api.binance.com', port=443): Failed to resolve 'api.binance.com' ([Errno -2] Name or service not known)"))
2026-02-12 10:43:39.929 | ERROR    | aivc_trade.strategy.risk:record_api_error:67 - API error streak = 56 → HALT
2026-02-12 10:43:39.929 | DEBUG    | aivc_trade.ops.notifier:send:26 - Notification (disabled): 🚨 Error | API error streak for ETHUSDC: HTTPSConnectionPool(host='api.binance.com', port=443): Max retries exceeded with url: /api/v3/klines?symbol=ETHUSDC&interval=1h&limit=250 (Caused by NameResolutionError("HTTPSConnection(host='api.binance.com', port=443): Failed to resolve 'api.binance.com' ([Errno -2] Name or service not known)"))
2026-02-12 10:43:39.934 | DEBUG    | aivc_trade.ops.persistence:save:29 - State saved → data/position_state.json
2026-02-12 10:48:58.428 | ERROR    | __main__:main:159 - Data fetch error for BTCUSDC: HTTPSConnectionPool(host='api.binance.com', port=443): Max retries exceeded with url: /api/v3/klines?symbol=BTCUSDC&interval=1h&limit=250 (Caused by NameResolutionError("HTTPSConnection(host='api.binance.com', port=443): Failed to resolve 'api.binance.com' ([Errno -2] Name or service not known)"))
2026-02-12 10:48:58.428 | ERROR    | aivc_trade.strategy.risk:record_api_error:67 - API error streak = 57 → HALT
2026-02-12 10:48:58.429 | DEBUG    | aivc_trade.ops.notifier:send:26 - Notification (disabled): 🚨 Error | API error streak for BTCUSDC: HTTPSConnectionPool(host='api.binance.com', port=443): Max retries exceeded with url: /api/v3/klines?symbol=BTCUSDC&interval=1h&limit=250 (Caused by NameResolutionError("HTTPSConnection(host='api.binance.com', port=443): Failed to resolve 'api.binance.com' ([Errno -2] Name or service not known)"))
2026-02-12 10:48:58.429 | ERROR    | __main__:main:159 - Data fetch error for ETHUSDC: HTTPSConnectionPool(host='api.binance.com', port=443): Max retries exceeded with url: /api/v3/klines?symbol=ETHUSDC&interval=1h&limit=250 (Caused by NameResolutionError("HTTPSConnection(host='api.binance.com', port=443): Failed to resolve 'api.binance.com' ([Errno -2] Name or service not known)"))
2026-02-12 10:48:58.430 | ERROR    | aivc_trade.strategy.risk:record_api_error:67 - API error streak = 58 → HALT
2026-02-12 10:48:58.430 | DEBUG    | aivc_trade.ops.notifier:send:26 - Notification (disabled): 🚨 Error | API error streak for ETHUSDC: HTTPSConnectionPool(host='api.binance.com', port=443): Max retries exceeded with url: /api/v3/klines?symbol=ETHUSDC&interval=1h&limit=250 (Caused by NameResolutionError("HTTPSConnection(host='api.binance.com', port=443): Failed to resolve 'api.binance.com' ([Errno -2] Name or service not known)"))
2026-02-12 10:48:58.435 | DEBUG    | aivc_trade.ops.persistence:save:29 - State saved → data/position_state.json
2026-02-12 10:54:16.874 | ERROR    | __main__:main:159 - Data fetch error for BTCUSDC: HTTPSConnectionPool(host='api.binance.com', port=443): Max retries exceeded with url: /api/v3/klines?symbol=BTCUSDC&interval=1h&limit=250 (Caused by NameResolutionError("HTTPSConnection(host='api.binance.com', port=443): Failed to resolve 'api.binance.com' ([Errno -2] Name or service not known)"))
2026-02-12 10:54:16.875 | ERROR    | aivc_trade.strategy.risk:record_api_error:67 - API error streak = 59 → HALT
2026-02-12 10:54:16.875 | DEBUG    | aivc_trade.ops.notifier:send:26 - Notification (disabled): 🚨 Error | API error streak for BTCUSDC: HTTPSConnectionPool(host='api.binance.com', port=443): Max retries exceeded with url: /api/v3/klines?symbol=BTCUSDC&interval=1h&limit=250 (Caused by NameResolutionError("HTTPSConnection(host='api.binance.com', port=443): Failed to resolve 'api.binance.com' ([Errno -2] Name or service not known)"))
2026-02-12 10:54:16.876 | ERROR    | __main__:main:159 - Data fetch error for ETHUSDC: HTTPSConnectionPool(host='api.binance.com', port=443): Max retries exceeded with url: /api/v3/klines?symbol=ETHUSDC&interval=1h&limit=250 (Caused by NameResolutionError("HTTPSConnection(host='api.binance.com', port=443): Failed to resolve 'api.binance.com' ([Errno -2] Name or service not known)"))
2026-02-12 10:54:16.876 | ERROR    | aivc_trade.strategy.risk:record_api_error:67 - API error streak = 60 → HALT
2026-02-12 10:54:16.876 | DEBUG    | aivc_trade.ops.notifier:send:26 - Notification (disabled): 🚨 Error | API error streak for ETHUSDC: HTTPSConnectionPool(host='api.binance.com', port=443): Max retries exceeded with url: /api/v3/klines?symbol=ETHUSDC&interval=1h&limit=250 (Caused by NameResolutionError("HTTPSConnection(host='api.binance.com', port=443): Failed to resolve 'api.binance.com' ([Errno -2] Name or service not known)"))
2026-02-12 10:54:16.881 | DEBUG    | aivc_trade.ops.persistence:save:29 - State saved → data/position_state.json
2026-02-12 10:59:35.407 | ERROR    | __main__:main:159 - Data fetch error for BTCUSDC: HTTPSConnectionPool(host='api.binance.com', port=443): Max retries exceeded with url: /api/v3/klines?symbol=BTCUSDC&interval=1h&limit=250 (Caused by NameResolutionError("HTTPSConnection(host='api.binance.com', port=443): Failed to resolve 'api.binance.com' ([Errno -2] Name or service not known)"))
2026-02-12 10:59:35.407 | ERROR    | aivc_trade.strategy.risk:record_api_error:67 - API error streak = 61 → HALT
2026-02-12 10:59:35.407 | DEBUG    | aivc_trade.ops.notifier:send:26 - Notification (disabled): 🚨 Error | API error streak for BTCUSDC: HTTPSConnectionPool(host='api.binance.com', port=443): Max retries exceeded with url: /api/v3/klines?symbol=BTCUSDC&interval=1h&limit=250 (Caused by NameResolutionError("HTTPSConnection(host='api.binance.com', port=443): Failed to resolve 'api.binance.com' ([Errno -2] Name or service not known)"))
2026-02-12 10:59:35.408 | ERROR    | __main__:main:159 - Data fetch error for ETHUSDC: HTTPSConnectionPool(host='api.binance.com', port=443): Max retries exceeded with url: /api/v3/klines?symbol=ETHUSDC&interval=1h&limit=250 (Caused by NameResolutionError("HTTPSConnection(host='api.binance.com', port=443): Failed to resolve 'api.binance.com' ([Errno -2] Name or service not known)"))
2026-02-12 10:59:35.408 | ERROR    | aivc_trade.strategy.risk:record_api_error:67 - API error streak = 62 → HALT
2026-02-12 10:59:35.408 | DEBUG    | aivc_trade.ops.notifier:send:26 - Notification (disabled): 🚨 Error | API error streak for ETHUSDC: HTTPSConnectionPool(host='api.binance.com', port=443): Max retries exceeded with url: /api/v3/klines?symbol=ETHUSDC&interval=1h&limit=250 (Caused by NameResolutionError("HTTPSConnection(host='api.binance.com', port=443): Failed to resolve 'api.binance.com' ([Errno -2] Name or service not known)"))
2026-02-12 10:59:35.414 | DEBUG    | aivc_trade.ops.persistence:save:29 - State saved → data/position_state.json
2026-02-12 11:04:54.042 | ERROR    | __main__:main:159 - Data fetch error for BTCUSDC: HTTPSConnectionPool(host='api.binance.com', port=443): Max retries exceeded with url: /api/v3/klines?symbol=BTCUSDC&interval=1h&limit=250 (Caused by NameResolutionError("HTTPSConnection(host='api.binance.com', port=443): Failed to resolve 'api.binance.com' ([Errno -2] Name or service not known)"))
2026-02-12 11:04:54.042 | ERROR    | aivc_trade.strategy.risk:record_api_error:67 - API error streak = 63 → HALT
2026-02-12 11:04:54.043 | DEBUG    | aivc_trade.ops.notifier:send:26 - Notification (disabled): 🚨 Error | API error streak for BTCUSDC: HTTPSConnectionPool(host='api.binance.com', port=443): Max retries exceeded with url: /api/v3/klines?symbol=BTCUSDC&interval=1h&limit=250 (Caused by NameResolutionError("HTTPSConnection(host='api.binance.com', port=443): Failed to resolve 'api.binance.com' ([Errno -2] Name or service not known)"))
2026-02-12 11:04:54.043 | ERROR    | __main__:main:159 - Data fetch error for ETHUSDC: HTTPSConnectionPool(host='api.binance.com', port=443): Max retries exceeded with url: /api/v3/klines?symbol=ETHUSDC&interval=1h&limit=250 (Caused by NameResolutionError("HTTPSConnection(host='api.binance.com', port=443): Failed to resolve 'api.binance.com' ([Errno -2] Name or service not known)"))
2026-02-12 11:04:54.043 | ERROR    | aivc_trade.strategy.risk:record_api_error:67 - API error streak = 64 → HALT
2026-02-12 11:04:54.044 | DEBUG    | aivc_trade.ops.notifier:send:26 - Notification (disabled): 🚨 Error | API error streak for ETHUSDC: HTTPSConnectionPool(host='api.binance.com', port=443): Max retries exceeded with url: /api/v3/klines?symbol=ETHUSDC&interval=1h&limit=250 (Caused by NameResolutionError("HTTPSConnection(host='api.binance.com', port=443): Failed to resolve 'api.binance.com' ([Errno -2] Name or service not known)"))
2026-02-12 11:04:54.049 | DEBUG    | aivc_trade.ops.persistence:save:29 - State saved → data/position_state.json
2026-02-12 11:10:12.639 | ERROR    | __main__:main:159 - Data fetch error for BTCUSDC: HTTPSConnectionPool(host='api.binance.com', port=443): Max retries exceeded with url: /api/v3/klines?symbol=BTCUSDC&interval=1h&limit=250 (Caused by NameResolutionError("HTTPSConnection(host='api.binance.com', port=443): Failed to resolve 'api.binance.com' ([Errno -2] Name or service not known)"))
2026-02-12 11:10:12.639 | ERROR    | aivc_trade.strategy.risk:record_api_error:67 - API error streak = 65 → HALT
2026-02-12 11:10:12.639 | DEBUG    | aivc_trade.ops.notifier:send:26 - Notification (disabled): 🚨 Error | API error streak for BTCUSDC: HTTPSConnectionPool(host='api.binance.com', port=443): Max retries exceeded with url: /api/v3/klines?symbol=BTCUSDC&interval=1h&limit=250 (Caused by NameResolutionError("HTTPSConnection(host='api.binance.com', port=443): Failed to resolve 'api.binance.com' ([Errno -2] Name or service not known)"))
2026-02-12 11:10:12.640 | ERROR    | __main__:main:159 - Data fetch error for ETHUSDC: HTTPSConnectionPool(host='api.binance.com', port=443): Max retries exceeded with url: /api/v3/klines?symbol=ETHUSDC&interval=1h&limit=250 (Caused by NameResolutionError("HTTPSConnection(host='api.binance.com', port=443): Failed to resolve 'api.binance.com' ([Errno -2] Name or service not known)"))
2026-02-12 11:10:12.640 | ERROR    | aivc_trade.strategy.risk:record_api_error:67 - API error streak = 66 → HALT
2026-02-12 11:10:12.640 | DEBUG    | aivc_trade.ops.notifier:send:26 - Notification (disabled): 🚨 Error | API error streak for ETHUSDC: HTTPSConnectionPool(host='api.binance.com', port=443): Max retries exceeded with url: /api/v3/klines?symbol=ETHUSDC&interval=1h&limit=250 (Caused by NameResolutionError("HTTPSConnection(host='api.binance.com', port=443): Failed to resolve 'api.binance.com' ([Errno -2] Name or service not known)"))
2026-02-12 11:10:12.645 | DEBUG    | aivc_trade.ops.persistence:save:29 - State saved → data/position_state.json
2026-02-12 11:15:31.141 | ERROR    | __main__:main:159 - Data fetch error for BTCUSDC: HTTPSConnectionPool(host='api.binance.com', port=443): Max retries exceeded with url: /api/v3/klines?symbol=BTCUSDC&interval=1h&limit=250 (Caused by NameResolutionError("HTTPSConnection(host='api.binance.com', port=443): Failed to resolve 'api.binance.com' ([Errno -2] Name or service not known)"))
2026-02-12 11:15:31.141 | ERROR    | aivc_trade.strategy.risk:record_api_error:67 - API error streak = 67 → HALT
2026-02-12 11:15:31.141 | DEBUG    | aivc_trade.ops.notifier:send:26 - Notification (disabled): 🚨 Error | API error streak for BTCUSDC: HTTPSConnectionPool(host='api.binance.com', port=443): Max retries exceeded with url: /api/v3/klines?symbol=BTCUSDC&interval=1h&limit=250 (Caused by NameResolutionError("HTTPSConnection(host='api.binance.com', port=443): Failed to resolve 'api.binance.com' ([Errno -2] Name or service not known)"))
2026-02-12 11:15:31.142 | ERROR    | __main__:main:159 - Data fetch error for ETHUSDC: HTTPSConnectionPool(host='api.binance.com', port=443): Max retries exceeded with url: /api/v3/klines?symbol=ETHUSDC&interval=1h&limit=250 (Caused by NameResolutionError("HTTPSConnection(host='api.binance.com', port=443): Failed to resolve 'api.binance.com' ([Errno -2] Name or service not known)"))
2026-02-12 11:15:31.142 | ERROR    | aivc_trade.strategy.risk:record_api_error:67 - API error streak = 68 → HALT
2026-02-12 11:15:31.142 | DEBUG    | aivc_trade.ops.notifier:send:26 - Notification (disabled): 🚨 Error | API error streak for ETHUSDC: HTTPSConnectionPool(host='api.binance.com', port=443): Max retries exceeded with url: /api/v3/klines?symbol=ETHUSDC&interval=1h&limit=250 (Caused by NameResolutionError("HTTPSConnection(host='api.binance.com', port=443): Failed to resolve 'api.binance.com' ([Errno -2] Name or service not known)"))
2026-02-12 11:15:31.147 | DEBUG    | aivc_trade.ops.persistence:save:29 - State saved → data/position_state.json
2026-02-12 11:20:49.628 | ERROR    | __main__:main:159 - Data fetch error for BTCUSDC: HTTPSConnectionPool(host='api.binance.com', port=443): Max retries exceeded with url: /api/v3/klines?symbol=BTCUSDC&interval=1h&limit=250 (Caused by NameResolutionError("HTTPSConnection(host='api.binance.com', port=443): Failed to resolve 'api.binance.com' ([Errno -2] Name or service not known)"))
2026-02-12 11:20:49.628 | ERROR    | aivc_trade.strategy.risk:record_api_error:67 - API error streak = 69 → HALT
2026-02-12 11:20:49.629 | DEBUG    | aivc_trade.ops.notifier:send:26 - Notification (disabled): 🚨 Error | API error streak for BTCUSDC: HTTPSConnectionPool(host='api.binance.com', port=443): Max retries exceeded with url: /api/v3/klines?symbol=BTCUSDC&interval=1h&limit=250 (Caused by NameResolutionError("HTTPSConnection(host='api.binance.com', port=443): Failed to resolve 'api.binance.com' ([Errno -2] Name or service not known)"))
2026-02-12 11:20:49.629 | ERROR    | __main__:main:159 - Data fetch error for ETHUSDC: HTTPSConnectionPool(host='api.binance.com', port=443): Max retries exceeded with url: /api/v3/klines?symbol=ETHUSDC&interval=1h&limit=250 (Caused by NameResolutionError("HTTPSConnection(host='api.binance.com', port=443): Failed to resolve 'api.binance.com' ([Errno -2] Name or service not known)"))
2026-02-12 11:20:49.630 | ERROR    | aivc_trade.strategy.risk:record_api_error:67 - API error streak = 70 → HALT
2026-02-12 11:20:49.630 | DEBUG    | aivc_trade.ops.notifier:send:26 - Notification (disabled): 🚨 Error | API error streak for ETHUSDC: HTTPSConnectionPool(host='api.binance.com', port=443): Max retries exceeded with url: /api/v3/klines?symbol=ETHUSDC&interval=1h&limit=250 (Caused by NameResolutionError("HTTPSConnection(host='api.binance.com', port=443): Failed to resolve 'api.binance.com' ([Errno -2] Name or service not known)"))
2026-02-12 11:20:49.635 | DEBUG    | aivc_trade.ops.persistence:save:29 - State saved → data/position_state.json
2026-02-12 11:26:08.093 | ERROR    | __main__:main:159 - Data fetch error for BTCUSDC: HTTPSConnectionPool(host='api.binance.com', port=443): Max retries exceeded with url: /api/v3/klines?symbol=BTCUSDC&interval=1h&limit=250 (Caused by NameResolutionError("HTTPSConnection(host='api.binance.com', port=443): Failed to resolve 'api.binance.com' ([Errno -2] Name or service not known)"))
2026-02-12 11:26:08.093 | ERROR    | aivc_trade.strategy.risk:record_api_error:67 - API error streak = 71 → HALT
2026-02-12 11:26:08.094 | DEBUG    | aivc_trade.ops.notifier:send:26 - Notification (disabled): 🚨 Error | API error streak for BTCUSDC: HTTPSConnectionPool(host='api.binance.com', port=443): Max retries exceeded with url: /api/v3/klines?symbol=BTCUSDC&interval=1h&limit=250 (Caused by NameResolutionError("HTTPSConnection(host='api.binance.com', port=443): Failed to resolve 'api.binance.com' ([Errno -2] Name or service not known)"))
2026-02-12 11:26:08.094 | ERROR    | __main__:main:159 - Data fetch error for ETHUSDC: HTTPSConnectionPool(host='api.binance.com', port=443): Max retries exceeded with url: /api/v3/klines?symbol=ETHUSDC&interval=1h&limit=250 (Caused by NameResolutionError("HTTPSConnection(host='api.binance.com', port=443): Failed to resolve 'api.binance.com' ([Errno -2] Name or service not known)"))
2026-02-12 11:26:08.095 | ERROR    | aivc_trade.strategy.risk:record_api_error:67 - API error streak = 72 → HALT
2026-02-12 11:26:08.095 | DEBUG    | aivc_trade.ops.notifier:send:26 - Notification (disabled): 🚨 Error | API error streak for ETHUSDC: HTTPSConnectionPool(host='api.binance.com', port=443): Max retries exceeded with url: /api/v3/klines?symbol=ETHUSDC&interval=1h&limit=250 (Caused by NameResolutionError("HTTPSConnection(host='api.binance.com', port=443): Failed to resolve 'api.binance.com' ([Errno -2] Name or service not known)"))
2026-02-12 11:26:08.100 | DEBUG    | aivc_trade.ops.persistence:save:29 - State saved → data/position_state.json
2026-02-12 11:31:26.652 | ERROR    | __main__:main:159 - Data fetch error for BTCUSDC: HTTPSConnectionPool(host='api.binance.com', port=443): Max retries exceeded with url: /api/v3/klines?symbol=BTCUSDC&interval=1h&limit=250 (Caused by NameResolutionError("HTTPSConnection(host='api.binance.com', port=443): Failed to resolve 'api.binance.com' ([Errno -2] Name or service not known)"))
2026-02-12 11:31:26.652 | ERROR    | aivc_trade.strategy.risk:record_api_error:67 - API error streak = 73 → HALT
2026-02-12 11:31:26.652 | DEBUG    | aivc_trade.ops.notifier:send:26 - Notification (disabled): 🚨 Error | API error streak for BTCUSDC: HTTPSConnectionPool(host='api.binance.com', port=443): Max retries exceeded with url: /api/v3/klines?symbol=BTCUSDC&interval=1h&limit=250 (Caused by NameResolutionError("HTTPSConnection(host='api.binance.com', port=443): Failed to resolve 'api.binance.com' ([Errno -2] Name or service not known)"))
2026-02-12 11:31:26.653 | ERROR    | __main__:main:159 - Data fetch error for ETHUSDC: HTTPSConnectionPool(host='api.binance.com', port=443): Max retries exceeded with url: /api/v3/klines?symbol=ETHUSDC&interval=1h&limit=250 (Caused by NameResolutionError("HTTPSConnection(host='api.binance.com', port=443): Failed to resolve 'api.binance.com' ([Errno -2] Name or service not known)"))
2026-02-12 11:31:26.653 | ERROR    | aivc_trade.strategy.risk:record_api_error:67 - API error streak = 74 → HALT
2026-02-12 11:31:26.654 | DEBUG    | aivc_trade.ops.notifier:send:26 - Notification (disabled): 🚨 Error | API error streak for ETHUSDC: HTTPSConnectionPool(host='api.binance.com', port=443): Max retries exceeded with url: /api/v3/klines?symbol=ETHUSDC&interval=1h&limit=250 (Caused by NameResolutionError("HTTPSConnection(host='api.binance.com', port=443): Failed to resolve 'api.binance.com' ([Errno -2] Name or service not known)"))
2026-02-12 11:31:26.659 | DEBUG    | aivc_trade.ops.persistence:save:29 - State saved → data/position_state.json
2026-02-12 11:36:45.181 | ERROR    | __main__:main:159 - Data fetch error for BTCUSDC: HTTPSConnectionPool(host='api.binance.com', port=443): Max retries exceeded with url: /api/v3/klines?symbol=BTCUSDC&interval=1h&limit=250 (Caused by NameResolutionError("HTTPSConnection(host='api.binance.com', port=443): Failed to resolve 'api.binance.com' ([Errno -2] Name or service not known)"))
2026-02-12 11:36:45.181 | ERROR    | aivc_trade.strategy.risk:record_api_error:67 - API error streak = 75 → HALT
2026-02-12 11:36:45.182 | DEBUG    | aivc_trade.ops.notifier:send:26 - Notification (disabled): 🚨 Error | API error streak for BTCUSDC: HTTPSConnectionPool(host='api.binance.com', port=443): Max retries exceeded with url: /api/v3/klines?symbol=BTCUSDC&interval=1h&limit=250 (Caused by NameResolutionError("HTTPSConnection(host='api.binance.com', port=443): Failed to resolve 'api.binance.com' ([Errno -2] Name or service not known)"))
2026-02-12 11:36:45.182 | ERROR    | __main__:main:159 - Data fetch error for ETHUSDC: HTTPSConnectionPool(host='api.binance.com', port=443): Max retries exceeded with url: /api/v3/klines?symbol=ETHUSDC&interval=1h&limit=250 (Caused by NameResolutionError("HTTPSConnection(host='api.binance.com', port=443): Failed to resolve 'api.binance.com' ([Errno -2] Name or service not known)"))
2026-02-12 11:36:45.182 | ERROR    | aivc_trade.strategy.risk:record_api_error:67 - API error streak = 76 → HALT
2026-02-12 11:36:45.183 | DEBUG    | aivc_trade.ops.notifier:send:26 - Notification (disabled): 🚨 Error | API error streak for ETHUSDC: HTTPSConnectionPool(host='api.binance.com', port=443): Max retries exceeded with url: /api/v3/klines?symbol=ETHUSDC&interval=1h&limit=250 (Caused by NameResolutionError("HTTPSConnection(host='api.binance.com', port=443): Failed to resolve 'api.binance.com' ([Errno -2] Name or service not known)"))
2026-02-12 11:36:45.188 | DEBUG    | aivc_trade.ops.persistence:save:29 - State saved → data/position_state.json
2026-02-12 11:42:03.773 | ERROR    | __main__:main:159 - Data fetch error for BTCUSDC: HTTPSConnectionPool(host='api.binance.com', port=443): Max retries exceeded with url: /api/v3/klines?symbol=BTCUSDC&interval=1h&limit=250 (Caused by NameResolutionError("HTTPSConnection(host='api.binance.com', port=443): Failed to resolve 'api.binance.com' ([Errno -2] Name or service not known)"))
2026-02-12 11:42:03.773 | ERROR    | aivc_trade.strategy.risk:record_api_error:67 - API error streak = 77 → HALT
2026-02-12 11:42:03.774 | DEBUG    | aivc_trade.ops.notifier:send:26 - Notification (disabled): 🚨 Error | API error streak for BTCUSDC: HTTPSConnectionPool(host='api.binance.com', port=443): Max retries exceeded with url: /api/v3/klines?symbol=BTCUSDC&interval=1h&limit=250 (Caused by NameResolutionError("HTTPSConnection(host='api.binance.com', port=443): Failed to resolve 'api.binance.com' ([Errno -2] Name or service not known)"))
2026-02-12 11:42:03.774 | ERROR    | __main__:main:159 - Data fetch error for ETHUSDC: HTTPSConnectionPool(host='api.binance.com', port=443): Max retries exceeded with url: /api/v3/klines?symbol=ETHUSDC&interval=1h&limit=250 (Caused by NameResolutionError("HTTPSConnection(host='api.binance.com', port=443): Failed to resolve 'api.binance.com' ([Errno -2] Name or service not known)"))
2026-02-12 11:42:03.775 | ERROR    | aivc_trade.strategy.risk:record_api_error:67 - API error streak = 78 → HALT
2026-02-12 11:42:03.775 | DEBUG    | aivc_trade.ops.notifier:send:26 - Notification (disabled): 🚨 Error | API error streak for ETHUSDC: HTTPSConnectionPool(host='api.binance.com', port=443): Max retries exceeded with url: /api/v3/klines?symbol=ETHUSDC&interval=1h&limit=250 (Caused by NameResolutionError("HTTPSConnection(host='api.binance.com', port=443): Failed to resolve 'api.binance.com' ([Errno -2] Name or service not known)"))
2026-02-12 11:42:03.780 | DEBUG    | aivc_trade.ops.persistence:save:29 - State saved → data/position_state.json
2026-02-12 11:47:22.548 | ERROR    | __main__:main:159 - Data fetch error for BTCUSDC: HTTPSConnectionPool(host='api.binance.com', port=443): Max retries exceeded with url: /api/v3/klines?symbol=BTCUSDC&interval=1h&limit=250 (Caused by NameResolutionError("HTTPSConnection(host='api.binance.com', port=443): Failed to resolve 'api.binance.com' ([Errno -2] Name or service not known)"))
2026-02-12 11:47:22.548 | ERROR    | aivc_trade.strategy.risk:record_api_error:67 - API error streak = 79 → HALT
2026-02-12 11:47:22.549 | DEBUG    | aivc_trade.ops.notifier:send:26 - Notification (disabled): 🚨 Error | API error streak for BTCUSDC: HTTPSConnectionPool(host='api.binance.com', port=443): Max retries exceeded with url: /api/v3/klines?symbol=BTCUSDC&interval=1h&limit=250 (Caused by NameResolutionError("HTTPSConnection(host='api.binance.com', port=443): Failed to resolve 'api.binance.com' ([Errno -2] Name or service not known)"))
2026-02-12 11:47:22.549 | ERROR    | __main__:main:159 - Data fetch error for ETHUSDC: HTTPSConnectionPool(host='api.binance.com', port=443): Max retries exceeded with url: /api/v3/klines?symbol=ETHUSDC&interval=1h&limit=250 (Caused by NameResolutionError("HTTPSConnection(host='api.binance.com', port=443): Failed to resolve 'api.binance.com' ([Errno -2] Name or service not known)"))
2026-02-12 11:47:22.550 | ERROR    | aivc_trade.strategy.risk:record_api_error:67 - API error streak = 80 → HALT
2026-02-12 11:47:22.550 | DEBUG    | aivc_trade.ops.notifier:send:26 - Notification (disabled): 🚨 Error | API error streak for ETHUSDC: HTTPSConnectionPool(host='api.binance.com', port=443): Max retries exceeded with url: /api/v3/klines?symbol=ETHUSDC&interval=1h&limit=250 (Caused by NameResolutionError("HTTPSConnection(host='api.binance.com', port=443): Failed to resolve 'api.binance.com' ([Errno -2] Name or service not known)"))
2026-02-12 11:47:22.555 | DEBUG    | aivc_trade.ops.persistence:save:29 - State saved → data/position_state.json
2026-02-12 11:52:41.163 | ERROR    | __main__:main:159 - Data fetch error for BTCUSDC: HTTPSConnectionPool(host='api.binance.com', port=443): Max retries exceeded with url: /api/v3/klines?symbol=BTCUSDC&interval=1h&limit=250 (Caused by NameResolutionError("HTTPSConnection(host='api.binance.com', port=443): Failed to resolve 'api.binance.com' ([Errno -2] Name or service not known)"))
2026-02-12 11:52:41.163 | ERROR    | aivc_trade.strategy.risk:record_api_error:67 - API error streak = 81 → HALT
2026-02-12 11:52:41.163 | DEBUG    | aivc_trade.ops.notifier:send:26 - Notification (disabled): 🚨 Error | API error streak for BTCUSDC: HTTPSConnectionPool(host='api.binance.com', port=443): Max retries exceeded with url: /api/v3/klines?symbol=BTCUSDC&interval=1h&limit=250 (Caused by NameResolutionError("HTTPSConnection(host='api.binance.com', port=443): Failed to resolve 'api.binance.com' ([Errno -2] Name or service not known)"))
2026-02-12 11:52:41.164 | ERROR    | __main__:main:159 - Data fetch error for ETHUSDC: HTTPSConnectionPool(host='api.binance.com', port=443): Max retries exceeded with url: /api/v3/klines?symbol=ETHUSDC&interval=1h&limit=250 (Caused by NameResolutionError("HTTPSConnection(host='api.binance.com', port=443): Failed to resolve 'api.binance.com' ([Errno -2] Name or service not known)"))
2026-02-12 11:52:41.164 | ERROR    | aivc_trade.strategy.risk:record_api_error:67 - API error streak = 82 → HALT
2026-02-12 11:52:41.164 | DEBUG    | aivc_trade.ops.notifier:send:26 - Notification (disabled): 🚨 Error | API error streak for ETHUSDC: HTTPSConnectionPool(host='api.binance.com', port=443): Max retries exceeded with url: /api/v3/klines?symbol=ETHUSDC&interval=1h&limit=250 (Caused by NameResolutionError("HTTPSConnection(host='api.binance.com', port=443): Failed to resolve 'api.binance.com' ([Errno -2] Name or service not known)"))
2026-02-12 11:52:41.169 | DEBUG    | aivc_trade.ops.persistence:save:29 - State saved → data/position_state.json
2026-02-12 11:57:59.839 | ERROR    | __main__:main:159 - Data fetch error for BTCUSDC: HTTPSConnectionPool(host='api.binance.com', port=443): Max retries exceeded with url: /api/v3/klines?symbol=BTCUSDC&interval=1h&limit=250 (Caused by NameResolutionError("HTTPSConnection(host='api.binance.com', port=443): Failed to resolve 'api.binance.com' ([Errno -2] Name or service not known)"))
2026-02-12 11:57:59.839 | ERROR    | aivc_trade.strategy.risk:record_api_error:67 - API error streak = 83 → HALT
2026-02-12 11:57:59.839 | DEBUG    | aivc_trade.ops.notifier:send:26 - Notification (disabled): 🚨 Error | API error streak for BTCUSDC: HTTPSConnectionPool(host='api.binance.com', port=443): Max retries exceeded with url: /api/v3/klines?symbol=BTCUSDC&interval=1h&limit=250 (Caused by NameResolutionError("HTTPSConnection(host='api.binance.com', port=443): Failed to resolve 'api.binance.com' ([Errno -2] Name or service not known)"))
2026-02-12 11:57:59.840 | ERROR    | __main__:main:159 - Data fetch error for ETHUSDC: HTTPSConnectionPool(host='api.binance.com', port=443): Max retries exceeded with url: /api/v3/klines?symbol=ETHUSDC&interval=1h&limit=250 (Caused by NameResolutionError("HTTPSConnection(host='api.binance.com', port=443): Failed to resolve 'api.binance.com' ([Errno -2] Name or service not known)"))
2026-02-12 11:57:59.840 | ERROR    | aivc_trade.strategy.risk:record_api_error:67 - API error streak = 84 → HALT
2026-02-12 11:57:59.840 | DEBUG    | aivc_trade.ops.notifier:send:26 - Notification (disabled): 🚨 Error | API error streak for ETHUSDC: HTTPSConnectionPool(host='api.binance.com', port=443): Max retries exceeded with url: /api/v3/klines?symbol=ETHUSDC&interval=1h&limit=250 (Caused by NameResolutionError("HTTPSConnection(host='api.binance.com', port=443): Failed to resolve 'api.binance.com' ([Errno -2] Name or service not known)"))
2026-02-12 11:57:59.845 | DEBUG    | aivc_trade.ops.persistence:save:29 - State saved → data/position_state.json
2026-02-12 12:03:18.385 | ERROR    | __main__:main:159 - Data fetch error for BTCUSDC: HTTPSConnectionPool(host='api.binance.com', port=443): Max retries exceeded with url: /api/v3/klines?symbol=BTCUSDC&interval=1h&limit=250 (Caused by NameResolutionError("HTTPSConnection(host='api.binance.com', port=443): Failed to resolve 'api.binance.com' ([Errno -2] Name or service not known)"))
2026-02-12 12:03:18.385 | ERROR    | aivc_trade.strategy.risk:record_api_error:67 - API error streak = 85 → HALT
2026-02-12 12:03:18.385 | DEBUG    | aivc_trade.ops.notifier:send:26 - Notification (disabled): 🚨 Error | API error streak for BTCUSDC: HTTPSConnectionPool(host='api.binance.com', port=443): Max retries exceeded with url: /api/v3/klines?symbol=BTCUSDC&interval=1h&limit=250 (Caused by NameResolutionError("HTTPSConnection(host='api.binance.com', port=443): Failed to resolve 'api.binance.com' ([Errno -2] Name or service not known)"))
2026-02-12 12:03:18.386 | ERROR    | __main__:main:159 - Data fetch error for ETHUSDC: HTTPSConnectionPool(host='api.binance.com', port=443): Max retries exceeded with url: /api/v3/klines?symbol=ETHUSDC&interval=1h&limit=250 (Caused by NameResolutionError("HTTPSConnection(host='api.binance.com', port=443): Failed to resolve 'api.binance.com' ([Errno -2] Name or service not known)"))
2026-02-12 12:03:18.386 | ERROR    | aivc_trade.strategy.risk:record_api_error:67 - API error streak = 86 → HALT
2026-02-12 12:03:18.387 | DEBUG    | aivc_trade.ops.notifier:send:26 - Notification (disabled): 🚨 Error | API error streak for ETHUSDC: HTTPSConnectionPool(host='api.binance.com', port=443): Max retries exceeded with url: /api/v3/klines?symbol=ETHUSDC&interval=1h&limit=250 (Caused by NameResolutionError("HTTPSConnection(host='api.binance.com', port=443): Failed to resolve 'api.binance.com' ([Errno -2] Name or service not known)"))
2026-02-12 12:03:18.392 | DEBUG    | aivc_trade.ops.persistence:save:29 - State saved → data/position_state.json
2026-02-12 12:08:37.064 | ERROR    | __main__:main:159 - Data fetch error for BTCUSDC: HTTPSConnectionPool(host='api.binance.com', port=443): Max retries exceeded with url: /api/v3/klines?symbol=BTCUSDC&interval=1h&limit=250 (Caused by NameResolutionError("HTTPSConnection(host='api.binance.com', port=443): Failed to resolve 'api.binance.com' ([Errno -2] Name or service not known)"))
2026-02-12 12:08:37.065 | ERROR    | aivc_trade.strategy.risk:record_api_error:67 - API error streak = 87 → HALT
2026-02-12 12:08:37.065 | DEBUG    | aivc_trade.ops.notifier:send:26 - Notification (disabled): 🚨 Error | API error streak for BTCUSDC: HTTPSConnectionPool(host='api.binance.com', port=443): Max retries exceeded with url: /api/v3/klines?symbol=BTCUSDC&interval=1h&limit=250 (Caused by NameResolutionError("HTTPSConnection(host='api.binance.com', port=443): Failed to resolve 'api.binance.com' ([Errno -2] Name or service not known)"))
2026-02-12 12:08:37.065 | ERROR    | __main__:main:159 - Data fetch error for ETHUSDC: HTTPSConnectionPool(host='api.binance.com', port=443): Max retries exceeded with url: /api/v3/klines?symbol=ETHUSDC&interval=1h&limit=250 (Caused by NameResolutionError("HTTPSConnection(host='api.binance.com', port=443): Failed to resolve 'api.binance.com' ([Errno -2] Name or service not known)"))
2026-02-12 12:08:37.066 | ERROR    | aivc_trade.strategy.risk:record_api_error:67 - API error streak = 88 → HALT
2026-02-12 12:08:37.066 | DEBUG    | aivc_trade.ops.notifier:send:26 - Notification (disabled): 🚨 Error | API error streak for ETHUSDC: HTTPSConnectionPool(host='api.binance.com', port=443): Max retries exceeded with url: /api/v3/klines?symbol=ETHUSDC&interval=1h&limit=250 (Caused by NameResolutionError("HTTPSConnection(host='api.binance.com', port=443): Failed to resolve 'api.binance.com' ([Errno -2] Name or service not known)"))
2026-02-12 12:08:37.071 | DEBUG    | aivc_trade.ops.persistence:save:29 - State saved → data/position_state.json
2026-02-12 12:13:55.724 | ERROR    | __main__:main:159 - Data fetch error for BTCUSDC: HTTPSConnectionPool(host='api.binance.com', port=443): Max retries exceeded with url: /api/v3/klines?symbol=BTCUSDC&interval=1h&limit=250 (Caused by NameResolutionError("HTTPSConnection(host='api.binance.com', port=443): Failed to resolve 'api.binance.com' ([Errno -2] Name or service not known)"))
2026-02-12 12:13:55.724 | ERROR    | aivc_trade.strategy.risk:record_api_error:67 - API error streak = 89 → HALT
2026-02-12 12:13:55.725 | DEBUG    | aivc_trade.ops.notifier:send:26 - Notification (disabled): 🚨 Error | API error streak for BTCUSDC: HTTPSConnectionPool(host='api.binance.com', port=443): Max retries exceeded with url: /api/v3/klines?symbol=BTCUSDC&interval=1h&limit=250 (Caused by NameResolutionError("HTTPSConnection(host='api.binance.com', port=443): Failed to resolve 'api.binance.com' ([Errno -2] Name or service not known)"))
2026-02-12 12:13:55.725 | ERROR    | __main__:main:159 - Data fetch error for ETHUSDC: HTTPSConnectionPool(host='api.binance.com', port=443): Max retries exceeded with url: /api/v3/klines?symbol=ETHUSDC&interval=1h&limit=250 (Caused by NameResolutionError("HTTPSConnection(host='api.binance.com', port=443): Failed to resolve 'api.binance.com' ([Errno -2] Name or service not known)"))
2026-02-12 12:13:55.726 | ERROR    | aivc_trade.strategy.risk:record_api_error:67 - API error streak = 90 → HALT
2026-02-12 12:13:55.726 | DEBUG    | aivc_trade.ops.notifier:send:26 - Notification (disabled): 🚨 Error | API error streak for ETHUSDC: HTTPSConnectionPool(host='api.binance.com', port=443): Max retries exceeded with url: /api/v3/klines?symbol=ETHUSDC&interval=1h&limit=250 (Caused by NameResolutionError("HTTPSConnection(host='api.binance.com', port=443): Failed to resolve 'api.binance.com' ([Errno -2] Name or service not known)"))
2026-02-12 12:13:55.731 | DEBUG    | aivc_trade.ops.persistence:save:29 - State saved → data/position_state.json
2026-02-12 12:19:14.409 | ERROR    | __main__:main:159 - Data fetch error for BTCUSDC: HTTPSConnectionPool(host='api.binance.com', port=443): Max retries exceeded with url: /api/v3/klines?symbol=BTCUSDC&interval=1h&limit=250 (Caused by NameResolutionError("HTTPSConnection(host='api.binance.com', port=443): Failed to resolve 'api.binance.com' ([Errno -2] Name or service not known)"))
2026-02-12 12:19:14.410 | ERROR    | aivc_trade.strategy.risk:record_api_error:67 - API error streak = 91 → HALT
2026-02-12 12:19:14.410 | DEBUG    | aivc_trade.ops.notifier:send:26 - Notification (disabled): 🚨 Error | API error streak for BTCUSDC: HTTPSConnectionPool(host='api.binance.com', port=443): Max retries exceeded with url: /api/v3/klines?symbol=BTCUSDC&interval=1h&limit=250 (Caused by NameResolutionError("HTTPSConnection(host='api.binance.com', port=443): Failed to resolve 'api.binance.com' ([Errno -2] Name or service not known)"))
2026-02-12 12:19:14.411 | ERROR    | __main__:main:159 - Data fetch error for ETHUSDC: HTTPSConnectionPool(host='api.binance.com', port=443): Max retries exceeded with url: /api/v3/klines?symbol=ETHUSDC&interval=1h&limit=250 (Caused by NameResolutionError("HTTPSConnection(host='api.binance.com', port=443): Failed to resolve 'api.binance.com' ([Errno -2] Name or service not known)"))
2026-02-12 12:19:14.411 | ERROR    | aivc_trade.strategy.risk:record_api_error:67 - API error streak = 92 → HALT
2026-02-12 12:19:14.411 | DEBUG    | aivc_trade.ops.notifier:send:26 - Notification (disabled): 🚨 Error | API error streak for ETHUSDC: HTTPSConnectionPool(host='api.binance.com', port=443): Max retries exceeded with url: /api/v3/klines?symbol=ETHUSDC&interval=1h&limit=250 (Caused by NameResolutionError("HTTPSConnection(host='api.binance.com', port=443): Failed to resolve 'api.binance.com' ([Errno -2] Name or service not known)"))
2026-02-12 12:19:14.416 | DEBUG    | aivc_trade.ops.persistence:save:29 - State saved → data/position_state.json
2026-02-12 12:24:33.224 | ERROR    | __main__:main:159 - Data fetch error for BTCUSDC: HTTPSConnectionPool(host='api.binance.com', port=443): Max retries exceeded with url: /api/v3/klines?symbol=BTCUSDC&interval=1h&limit=250 (Caused by NameResolutionError("HTTPSConnection(host='api.binance.com', port=443): Failed to resolve 'api.binance.com' ([Errno -2] Name or service not known)"))
2026-02-12 12:24:33.225 | ERROR    | aivc_trade.strategy.risk:record_api_error:67 - API error streak = 93 → HALT
2026-02-12 12:24:33.225 | DEBUG    | aivc_trade.ops.notifier:send:26 - Notification (disabled): 🚨 Error | API error streak for BTCUSDC: HTTPSConnectionPool(host='api.binance.com', port=443): Max retries exceeded with url: /api/v3/klines?symbol=BTCUSDC&interval=1h&limit=250 (Caused by NameResolutionError("HTTPSConnection(host='api.binance.com', port=443): Failed to resolve 'api.binance.com' ([Errno -2] Name or service not known)"))
2026-02-12 12:24:33.225 | ERROR    | __main__:main:159 - Data fetch error for ETHUSDC: HTTPSConnectionPool(host='api.binance.com', port=443): Max retries exceeded with url: /api/v3/klines?symbol=ETHUSDC&interval=1h&limit=250 (Caused by NameResolutionError("HTTPSConnection(host='api.binance.com', port=443): Failed to resolve 'api.binance.com' ([Errno -2] Name or service not known)"))
2026-02-12 12:24:33.226 | ERROR    | aivc_trade.strategy.risk:record_api_error:67 - API error streak = 94 → HALT
2026-02-12 12:24:33.226 | DEBUG    | aivc_trade.ops.notifier:send:26 - Notification (disabled): 🚨 Error | API error streak for ETHUSDC: HTTPSConnectionPool(host='api.binance.com', port=443): Max retries exceeded with url: /api/v3/klines?symbol=ETHUSDC&interval=1h&limit=250 (Caused by NameResolutionError("HTTPSConnection(host='api.binance.com', port=443): Failed to resolve 'api.binance.com' ([Errno -2] Name or service not known)"))
2026-02-12 12:24:33.231 | DEBUG    | aivc_trade.ops.persistence:save:29 - State saved → data/position_state.json
2026-02-12 12:29:52.076 | ERROR    | __main__:main:159 - Data fetch error for BTCUSDC: HTTPSConnectionPool(host='api.binance.com', port=443): Max retries exceeded with url: /api/v3/klines?symbol=BTCUSDC&interval=1h&limit=250 (Caused by NameResolutionError("HTTPSConnection(host='api.binance.com', port=443): Failed to resolve 'api.binance.com' ([Errno -2] Name or service not known)"))
2026-02-12 12:29:52.076 | ERROR    | aivc_trade.strategy.risk:record_api_error:67 - API error streak = 95 → HALT
2026-02-12 12:29:52.077 | DEBUG    | aivc_trade.ops.notifier:send:26 - Notification (disabled): 🚨 Error | API error streak for BTCUSDC: HTTPSConnectionPool(host='api.binance.com', port=443): Max retries exceeded with url: /api/v3/klines?symbol=BTCUSDC&interval=1h&limit=250 (Caused by NameResolutionError("HTTPSConnection(host='api.binance.com', port=443): Failed to resolve 'api.binance.com' ([Errno -2] Name or service not known)"))
2026-02-12 12:29:52.077 | ERROR    | __main__:main:159 - Data fetch error for ETHUSDC: HTTPSConnectionPool(host='api.binance.com', port=443): Max retries exceeded with url: /api/v3/klines?symbol=ETHUSDC&interval=1h&limit=250 (Caused by NameResolutionError("HTTPSConnection(host='api.binance.com', port=443): Failed to resolve 'api.binance.com' ([Errno -2] Name or service not known)"))
2026-02-12 12:29:52.078 | ERROR    | aivc_trade.strategy.risk:record_api_error:67 - API error streak = 96 → HALT
2026-02-12 12:29:52.078 | DEBUG    | aivc_trade.ops.notifier:send:26 - Notification (disabled): 🚨 Error | API error streak for ETHUSDC: HTTPSConnectionPool(host='api.binance.com', port=443): Max retries exceeded with url: /api/v3/klines?symbol=ETHUSDC&interval=1h&limit=250 (Caused by NameResolutionError("HTTPSConnection(host='api.binance.com', port=443): Failed to resolve 'api.binance.com' ([Errno -2] Name or service not known)"))
2026-02-12 12:29:52.083 | DEBUG    | aivc_trade.ops.persistence:save:29 - State saved → data/position_state.json
2026-02-12 12:35:10.877 | ERROR    | __main__:main:159 - Data fetch error for BTCUSDC: HTTPSConnectionPool(host='api.binance.com', port=443): Max retries exceeded with url: /api/v3/klines?symbol=BTCUSDC&interval=1h&limit=250 (Caused by NameResolutionError("HTTPSConnection(host='api.binance.com', port=443): Failed to resolve 'api.binance.com' ([Errno -2] Name or service not known)"))
2026-02-12 12:35:10.877 | ERROR    | aivc_trade.strategy.risk:record_api_error:67 - API error streak = 97 → HALT
2026-02-12 12:35:10.878 | DEBUG    | aivc_trade.ops.notifier:send:26 - Notification (disabled): 🚨 Error | API error streak for BTCUSDC: HTTPSConnectionPool(host='api.binance.com', port=443): Max retries exceeded with url: /api/v3/klines?symbol=BTCUSDC&interval=1h&limit=250 (Caused by NameResolutionError("HTTPSConnection(host='api.binance.com', port=443): Failed to resolve 'api.binance.com' ([Errno -2] Name or service not known)"))
2026-02-12 12:35:10.878 | ERROR    | __main__:main:159 - Data fetch error for ETHUSDC: HTTPSConnectionPool(host='api.binance.com', port=443): Max retries exceeded with url: /api/v3/klines?symbol=ETHUSDC&interval=1h&limit=250 (Caused by NameResolutionError("HTTPSConnection(host='api.binance.com', port=443): Failed to resolve 'api.binance.com' ([Errno -2] Name or service not known)"))
2026-02-12 12:35:10.878 | ERROR    | aivc_trade.strategy.risk:record_api_error:67 - API error streak = 98 → HALT
2026-02-12 12:35:10.879 | DEBUG    | aivc_trade.ops.notifier:send:26 - Notification (disabled): 🚨 Error | API error streak for ETHUSDC: HTTPSConnectionPool(host='api.binance.com', port=443): Max retries exceeded with url: /api/v3/klines?symbol=ETHUSDC&interval=1h&limit=250 (Caused by NameResolutionError("HTTPSConnection(host='api.binance.com', port=443): Failed to resolve 'api.binance.com' ([Errno -2] Name or service not known)"))
2026-02-12 12:35:10.883 | DEBUG    | aivc_trade.ops.persistence:save:29 - State saved → data/position_state.json
2026-02-12 12:40:29.641 | ERROR    | __main__:main:159 - Data fetch error for BTCUSDC: HTTPSConnectionPool(host='api.binance.com', port=443): Max retries exceeded with url: /api/v3/klines?symbol=BTCUSDC&interval=1h&limit=250 (Caused by NameResolutionError("HTTPSConnection(host='api.binance.com', port=443): Failed to resolve 'api.binance.com' ([Errno -2] Name or service not known)"))
2026-02-12 12:40:29.641 | ERROR    | aivc_trade.strategy.risk:record_api_error:67 - API error streak = 99 → HALT
2026-02-12 12:40:29.642 | DEBUG    | aivc_trade.ops.notifier:send:26 - Notification (disabled): 🚨 Error | API error streak for BTCUSDC: HTTPSConnectionPool(host='api.binance.com', port=443): Max retries exceeded with url: /api/v3/klines?symbol=BTCUSDC&interval=1h&limit=250 (Caused by NameResolutionError("HTTPSConnection(host='api.binance.com', port=443): Failed to resolve 'api.binance.com' ([Errno -2] Name or service not known)"))
2026-02-12 12:40:29.642 | ERROR    | __main__:main:159 - Data fetch error for ETHUSDC: HTTPSConnectionPool(host='api.binance.com', port=443): Max retries exceeded with url: /api/v3/klines?symbol=ETHUSDC&interval=1h&limit=250 (Caused by NameResolutionError("HTTPSConnection(host='api.binance.com', port=443): Failed to resolve 'api.binance.com' ([Errno -2] Name or service not known)"))
2026-02-12 12:40:29.643 | ERROR    | aivc_trade.strategy.risk:record_api_error:67 - API error streak = 100 → HALT
2026-02-12 12:40:29.643 | DEBUG    | aivc_trade.ops.notifier:send:26 - Notification (disabled): 🚨 Error | API error streak for ETHUSDC: HTTPSConnectionPool(host='api.binance.com', port=443): Max retries exceeded with url: /api/v3/klines?symbol=ETHUSDC&interval=1h&limit=250 (Caused by NameResolutionError("HTTPSConnection(host='api.binance.com', port=443): Failed to resolve 'api.binance.com' ([Errno -2] Name or service not known)"))
2026-02-12 12:40:29.648 | DEBUG    | aivc_trade.ops.persistence:save:29 - State saved → data/position_state.json
2026-02-12 12:45:48.263 | ERROR    | __main__:main:159 - Data fetch error for BTCUSDC: HTTPSConnectionPool(host='api.binance.com', port=443): Max retries exceeded with url: /api/v3/klines?symbol=BTCUSDC&interval=1h&limit=250 (Caused by NameResolutionError("HTTPSConnection(host='api.binance.com', port=443): Failed to resolve 'api.binance.com' ([Errno -2] Name or service not known)"))
2026-02-12 12:45:48.263 | ERROR    | aivc_trade.strategy.risk:record_api_error:67 - API error streak = 101 → HALT
2026-02-12 12:45:48.264 | DEBUG    | aivc_trade.ops.notifier:send:26 - Notification (disabled): 🚨 Error | API error streak for BTCUSDC: HTTPSConnectionPool(host='api.binance.com', port=443): Max retries exceeded with url: /api/v3/klines?symbol=BTCUSDC&interval=1h&limit=250 (Caused by NameResolutionError("HTTPSConnection(host='api.binance.com', port=443): Failed to resolve 'api.binance.com' ([Errno -2] Name or service not known)"))
2026-02-12 12:45:48.264 | ERROR    | __main__:main:159 - Data fetch error for ETHUSDC: HTTPSConnectionPool(host='api.binance.com', port=443): Max retries exceeded with url: /api/v3/klines?symbol=ETHUSDC&interval=1h&limit=250 (Caused by NameResolutionError("HTTPSConnection(host='api.binance.com', port=443): Failed to resolve 'api.binance.com' ([Errno -2] Name or service not known)"))
2026-02-12 12:45:48.264 | ERROR    | aivc_trade.strategy.risk:record_api_error:67 - API error streak = 102 → HALT
2026-02-12 12:45:48.265 | DEBUG    | aivc_trade.ops.notifier:send:26 - Notification (disabled): 🚨 Error | API error streak for ETHUSDC: HTTPSConnectionPool(host='api.binance.com', port=443): Max retries exceeded with url: /api/v3/klines?symbol=ETHUSDC&interval=1h&limit=250 (Caused by NameResolutionError("HTTPSConnection(host='api.binance.com', port=443): Failed to resolve 'api.binance.com' ([Errno -2] Name or service not known)"))
2026-02-12 12:45:48.269 | DEBUG    | aivc_trade.ops.persistence:save:29 - State saved → data/position_state.json
2026-02-12 12:51:07.008 | ERROR    | __main__:main:159 - Data fetch error for BTCUSDC: HTTPSConnectionPool(host='api.binance.com', port=443): Max retries exceeded with url: /api/v3/klines?symbol=BTCUSDC&interval=1h&limit=250 (Caused by NameResolutionError("HTTPSConnection(host='api.binance.com', port=443): Failed to resolve 'api.binance.com' ([Errno -2] Name or service not known)"))
2026-02-12 12:51:07.008 | ERROR    | aivc_trade.strategy.risk:record_api_error:67 - API error streak = 103 → HALT
2026-02-12 12:51:07.009 | DEBUG    | aivc_trade.ops.notifier:send:26 - Notification (disabled): 🚨 Error | API error streak for BTCUSDC: HTTPSConnectionPool(host='api.binance.com', port=443): Max retries exceeded with url: /api/v3/klines?symbol=BTCUSDC&interval=1h&limit=250 (Caused by NameResolutionError("HTTPSConnection(host='api.binance.com', port=443): Failed to resolve 'api.binance.com' ([Errno -2] Name or service not known)"))
2026-02-12 12:51:07.009 | ERROR    | __main__:main:159 - Data fetch error for ETHUSDC: HTTPSConnectionPool(host='api.binance.com', port=443): Max retries exceeded with url: /api/v3/klines?symbol=ETHUSDC&interval=1h&limit=250 (Caused by NameResolutionError("HTTPSConnection(host='api.binance.com', port=443): Failed to resolve 'api.binance.com' ([Errno -2] Name or service not known)"))
2026-02-12 12:51:07.009 | ERROR    | aivc_trade.strategy.risk:record_api_error:67 - API error streak = 104 → HALT
2026-02-12 12:51:07.010 | DEBUG    | aivc_trade.ops.notifier:send:26 - Notification (disabled): 🚨 Error | API error streak for ETHUSDC: HTTPSConnectionPool(host='api.binance.com', port=443): Max retries exceeded with url: /api/v3/klines?symbol=ETHUSDC&interval=1h&limit=250 (Caused by NameResolutionError("HTTPSConnection(host='api.binance.com', port=443): Failed to resolve 'api.binance.com' ([Errno -2] Name or service not known)"))
2026-02-12 12:51:07.015 | DEBUG    | aivc_trade.ops.persistence:save:29 - State saved → data/position_state.json
2026-02-12 12:56:25.635 | ERROR    | __main__:main:159 - Data fetch error for BTCUSDC: HTTPSConnectionPool(host='api.binance.com', port=443): Max retries exceeded with url: /api/v3/klines?symbol=BTCUSDC&interval=1h&limit=250 (Caused by NameResolutionError("HTTPSConnection(host='api.binance.com', port=443): Failed to resolve 'api.binance.com' ([Errno -2] Name or service not known)"))
2026-02-12 12:56:25.635 | ERROR    | aivc_trade.strategy.risk:record_api_error:67 - API error streak = 105 → HALT
2026-02-12 12:56:25.635 | DEBUG    | aivc_trade.ops.notifier:send:26 - Notification (disabled): 🚨 Error | API error streak for BTCUSDC: HTTPSConnectionPool(host='api.binance.com', port=443): Max retries exceeded with url: /api/v3/klines?symbol=BTCUSDC&interval=1h&limit=250 (Caused by NameResolutionError("HTTPSConnection(host='api.binance.com', port=443): Failed to resolve 'api.binance.com' ([Errno -2] Name or service not known)"))
2026-02-12 12:56:25.636 | ERROR    | __main__:main:159 - Data fetch error for ETHUSDC: HTTPSConnectionPool(host='api.binance.com', port=443): Max retries exceeded with url: /api/v3/klines?symbol=ETHUSDC&interval=1h&limit=250 (Caused by NameResolutionError("HTTPSConnection(host='api.binance.com', port=443): Failed to resolve 'api.binance.com' ([Errno -2] Name or service not known)"))
2026-02-12 12:56:25.636 | ERROR    | aivc_trade.strategy.risk:record_api_error:67 - API error streak = 106 → HALT
2026-02-12 12:56:25.637 | DEBUG    | aivc_trade.ops.notifier:send:26 - Notification (disabled): 🚨 Error | API error streak for ETHUSDC: HTTPSConnectionPool(host='api.binance.com', port=443): Max retries exceeded with url: /api/v3/klines?symbol=ETHUSDC&interval=1h&limit=250 (Caused by NameResolutionError("HTTPSConnection(host='api.binance.com', port=443): Failed to resolve 'api.binance.com' ([Errno -2] Name or service not known)"))
2026-02-12 12:56:25.642 | DEBUG    | aivc_trade.ops.persistence:save:29 - State saved → data/position_state.json
2026-02-12 13:01:45.214 | ERROR    | __main__:main:159 - Data fetch error for BTCUSDC: HTTPSConnectionPool(host='api.binance.com', port=443): Max retries exceeded with url: /api/v3/klines?symbol=BTCUSDC&interval=1h&limit=250 (Caused by NameResolutionError("HTTPSConnection(host='api.binance.com', port=443): Failed to resolve 'api.binance.com' ([Errno -2] Name or service not known)"))
2026-02-12 13:01:45.214 | ERROR    | aivc_trade.strategy.risk:record_api_error:67 - API error streak = 107 → HALT
2026-02-12 13:01:45.214 | DEBUG    | aivc_trade.ops.notifier:send:26 - Notification (disabled): 🚨 Error | API error streak for BTCUSDC: HTTPSConnectionPool(host='api.binance.com', port=443): Max retries exceeded with url: /api/v3/klines?symbol=BTCUSDC&interval=1h&limit=250 (Caused by NameResolutionError("HTTPSConnection(host='api.binance.com', port=443): Failed to resolve 'api.binance.com' ([Errno -2] Name or service not known)"))
2026-02-12 13:01:45.215 | ERROR    | __main__:main:159 - Data fetch error for ETHUSDC: HTTPSConnectionPool(host='api.binance.com', port=443): Max retries exceeded with url: /api/v3/klines?symbol=ETHUSDC&interval=1h&limit=250 (Caused by NameResolutionError("HTTPSConnection(host='api.binance.com', port=443): Failed to resolve 'api.binance.com' ([Errno -2] Name or service not known)"))
2026-02-12 13:01:45.215 | ERROR    | aivc_trade.strategy.risk:record_api_error:67 - API error streak = 108 → HALT
2026-02-12 13:01:45.215 | DEBUG    | aivc_trade.ops.notifier:send:26 - Notification (disabled): 🚨 Error | API error streak for ETHUSDC: HTTPSConnectionPool(host='api.binance.com', port=443): Max retries exceeded with url: /api/v3/klines?symbol=ETHUSDC&interval=1h&limit=250 (Caused by NameResolutionError("HTTPSConnection(host='api.binance.com', port=443): Failed to resolve 'api.binance.com' ([Errno -2] Name or service not known)"))
2026-02-12 13:01:45.220 | DEBUG    | aivc_trade.ops.persistence:save:29 - State saved → data/position_state.json
2026-02-12 13:07:04.062 | ERROR    | __main__:main:159 - Data fetch error for BTCUSDC: HTTPSConnectionPool(host='api.binance.com', port=443): Max retries exceeded with url: /api/v3/klines?symbol=BTCUSDC&interval=1h&limit=250 (Caused by NameResolutionError("HTTPSConnection(host='api.binance.com', port=443): Failed to resolve 'api.binance.com' ([Errno -2] Name or service not known)"))
2026-02-12 13:07:04.063 | ERROR    | aivc_trade.strategy.risk:record_api_error:67 - API error streak = 109 → HALT
2026-02-12 13:07:04.063 | DEBUG    | aivc_trade.ops.notifier:send:26 - Notification (disabled): 🚨 Error | API error streak for BTCUSDC: HTTPSConnectionPool(host='api.binance.com', port=443): Max retries exceeded with url: /api/v3/klines?symbol=BTCUSDC&interval=1h&limit=250 (Caused by NameResolutionError("HTTPSConnection(host='api.binance.com', port=443): Failed to resolve 'api.binance.com' ([Errno -2] Name or service not known)"))
2026-02-12 13:07:04.064 | ERROR    | __main__:main:159 - Data fetch error for ETHUSDC: HTTPSConnectionPool(host='api.binance.com', port=443): Max retries exceeded with url: /api/v3/klines?symbol=ETHUSDC&interval=1h&limit=250 (Caused by NameResolutionError("HTTPSConnection(host='api.binance.com', port=443): Failed to resolve 'api.binance.com' ([Errno -2] Name or service not known)"))
2026-02-12 13:07:04.064 | ERROR    | aivc_trade.strategy.risk:record_api_error:67 - API error streak = 110 → HALT
2026-02-12 13:07:04.064 | DEBUG    | aivc_trade.ops.notifier:send:26 - Notification (disabled): 🚨 Error | API error streak for ETHUSDC: HTTPSConnectionPool(host='api.binance.com', port=443): Max retries exceeded with url: /api/v3/klines?symbol=ETHUSDC&interval=1h&limit=250 (Caused by NameResolutionError("HTTPSConnection(host='api.binance.com', port=443): Failed to resolve 'api.binance.com' ([Errno -2] Name or service not known)"))
2026-02-12 13:07:04.069 | DEBUG    | aivc_trade.ops.persistence:save:29 - State saved → data/position_state.json
2026-02-12 13:12:22.944 | ERROR    | __main__:main:159 - Data fetch error for BTCUSDC: HTTPSConnectionPool(host='api.binance.com', port=443): Max retries exceeded with url: /api/v3/klines?symbol=BTCUSDC&interval=1h&limit=250 (Caused by NameResolutionError("HTTPSConnection(host='api.binance.com', port=443): Failed to resolve 'api.binance.com' ([Errno -2] Name or service not known)"))
2026-02-12 13:12:22.945 | ERROR    | aivc_trade.strategy.risk:record_api_error:67 - API error streak = 111 → HALT
2026-02-12 13:12:22.945 | DEBUG    | aivc_trade.ops.notifier:send:26 - Notification (disabled): 🚨 Error | API error streak for BTCUSDC: HTTPSConnectionPool(host='api.binance.com', port=443): Max retries exceeded with url: /api/v3/klines?symbol=BTCUSDC&interval=1h&limit=250 (Caused by NameResolutionError("HTTPSConnection(host='api.binance.com', port=443): Failed to resolve 'api.binance.com' ([Errno -2] Name or service not known)"))
2026-02-12 13:12:22.946 | ERROR    | __main__:main:159 - Data fetch error for ETHUSDC: HTTPSConnectionPool(host='api.binance.com', port=443): Max retries exceeded with url: /api/v3/klines?symbol=ETHUSDC&interval=1h&limit=250 (Caused by NameResolutionError("HTTPSConnection(host='api.binance.com', port=443): Failed to resolve 'api.binance.com' ([Errno -2] Name or service not known)"))
2026-02-12 13:12:22.946 | ERROR    | aivc_trade.strategy.risk:record_api_error:67 - API error streak = 112 → HALT
2026-02-12 13:12:22.946 | DEBUG    | aivc_trade.ops.notifier:send:26 - Notification (disabled): 🚨 Error | API error streak for ETHUSDC: HTTPSConnectionPool(host='api.binance.com', port=443): Max retries exceeded with url: /api/v3/klines?symbol=ETHUSDC&interval=1h&limit=250 (Caused by NameResolutionError("HTTPSConnection(host='api.binance.com', port=443): Failed to resolve 'api.binance.com' ([Errno -2] Name or service not known)"))
2026-02-12 13:12:22.951 | DEBUG    | aivc_trade.ops.persistence:save:29 - State saved → data/position_state.json
2026-02-12 13:17:42.920 | ERROR    | __main__:main:159 - Data fetch error for BTCUSDC: HTTPSConnectionPool(host='api.binance.com', port=443): Max retries exceeded with url: /api/v3/klines?symbol=BTCUSDC&interval=1h&limit=250 (Caused by NameResolutionError("HTTPSConnection(host='api.binance.com', port=443): Failed to resolve 'api.binance.com' ([Errno -2] Name or service not known)"))
2026-02-12 13:17:42.920 | ERROR    | aivc_trade.strategy.risk:record_api_error:67 - API error streak = 113 → HALT
2026-02-12 13:17:42.920 | DEBUG    | aivc_trade.ops.notifier:send:26 - Notification (disabled): 🚨 Error | API error streak for BTCUSDC: HTTPSConnectionPool(host='api.binance.com', port=443): Max retries exceeded with url: /api/v3/klines?symbol=BTCUSDC&interval=1h&limit=250 (Caused by NameResolutionError("HTTPSConnection(host='api.binance.com', port=443): Failed to resolve 'api.binance.com' ([Errno -2] Name or service not known)"))
2026-02-12 13:17:42.921 | ERROR    | __main__:main:159 - Data fetch error for ETHUSDC: HTTPSConnectionPool(host='api.binance.com', port=443): Max retries exceeded with url: /api/v3/klines?symbol=ETHUSDC&interval=1h&limit=250 (Caused by NameResolutionError("HTTPSConnection(host='api.binance.com', port=443): Failed to resolve 'api.binance.com' ([Errno -2] Name or service not known)"))
2026-02-12 13:17:42.921 | ERROR    | aivc_trade.strategy.risk:record_api_error:67 - API error streak = 114 → HALT
2026-02-12 13:17:42.921 | DEBUG    | aivc_trade.ops.notifier:send:26 - Notification (disabled): 🚨 Error | API error streak for ETHUSDC: HTTPSConnectionPool(host='api.binance.com', port=443): Max retries exceeded with url: /api/v3/klines?symbol=ETHUSDC&interval=1h&limit=250 (Caused by NameResolutionError("HTTPSConnection(host='api.binance.com', port=443): Failed to resolve 'api.binance.com' ([Errno -2] Name or service not known)"))
2026-02-12 13:17:42.926 | DEBUG    | aivc_trade.ops.persistence:save:29 - State saved → data/position_state.json
2026-02-12 13:23:01.763 | ERROR    | __main__:main:159 - Data fetch error for BTCUSDC: HTTPSConnectionPool(host='api.binance.com', port=443): Max retries exceeded with url: /api/v3/klines?symbol=BTCUSDC&interval=1h&limit=250 (Caused by NameResolutionError("HTTPSConnection(host='api.binance.com', port=443): Failed to resolve 'api.binance.com' ([Errno -2] Name or service not known)"))
2026-02-12 13:23:01.763 | ERROR    | aivc_trade.strategy.risk:record_api_error:67 - API error streak = 115 → HALT
2026-02-12 13:23:01.763 | DEBUG    | aivc_trade.ops.notifier:send:26 - Notification (disabled): 🚨 Error | API error streak for BTCUSDC: HTTPSConnectionPool(host='api.binance.com', port=443): Max retries exceeded with url: /api/v3/klines?symbol=BTCUSDC&interval=1h&limit=250 (Caused by NameResolutionError("HTTPSConnection(host='api.binance.com', port=443): Failed to resolve 'api.binance.com' ([Errno -2] Name or service not known)"))
2026-02-12 13:23:01.764 | ERROR    | __main__:main:159 - Data fetch error for ETHUSDC: HTTPSConnectionPool(host='api.binance.com', port=443): Max retries exceeded with url: /api/v3/klines?symbol=ETHUSDC&interval=1h&limit=250 (Caused by NameResolutionError("HTTPSConnection(host='api.binance.com', port=443): Failed to resolve 'api.binance.com' ([Errno -2] Name or service not known)"))
2026-02-12 13:23:01.764 | ERROR    | aivc_trade.strategy.risk:record_api_error:67 - API error streak = 116 → HALT
2026-02-12 13:23:01.764 | DEBUG    | aivc_trade.ops.notifier:send:26 - Notification (disabled): 🚨 Error | API error streak for ETHUSDC: HTTPSConnectionPool(host='api.binance.com', port=443): Max retries exceeded with url: /api/v3/klines?symbol=ETHUSDC&interval=1h&limit=250 (Caused by NameResolutionError("HTTPSConnection(host='api.binance.com', port=443): Failed to resolve 'api.binance.com' ([Errno -2] Name or service not known)"))
2026-02-12 13:23:01.769 | DEBUG    | aivc_trade.ops.persistence:save:29 - State saved → data/position_state.json
2026-02-12 13:28:20.607 | ERROR    | __main__:main:159 - Data fetch error for BTCUSDC: HTTPSConnectionPool(host='api.binance.com', port=443): Max retries exceeded with url: /api/v3/klines?symbol=BTCUSDC&interval=1h&limit=250 (Caused by NameResolutionError("HTTPSConnection(host='api.binance.com', port=443): Failed to resolve 'api.binance.com' ([Errno -2] Name or service not known)"))
2026-02-12 13:28:20.608 | ERROR    | aivc_trade.strategy.risk:record_api_error:67 - API error streak = 117 → HALT
2026-02-12 13:28:20.608 | DEBUG    | aivc_trade.ops.notifier:send:26 - Notification (disabled): 🚨 Error | API error streak for BTCUSDC: HTTPSConnectionPool(host='api.binance.com', port=443): Max retries exceeded with url: /api/v3/klines?symbol=BTCUSDC&interval=1h&limit=250 (Caused by NameResolutionError("HTTPSConnection(host='api.binance.com', port=443): Failed to resolve 'api.binance.com' ([Errno -2] Name or service not known)"))
2026-02-12 13:28:20.609 | ERROR    | __main__:main:159 - Data fetch error for ETHUSDC: HTTPSConnectionPool(host='api.binance.com', port=443): Max retries exceeded with url: /api/v3/klines?symbol=ETHUSDC&interval=1h&limit=250 (Caused by NameResolutionError("HTTPSConnection(host='api.binance.com', port=443): Failed to resolve 'api.binance.com' ([Errno -2] Name or service not known)"))
2026-02-12 13:28:20.609 | ERROR    | aivc_trade.strategy.risk:record_api_error:67 - API error streak = 118 → HALT
2026-02-12 13:28:20.609 | DEBUG    | aivc_trade.ops.notifier:send:26 - Notification (disabled): 🚨 Error | API error streak for ETHUSDC: HTTPSConnectionPool(host='api.binance.com', port=443): Max retries exceeded with url: /api/v3/klines?symbol=ETHUSDC&interval=1h&limit=250 (Caused by NameResolutionError("HTTPSConnection(host='api.binance.com', port=443): Failed to resolve 'api.binance.com' ([Errno -2] Name or service not known)"))
2026-02-12 13:28:20.615 | DEBUG    | aivc_trade.ops.persistence:save:29 - State saved → data/position_state.json
2026-02-12 13:33:39.418 | ERROR    | __main__:main:159 - Data fetch error for BTCUSDC: HTTPSConnectionPool(host='api.binance.com', port=443): Max retries exceeded with url: /api/v3/klines?symbol=BTCUSDC&interval=1h&limit=250 (Caused by NameResolutionError("HTTPSConnection(host='api.binance.com', port=443): Failed to resolve 'api.binance.com' ([Errno -2] Name or service not known)"))
2026-02-12 13:33:39.418 | ERROR    | aivc_trade.strategy.risk:record_api_error:67 - API error streak = 119 → HALT
2026-02-12 13:33:39.419 | DEBUG    | aivc_trade.ops.notifier:send:26 - Notification (disabled): 🚨 Error | API error streak for BTCUSDC: HTTPSConnectionPool(host='api.binance.com', port=443): Max retries exceeded with url: /api/v3/klines?symbol=BTCUSDC&interval=1h&limit=250 (Caused by NameResolutionError("HTTPSConnection(host='api.binance.com', port=443): Failed to resolve 'api.binance.com' ([Errno -2] Name or service not known)"))
2026-02-12 13:33:39.419 | ERROR    | __main__:main:159 - Data fetch error for ETHUSDC: HTTPSConnectionPool(host='api.binance.com', port=443): Max retries exceeded with url: /api/v3/klines?symbol=ETHUSDC&interval=1h&limit=250 (Caused by NameResolutionError("HTTPSConnection(host='api.binance.com', port=443): Failed to resolve 'api.binance.com' ([Errno -2] Name or service not known)"))
2026-02-12 13:33:39.420 | ERROR    | aivc_trade.strategy.risk:record_api_error:67 - API error streak = 120 → HALT
2026-02-12 13:33:39.420 | DEBUG    | aivc_trade.ops.notifier:send:26 - Notification (disabled): 🚨 Error | API error streak for ETHUSDC: HTTPSConnectionPool(host='api.binance.com', port=443): Max retries exceeded with url: /api/v3/klines?symbol=ETHUSDC&interval=1h&limit=250 (Caused by NameResolutionError("HTTPSConnection(host='api.binance.com', port=443): Failed to resolve 'api.binance.com' ([Errno -2] Name or service not known)"))
2026-02-12 13:33:39.425 | DEBUG    | aivc_trade.ops.persistence:save:29 - State saved → data/position_state.json
